-- phpMyAdmin SQL Dump
-- version 3.4.5
-- http://www.phpmyadmin.net
--
-- Host: localhost
-- Generation Time: Mar 25, 2012 at 07:44 PM
-- Server version: 5.5.16
-- PHP Version: 5.3.8

SET SQL_MODE="NO_AUTO_VALUE_ON_ZERO";
SET time_zone = "+00:00";


/*!40101 SET @OLD_CHARACTER_SET_CLIENT=@@CHARACTER_SET_CLIENT */;
/*!40101 SET @OLD_CHARACTER_SET_RESULTS=@@CHARACTER_SET_RESULTS */;
/*!40101 SET @OLD_COLLATION_CONNECTION=@@COLLATION_CONNECTION */;
/*!40101 SET NAMES utf8 */;

--
-- Database: `pasta`
--

-- --------------------------------------------------------

--
-- Table structure for table `completed_courses`
--

DROP TABLE IF EXISTS `completed_courses`;
CREATE TABLE IF NOT EXISTS `completed_courses` (
  `id` int(11) NOT NULL AUTO_INCREMENT,
  `student_id` int(11) NOT NULL,
  `course_id` int(11) NOT NULL,
  PRIMARY KEY (`id`)
) ENGINE=InnoDB  DEFAULT CHARSET=latin1 AUTO_INCREMENT=9 ;

--
-- Dumping data for table `completed_courses`
--

INSERT INTO `completed_courses` (`id`, `student_id`, `course_id`) VALUES
(1, 3, 2),
(2, 3, 4),
(3, 3, 5),
(4, 3, 7),
(5, 3, 9),
(6, 3, 10),
(7, 3, 11),
(8, 4, 3);

-- --------------------------------------------------------

--
-- Table structure for table `courses`
--

DROP TABLE IF EXISTS `courses`;
CREATE TABLE IF NOT EXISTS `courses` (
  `id` int(11) NOT NULL AUTO_INCREMENT,
  `code` varchar(6) NOT NULL,
  `number` int(11) NOT NULL,
  `credit` float DEFAULT NULL,
  `title` varchar(128) DEFAULT NULL,
  PRIMARY KEY (`id`)
) ENGINE=InnoDB  DEFAULT CHARSET=latin1 AUTO_INCREMENT=156 ;

--
-- Dumping data for table `courses`
--

INSERT INTO `courses` (`id`, `code`, `number`, `credit`, `title`) VALUES
(1, 'COMP', 108, 3, 'COMP INDUS EXPER REF LRNG I'),
(2, 'COMP', 201, 3, 'INTRODUCTION TO COMPUTING'),
(3, 'COMP', 208, 3, 'COMP INDUS EXPER REF LRNG II'),
(4, 'COMP', 218, 3, 'FUNDAMENTALS OF PROGRAMMING'),
(5, 'COMP', 228, 3, 'SYSTEM HARDWARE'),
(6, 'COMP', 233, 3, 'PROB. & STATS. FOR COMP. SC.'),
(7, 'COMP', 248, 3, 'OBJ-ORIENTED PROGRAMMING I'),
(8, 'COMP', 249, 3, 'OBJ-ORIENTED PROGRAMMING II'),
(9, 'COMP', 335, 3, 'INTRO/THEORETICAL COMP SCI'),
(10, 'COMP', 339, 3, 'COMBINATORICS'),
(11, 'COMP', 345, 3, 'ADVANCED PROGRAM DESIGN, C++'),
(12, 'COMP', 346, 4, 'OPERATING SYSTEMS'),
(13, 'COMP', 348, 3, 'PRIN./PROGRAMMING LANGUAGES'),
(14, 'COMP', 352, 3, 'DATA STRUCTURES + ALGORITHMS'),
(15, 'COMP', 108, 3, 'COMP INDUS EXPER REF LRNG I'),
(16, 'COMP', 201, 3, 'INTRODUCTION TO COMPUTING'),
(17, 'COMP', 208, 3, 'COMP INDUS EXPER REF LRNG II'),
(18, 'COMP', 218, 3, 'FUNDAMENTALS OF PROGRAMMING'),
(19, 'COMP', 228, 3, 'SYSTEM HARDWARE'),
(20, 'COMP', 233, 3, 'PROB. & STATS. FOR COMP. SC.'),
(21, 'COMP', 248, 3, 'OBJ-ORIENTED PROGRAMMING I'),
(22, 'COMP', 249, 3, 'OBJ-ORIENTED PROGRAMMING II'),
(23, 'COMP', 335, 3, 'INTRO/THEORETICAL COMP SCI'),
(24, 'COMP', 339, 3, 'COMBINATORICS'),
(25, 'COMP', 345, 3, 'ADVANCED PROGRAM DESIGN, C++'),
(26, 'COMP', 346, 4, 'OPERATING SYSTEMS'),
(27, 'COMP', 348, 3, 'PRIN./PROGRAMMING LANGUAGES'),
(28, 'COMP', 352, 3, 'DATA STRUCTURES + ALGORITHMS'),
(29, 'COMP', 353, 4, 'DATABASES'),
(30, 'COMP', 354, 4, 'SOFTWARE ENGINEERING I'),
(31, 'COMP', 361, 3, 'ELEMENTARY NUMERICAL METHODS'),
(32, 'COMP', 371, 4, 'COMPUTER GRAPHICS'),
(33, 'COMP', 376, 4, 'INTRO. TO GAME DEVELOPMENT'),
(34, 'COMP', 445, 4, 'DATA COMM + COMP NETWORKS'),
(35, 'COMP', 451, 4, 'DATABASE DESIGN'),
(36, 'COMP', 472, 4, 'ARTIFICIAL INTELLIGENCE'),
(37, 'COMP', 473, 4, 'PATTERN RECOGNITION'),
(38, 'COMP', 474, 4, 'INTELLIGENT SYSTEMS'),
(39, 'COMP', 478, 4, 'IMAGE PROCESSING'),
(40, 'COMP', 479, 4, 'INFO. RETRIEVAL & WEB SEARCH'),
(41, 'SOEN', 287, 3, 'WEB PROGRAMMING'),
(42, 'SOEN', 341, 3, 'SOFTWARE PROCESS'),
(43, 'SOEN', 342, 3, 'SW REQUIREMENTS + SPECS.'),
(44, 'SOEN', 343, 3, 'S.W. ARCHITECURE & DESIGN I'),
(45, 'SOEN', 384, 3, 'MGMT+QUALITY CTRL./SW DEV.'),
(46, 'SOEN', 422, 4, 'EMBEDDED SYSTEMS/SOFTWARE'),
(47, 'SOEN', 423, 4, 'DISTRIBUTED SYSTEMS'),
(48, 'CHEM', 221, 3, 'INTRO - ORGANIC CHEMISTRY I'),
(49, 'CHEM', 234, 3, 'PHYS.CHEM I:THERMODYNAMICS'),
(50, 'PHYS', 253, 3, 'ELECTRICITY & MAGNETISM I'),
(51, 'PHYS', 334, 3, 'THERMODYNAMICS'),
(52, 'LING', 222, 3, 'LANG & MIND: CHOMSKYAN PROG'),
(53, 'LING', 300, 3, 'SOCIOLINGUISTICS'),
(54, 'POLI', 202, 3, 'INTRO TO POLITICAL SCIENCE'),
(55, 'POLI', 213, 3, 'CONTEMP ISSUES GLOBAL POLI'),
(56, 'CLAS', 266, 3, 'INTRO CLASSICAL ARCHAEOLOGY'),
(57, 'COMS', 360, 3, 'MASS COMMUNICATION'),
(58, 'ENGL', 224, 3, 'THE CREATIVE PROCESS'),
(59, 'ENGL', 233, 3, 'CRITICAL READING'),
(60, 'HIST', 201, 3, 'INTRO:EUROPEAN HIST TO 1789'),
(61, 'HIST', 281, 3, 'FILM IN HISTORY'),
(62, 'COMP', 345, 3, 'ADVANCED PROGRAM DESIGN, C++'),
(63, 'COMP', 371, 4, 'COMPUTER GRAPHICS'),
(64, 'COMP', 376, 4, 'INTRO. TO GAME DEVELOPMENT'),
(65, 'COMP', 472, 4, 'ARTIFICIAL INTELLIGENCE'),
(66, 'COMP', 353, 4, 'DATABASES'),
(67, 'COMP', 445, 4, 'DATA COMM + COMP NETWORKS'),
(68, 'COMP', 479, 4, 'INFO. RETRIEVAL & WEB SEARCH'),
(69, 'COEN', 317, 4, 'MICROPROCESSOR SYSTEMS'),
(70, 'COEN', 320, 3, 'INTRO TO REAL-TIME SYSTEMS'),
(71, 'COMP', 345, 3, 'ADVANCED PROGRAM DESIGN, C++'),
(72, 'SOEN', 422, 4, 'EMBEDDED SYSTEMS/SOFTWARE'),
(73, 'SOEN', 423, 4, 'DISTRIBUTED SYSTEMS'),
(74, 'MECH', 480, 3, 'FLIGHT CONTROL SYSTEMS'),
(75, 'MECH', 482, 3, 'AVIONIC NAVIGATION SYSTEMS'),
(76, 'COMP', 451, 4, 'DATABASE DESIGN'),
(77, 'COMP', 473, 4, 'PATTERN RECOGNITION'),
(78, 'COMP', 474, 4, 'INTELLIGENT SYSTEMS'),
(79, 'COMP', 478, 4, 'IMAGE PROCESSING'),
(80, 'SOEN', 423, 4, 'DISTRIBUTED SYSTEMS'),
(81, 'COMP', 326, 3, 'COMPUTER ARCHITECTURE'),
(82, 'COMP', 367, 3, 'TECH./SYMBOLIC COMPUTATIONS'),
(83, 'COMP', 426, 4, 'MULTICORE PROGRAMMING'),
(84, 'COMP', 428, 4, 'PARALLEL PROGRAMMING'),
(85, 'COMP', 442, 4, 'COMPILER DESIGN'),
(86, 'COMP', 476, 4, 'ADVANCED GAME DEVELOPMENT'),
(87, 'COMP', 477, 4, 'ANIMATION FOR COMPUTER GAMES'),
(88, 'SOEN', 228, 4, 'SYSTEM HARDWARE'),
(89, 'SOEN', 331, 3, 'INTRO TO FML MTHDS FOR SOEN'),
(90, 'SOEN', 344, 3, 'S.W. ARCHITECURE & DESIGN II'),
(91, 'SOEN', 357, 3, 'USER INTERFACE DESIGN'),
(92, 'SOEN', 385, 3, 'CONTROL SYSTEMS+APPLICATIONS'),
(93, 'SOEN', 390, 3, 'SOFTWARE ENGR. TEAM PROJECT'),
(94, 'CHEM', 209, 3, 'DISCOVERING BIOTECHNOLOGY'),
(95, 'PHYS', 252, 3, 'OPTICS'),
(96, 'PHYS', 354, 3, 'ELECTRICITY & MAGNETISM II'),
(97, 'ENCS', 283, 3, 'INN.&CRITICL THKNG SCI&TECH'),
(98, 'HIST', 202, 3, 'INTRO:EUROPEAN 1789-PRESENT'),
(99, 'HIST', 205, 3, 'CANADA: POST-CONFEDERATION'),
(100, 'COMP', 476, 4, 'ADVANCED GAME DEVELOPMENT'),
(101, 'COMP', 477, 4, 'ANIMATION FOR COMPUTER GAMES'),
(102, 'COMP', 426, 4, 'MULTICORE PROGRAMMING'),
(103, 'COMP', 428, 4, 'PARALLEL PROGRAMMING'),
(104, 'COMP', 442, 4, 'COMPILER DESIGN'),
(105, 'MATH', 201, NULL, NULL),
(106, 'MATH', 203, NULL, NULL),
(107, 'MATH', 209, NULL, NULL),
(108, 'MATH', 204, NULL, NULL),
(109, 'MATH', 208, NULL, NULL),
(110, 'COMP', 232, NULL, NULL),
(111, 'MATH', 205, NULL, NULL),
(112, 'COEN', 231, NULL, NULL),
(113, 'COEN', 244, NULL, NULL),
(114, 'ENCS', 282, NULL, NULL),
(115, 'COEN', 352, NULL, NULL),
(116, 'comp', 371, NULL, NULL),
(117, 'ENGR', 371, NULL, NULL),
(118, 'COMP', 229, NULL, NULL),
(119, 'COEN', 311, NULL, NULL),
(120, 'SOEN', 337, NULL, NULL),
(121, 'CHEM', 205, NULL, NULL),
(122, 'PHYS', 204, NULL, NULL),
(123, 'PHYS', 205, NULL, NULL),
(124, 'MAST', 218, NULL, NULL),
(125, 'LINZ', 222, NULL, NULL),
(126, 'LING', 398, NULL, NULL),
(127, 'LINZ', 300, NULL, NULL),
(128, 'POLZ', 202, NULL, NULL),
(129, 'POLZ', 213, NULL, NULL),
(130, 'CLAZ', 266, NULL, NULL),
(131, 'COMZ', 360, NULL, NULL),
(132, 'ENGZ', 224, NULL, NULL),
(133, 'HISZ', 201, NULL, NULL),
(134, 'HISZ', 281, NULL, NULL),
(135, 'HIST', 298, NULL, NULL),
(136, 'HISZ', 298, NULL, NULL),
(137, 'COEN', 312, NULL, NULL),
(138, 'COMP', 327, NULL, NULL),
(139, 'COEN', 346, NULL, NULL),
(140, 'ENGR', 372, NULL, NULL),
(141, 'MECH', 371, NULL, NULL),
(142, 'ELEC', 370, NULL, NULL),
(143, 'MECH', 370, NULL, NULL),
(144, 'COMP', 238, NULL, NULL),
(145, 'MAST', 217, NULL, NULL),
(146, 'MAST', 234, NULL, NULL),
(147, 'ENGR', 391, NULL, NULL),
(148, 'ENGR', 213, NULL, NULL),
(149, 'ENGR', 233, NULL, NULL),
(150, 'CHEZ', 209, NULL, NULL),
(151, 'PHYS', 206, NULL, NULL),
(152, 'MAST', 219, NULL, NULL),
(153, 'HISZ', 202, NULL, NULL),
(154, 'HISZ', 205, NULL, NULL),
(155, 'SCPA', 205, NULL, NULL);

-- --------------------------------------------------------

--
-- Table structure for table `labs`
--

DROP TABLE IF EXISTS `labs`;
CREATE TABLE IF NOT EXISTS `labs` (
  `id` int(11) NOT NULL AUTO_INCREMENT,
  `section` varchar(4) NOT NULL,
  `tutorial_id` int(11) NOT NULL,
  `time_location_id` int(11) NOT NULL,
  PRIMARY KEY (`id`)
) ENGINE=InnoDB  DEFAULT CHARSET=latin1 AUTO_INCREMENT=9 ;

--
-- Dumping data for table `labs`
--

INSERT INTO `labs` (`id`, `section`, `tutorial_id`, `time_location_id`) VALUES
(1, 'AC', 1, 1),
(2, 'AC', 1, 1),
(3, 'JC', 2, 2),
(4, 'JC', 3, 3),
(5, 'WC', 4, 4),
(6, 'LC', 5, 5),
(7, 'MC', 6, 6),
(8, 'IC', 7, 7);

-- --------------------------------------------------------

--
-- Table structure for table `lectures`
--

DROP TABLE IF EXISTS `lectures`;
CREATE TABLE IF NOT EXISTS `lectures` (
  `id` int(11) NOT NULL AUTO_INCREMENT,
  `section` varchar(4) NOT NULL,
  `professor` varchar(255) NOT NULL,
  `season` int(11) NOT NULL,
  `course_id` int(11) NOT NULL,
  `time_location_id` int(11) NOT NULL,
  PRIMARY KEY (`id`)
) ENGINE=InnoDB  DEFAULT CHARSET=latin1 AUTO_INCREMENT=149 ;

--
-- Dumping data for table `lectures`
--

INSERT INTO `lectures` (`id`, `section`, `professor`, `season`, `course_id`, `time_location_id`) VALUES
(3, 'AA', 'AIMAN HANNA', 2, 2, 1),
(4, 'JJ', 'JOHN SMITH', 2, 3, 2),
(5, 'WW', 'JOHN LEE', 2, 4, 5),
(6, 'LL', 'JACKIE CHAN', 2, 5, 6),
(7, 'MM', 'LIONEL MESSI', 2, 6, 7),
(8, 'II', 'JOHN PEACH', 2, 7, 8),
(9, 'DD', 'T.B.A.', 2, 16, 8),
(10, 'F', 'T.B.A.', 2, 18, 10),
(11, 'U', 'T.B.A.', 2, 19, 13),
(12, 'Q', 'T.B.A.', 2, 20, 16),
(13, 'Q', 'T.B.A.', 2, 21, 19),
(14, 'R', 'T.B.A.', 2, 21, 23),
(15, 'EE', 'T.B.A.', 2, 21, 27),
(16, 'D', 'T.B.A.', 2, 22, 31),
(17, 'G', 'T.B.A.', 2, 23, 34),
(18, 'EE', 'T.B.A.', 2, 23, 37),
(19, 'F', 'T.B.A.', 2, 24, 40),
(20, 'D', 'T.B.A.', 2, 71, 42),
(21, 'N', 'T.B.A.', 2, 71, 45),
(22, 'DD', 'T.B.A.', 2, 26, 48),
(23, 'UU', 'T.B.A.', 2, 26, 51),
(24, 'U', 'T.B.A.', 2, 27, 54),
(25, 'DD', 'T.B.A.', 2, 27, 57),
(26, 'G', 'T.B.A.', 2, 28, 60),
(27, 'H', 'T.B.A.', 2, 28, 63),
(28, 'F', 'T.B.A.', 2, 66, 66),
(29, 'E', 'T.B.A.', 2, 30, 69),
(30, 'DD', 'T.B.A.', 2, 31, 72),
(31, 'UU', 'T.B.A.', 2, 63, 75),
(32, 'XX', 'T.B.A.', 2, 64, 76),
(33, 'D', 'T.B.A.', 2, 67, 77),
(34, 'NN', 'T.B.A.', 2, 76, 78),
(35, 'F', 'T.B.A.', 2, 65, 79),
(36, 'DD', 'T.B.A.', 2, 77, 80),
(37, 'DD', 'T.B.A.', 2, 78, 81),
(38, 'DD', 'T.B.A.', 2, 79, 82),
(39, 'D', 'T.B.A.', 2, 68, 83),
(40, 'Q', 'T.B.A.', 2, 41, 84),
(41, 'H', 'T.B.A.', 2, 42, 87),
(42, 'H', 'T.B.A.', 2, 43, 90),
(43, 'H', 'T.B.A.', 2, 44, 93),
(44, 'F', 'T.B.A.', 2, 45, 96),
(45, 'MM', 'T.B.A.', 2, 72, 99),
(46, 'H', 'T.B.A.', 2, 80, 101),
(47, '01', 'T.B.A.', 2, 48, 103),
(48, '51', 'T.B.A.', 2, 48, 104),
(49, '01', 'LAWRENCE, MARCUS      ', 2, 49, 105),
(50, '51', 'LAMOUREUX, GUILLAUME  ', 2, 49, 106),
(51, '01', 'SHIN, JOSEPH          ', 2, 50, 107),
(52, '01', 'KALMAN, LASZLO        ', 2, 51, 108),
(53, 'A', 'ISAC, DANIELA         ', 2, 52, 109),
(54, 'AA', 'TEFFETELLER, ANNETTE  ', 2, 53, 110),
(55, 'A', 'T.B.A.', 2, 55, 111),
(56, 'A', 'T.B.A.', 2, 56, 112),
(57, '51', 'T.B.A.', 2, 57, 113),
(58, 'A', 'T.B.A.', 2, 58, 114),
(59, 'B', 'T.B.A.', 2, 58, 115),
(60, 'C', 'T.B.A.', 2, 58, 116),
(61, 'X', 'MCCORMICK, TED        ', 2, 60, 117),
(62, 'Y', 'MCSHEFFREY, SHANNON   ', 2, 60, 118),
(63, 'XX', 'T.B.A.', 2, 60, 119),
(64, 'AA', 'BODE, FREDERICK       ', 2, 61, 120),
(65, 'D', 'T.B.A.', 2, 71, 121),
(66, 'N', 'T.B.A.', 2, 71, 124),
(67, 'UU', 'T.B.A.', 2, 63, 127),
(68, 'XX', 'T.B.A.', 2, 64, 128),
(69, 'F', 'T.B.A.', 2, 65, 129),
(70, 'F', 'T.B.A.', 2, 66, 130),
(71, 'D', 'T.B.A.', 2, 67, 133),
(72, 'D', 'T.B.A.', 2, 68, 134),
(73, 'U', 'T.B.A.', 2, 69, 135),
(74, 'S', 'T.B.A.', 2, 70, 136),
(75, 'D', 'T.B.A.', 2, 71, 139),
(76, 'N', 'T.B.A.', 2, 71, 142),
(77, 'MM', 'T.B.A.', 2, 72, 145),
(78, 'H', 'T.B.A.', 2, 80, 147),
(79, 'XX', 'T.B.A.', 2, 74, 149),
(80, 'M', 'T.B.A.', 2, 75, 150),
(81, 'NN', 'T.B.A.', 2, 76, 151),
(82, 'DD', 'T.B.A.', 2, 77, 152),
(83, 'DD', 'T.B.A.', 2, 78, 153),
(84, 'DD', 'T.B.A.', 2, 79, 154),
(85, 'H', 'T.B.A.', 2, 80, 155),
(86, 'W', 'T.B.A.', 4, 18, 157),
(87, 'DD', 'T.B.A.', 4, 19, 160),
(88, 'PP', 'T.B.A.', 4, 19, 164),
(89, 'N', 'T.B.A.', 4, 20, 168),
(90, 'DD', 'T.B.A.', 4, 20, 171),
(91, 'U', 'T.B.A.', 4, 21, 174),
(92, 'U', 'T.B.A.', 4, 22, 177),
(93, 'PP', 'T.B.A.', 4, 22, 180),
(94, 'SS', 'T.B.A.', 4, 22, 183),
(95, 'DD', 'T.B.A.', 4, 81, 186),
(96, 'N', 'T.B.A.', 4, 23, 189),
(97, 'NN', 'T.B.A.', 4, 26, 192),
(98, 'E', 'T.B.A.', 4, 27, 195),
(99, 'X', 'T.B.A.', 4, 28, 198),
(100, 'X', 'T.B.A.', 4, 66, 201),
(101, 'PP', 'T.B.A.', 4, 30, 204),
(102, 'A', 'T.B.A.', 4, 82, 207),
(103, 'WW', 'T.B.A.', 4, 63, 208),
(104, 'N', 'T.B.A.', 4, 102, 209),
(105, 'N', 'T.B.A.', 4, 103, 210),
(106, 'NN', 'T.B.A.', 4, 104, 213),
(107, 'W', 'T.B.A.', 4, 67, 214),
(108, 'NN', 'T.B.A.', 4, 65, 215),
(109, 'UU', 'T.B.A.', 4, 78, 216),
(110, 'N', 'T.B.A.', 4, 100, 217),
(111, 'N', 'T.B.A.', 4, 101, 218),
(112, 'H', 'T.B.A.', 4, 88, 219),
(113, 'S', 'T.B.A.', 4, 41, 222),
(114, 'U', 'T.B.A.', 4, 41, 225),
(115, 'U', 'T.B.A.', 4, 89, 229),
(116, 'S', 'T.B.A.', 4, 42, 231),
(117, 'S', 'T.B.A.', 4, 90, 234),
(118, 'S', 'T.B.A.', 4, 91, 237),
(119, 'S', 'T.B.A.', 4, 92, 240),
(120, 'S', 'T.B.A.', 4, 93, 244),
(121, 'AA', 'JOYCE, PAUL           ', 4, 94, 247),
(122, '02', 'T.B.A.', 4, 48, 248),
(123, '52', 'OH, JOHN              ', 4, 48, 249),
(124, '02', 'LAMOUREUX, GUILLAUME  ', 4, 49, 250),
(125, '01', 'ZAZUBOVITS, VALTER    ', 4, 95, 251),
(126, '01', 'SHIN, JOSEPH          ', 4, 96, 252),
(127, 'WW', 'T.B.A.', 4, 97, 253),
(128, 'B', 'REISS, CHARLES        ', 4, 52, 254),
(129, 'A', 'SCALA,FRANCESCA       ', 4, 54, 255),
(130, 'AA', 'T.B.A.', 4, 56, 256),
(131, '01', 'T.B.A.', 4, 57, 257),
(132, 'D', 'T.B.A.', 4, 58, 258),
(133, 'AA', 'T.B.A.', 4, 58, 259),
(134, 'X', 'BERGHOLZ, MAX         ', 4, 98, 260),
(135, 'Y', 'ROWLEY, ALISON        ', 4, 98, 261),
(136, 'XX', 'T.B.A.', 4, 98, 262),
(137, 'A', 'GOSSAGE, PETER        ', 4, 99, 263),
(138, 'AA', 'T.B.A.', 4, 99, 264),
(139, 'WW', 'T.B.A.', 4, 63, 265),
(140, 'NN', 'T.B.A.', 4, 65, 266),
(141, 'N', 'T.B.A.', 4, 100, 267),
(142, 'N', 'T.B.A.', 4, 101, 268),
(143, 'X', 'T.B.A.', 4, 66, 269),
(144, 'W', 'T.B.A.', 4, 67, 272),
(145, 'N', 'T.B.A.', 4, 102, 273),
(146, 'N', 'T.B.A.', 4, 103, 274),
(147, 'NN', 'T.B.A.', 4, 104, 277),
(148, 'UU', 'T.B.A.', 4, 78, 278);

-- --------------------------------------------------------

--
-- Table structure for table `logins`
--

DROP TABLE IF EXISTS `logins`;
CREATE TABLE IF NOT EXISTS `logins` (
  `id` int(11) unsigned NOT NULL AUTO_INCREMENT,
  `student_id` int(7) unsigned DEFAULT NULL,
  `password` char(40) DEFAULT NULL,
  `first_name` varchar(20) DEFAULT NULL,
  `last_name` varchar(20) DEFAULT NULL,
  `program` enum('soft_eng','mech_eng') DEFAULT 'soft_eng',
  PRIMARY KEY (`id`)
) ENGINE=InnoDB  DEFAULT CHARSET=latin1 AUTO_INCREMENT=9 ;

--
-- Dumping data for table `logins`
--

INSERT INTO `logins` (`id`, `student_id`, `password`, `first_name`, `last_name`, `program`) VALUES
(2, 5682061, '12345678', 'Charles', 'Yang', 'soft_eng'),
(3, 5682062, '7c222fb2927d828af22f592134e8932480637c0d', 'John', 'Doe', 'soft_eng'),
(4, 5682063, '7c222fb2927d828af22f592134e8932480637c0d', 'Charles', 'JuniorI', 'soft_eng'),
(5, 5682067, '7c222fb2927d828af22f592134e8932480637c0d', 'Charles Cho', 'Hello World', 'soft_eng'),
(6, 5682070, '7c222fb2927d828af22f592134e8932480637c0d', 'Charles Cho 54', 'Hello World', 'soft_eng'),
(7, 5682073, '7c222fb2927d828af22f592134e8932480637c0d', 'Jeremy', 'Lin', 'soft_eng'),
(8, 4758383, '7c222fb2927d828af22f592134e8932480637c0d', 'Eric', 'Chan', 'soft_eng');

-- --------------------------------------------------------

--
-- Table structure for table `prerequisites`
--

DROP TABLE IF EXISTS `prerequisites`;
CREATE TABLE IF NOT EXISTS `prerequisites` (
  `id` int(11) NOT NULL AUTO_INCREMENT,
  `course_id` int(11) NOT NULL,
  `required_course_id` int(11) NOT NULL,
  PRIMARY KEY (`id`)
) ENGINE=InnoDB  DEFAULT CHARSET=latin1 AUTO_INCREMENT=166 ;

--
-- Dumping data for table `prerequisites`
--

INSERT INTO `prerequisites` (`id`, `course_id`, `required_course_id`) VALUES
(1, 18, 105),
(2, 19, 21),
(3, 21, 108),
(4, 21, 109),
(5, 22, 110),
(6, 22, 21),
(7, 22, 106),
(8, 22, 107),
(9, 22, 108),
(10, 22, 109),
(11, 23, 110),
(12, 23, 22),
(13, 24, 110),
(14, 71, 28),
(15, 26, 19),
(16, 26, 88),
(17, 26, 28),
(18, 27, 22),
(19, 28, 110),
(20, 28, 22),
(21, 66, 28),
(22, 30, 28),
(23, 31, 110),
(24, 31, 22),
(25, 63, 71),
(26, 63, 113),
(27, 63, 28),
(28, 67, 26),
(29, 76, 66),
(30, 65, 28),
(31, 77, 28),
(32, 78, 28),
(33, 79, 28),
(34, 68, 20),
(35, 41, 21),
(36, 42, 28),
(37, 42, 114),
(38, 43, 42),
(39, 44, 42),
(40, 44, 43),
(41, 45, 114),
(42, 72, 26),
(43, 80, 26),
(44, 49, 121),
(45, 49, 106),
(46, 49, 111),
(47, 51, 122),
(48, 51, 124),
(49, 71, 28),
(50, 63, 71),
(51, 63, 113),
(52, 63, 28),
(53, 63, 115),
(54, 64, 116),
(55, 65, 28),
(56, 66, 28),
(57, 67, 26),
(58, 68, 20),
(59, 68, 117),
(60, 69, 119),
(61, 69, 19),
(62, 69, 88),
(63, 70, 26),
(64, 71, 28),
(65, 72, 26),
(66, 80, 26),
(67, 74, 92),
(68, 75, 92),
(69, 76, 66),
(70, 77, 28),
(71, 78, 28),
(72, 79, 28),
(73, 80, 26),
(74, 18, 105),
(75, 19, 21),
(76, 19, 106),
(77, 19, 107),
(78, 19, 108),
(79, 19, 109),
(80, 20, 110),
(81, 21, 108),
(82, 21, 109),
(83, 22, 110),
(84, 22, 21),
(85, 22, 106),
(86, 22, 107),
(87, 22, 108),
(88, 22, 109),
(89, 22, 111),
(90, 81, 26),
(91, 23, 110),
(92, 23, 112),
(93, 23, 22),
(94, 23, 113),
(95, 26, 19),
(96, 26, 88),
(97, 26, 28),
(98, 27, 22),
(99, 28, 110),
(100, 28, 22),
(101, 66, 28),
(102, 30, 28),
(103, 30, 114),
(104, 82, 21),
(105, 63, 71),
(106, 63, 113),
(107, 63, 28),
(108, 63, 115),
(109, 102, 26),
(110, 103, 26),
(111, 104, 118),
(112, 104, 119),
(113, 104, 23),
(114, 104, 28),
(115, 67, 26),
(116, 65, 28),
(117, 78, 28),
(118, 100, 31),
(119, 101, 31),
(120, 101, 147),
(121, 88, 106),
(122, 88, 107),
(123, 88, 108),
(124, 88, 109),
(125, 41, 21),
(126, 89, 110),
(127, 89, 22),
(128, 42, 118),
(129, 42, 119),
(130, 42, 28),
(131, 42, 114),
(132, 90, 44),
(133, 91, 43),
(134, 93, 90),
(135, 93, 91),
(136, 48, 121),
(137, 49, 121),
(138, 49, 122),
(139, 49, 106),
(140, 49, 111),
(141, 96, 50),
(142, 52, 125),
(143, 52, 126),
(144, 54, 128),
(145, 56, 130),
(146, 57, 131),
(147, 58, 132),
(148, 63, 71),
(149, 63, 113),
(150, 63, 28),
(151, 63, 115),
(152, 65, 28),
(153, 100, 31),
(154, 100, 147),
(155, 101, 31),
(156, 101, 147),
(157, 66, 28),
(158, 67, 26),
(159, 102, 26),
(160, 103, 26),
(161, 104, 118),
(162, 104, 119),
(163, 104, 23),
(164, 104, 28),
(165, 78, 28);

-- --------------------------------------------------------

--
-- Table structure for table `schedules`
--

DROP TABLE IF EXISTS `schedules`;
CREATE TABLE IF NOT EXISTS `schedules` (
  `id` int(11) NOT NULL AUTO_INCREMENT,
  `student_id` int(11) NOT NULL,
  `season` int(11) NOT NULL,
  `year` int(11) NOT NULL,
  `course_id` int(11) NOT NULL,
  `lecture_id` int(11) NOT NULL,
  `tutorial_id` int(11) NOT NULL,
  `lab_id` int(11) NOT NULL,
  PRIMARY KEY (`id`)
) ENGINE=InnoDB DEFAULT CHARSET=latin1 AUTO_INCREMENT=1 ;

-- --------------------------------------------------------

--
-- Table structure for table `time_locations`
--

DROP TABLE IF EXISTS `time_locations`;
CREATE TABLE IF NOT EXISTS `time_locations` (
  `id` int(11) NOT NULL AUTO_INCREMENT,
  `start_time` int(11) unsigned DEFAULT NULL,
  `end_time` int(11) unsigned DEFAULT NULL,
  `campus` varchar(6) DEFAULT NULL,
  `room` varchar(10) DEFAULT NULL,
  `day` set('M','T','W','J','F') DEFAULT NULL,
  PRIMARY KEY (`id`)
) ENGINE=InnoDB  DEFAULT CHARSET=latin1 AUTO_INCREMENT=279 ;

--
-- Dumping data for table `time_locations`
--

INSERT INTO `time_locations` (`id`, `start_time`, `end_time`, `campus`, `room`, `day`) VALUES
(1, 1345, 1430, 'SGW', 'H-400', 'M,W'),
(2, 845, 1015, 'sgw', 'H-626', 'T,J'),
(3, 845, 1015, 'sgw', 'H-626', 'T,J'),
(4, 915, 1145, 'SGW', 'MB-11.55', 'T,J'),
(5, 1215, 1330, 'sgw', 'H-110', 'M,T'),
(6, 1745, 2015, 'SGW', 'H-820', 'T,J'),
(7, 1545, 1700, 'SGW', 'EV-15.100', 'W,J'),
(8, 1745, 2015, 'SGW', 'MB-2.265', 'T'),
(9, 2030, 2120, 'SGW', 'MB-S2.135', 'T'),
(10, 1315, 1430, 'SGW', 'MB-S1.115', 'M,W'),
(11, 1445, 1535, 'SGW', 'MB-S1.255', 'W'),
(12, 1445, 1535, 'SGW', 'MB-S1.255', 'M'),
(13, 1315, 1430, 'SGW', 'H-439', 'M,W'),
(14, 1445, 1625, 'SGW', 'H-632', 'M'),
(15, 1445, 1625, 'SGW', 'H-609', 'W'),
(16, 1315, 1430, 'SGW', 'FG-B070', 'W,F'),
(17, 1015, 1155, 'SGW', 'H-615', 'T'),
(18, 1015, 1155, 'SGW', 'H-529', 'T'),
(19, 1315, 1430, 'SGW', 'FG-B030', 'M,W'),
(20, 1015, 1155, 'SGW', 'H-607', 'M'),
(21, 1015, 1155, 'SGW', 'H-631', 'W'),
(22, 845, 1025, 'SGW', 'H-633', 'F'),
(23, 845, 1000, 'SGW', 'H-605', 'M,W'),
(24, 845, 1025, 'SGW', 'H-632', 'F'),
(25, 1015, 1155, 'SGW', 'H-619', 'M'),
(26, 1015, 1155, 'SGW', 'H-619', 'W'),
(27, 1745, 2015, 'SGW', 'H-605', 'F'),
(28, 2030, 2210, 'SGW', 'H-632', 'F'),
(29, 2030, 2210, 'SGW', 'H-634', 'F'),
(30, 1745, 1925, 'SGW', 'H-427', 'M'),
(31, 1445, 1600, 'SGW', 'MB-3.210', 'M,W'),
(32, 1245, 1425, 'SGW', 'MB-2.265', 'M'),
(33, 1615, 1755, 'SGW', 'MB-2.285', 'W'),
(34, 1145, 1300, 'SGW', 'H-629', 'T,J'),
(35, 1315, 1405, 'SGW', 'H-523', 'T'),
(36, 1315, 1405, 'SGW', 'MB-2.285', 'J'),
(37, 1745, 2015, 'SGW', 'H-629', 'F'),
(38, 2030, 2120, 'SGW', 'H-537', 'T'),
(39, 2030, 2120, 'SGW', 'H-403', 'J'),
(40, 1015, 1130, 'SGW', 'H-540', 'M,W'),
(41, 1145, 1335, 'SGW', 'H-605', 'M'),
(42, 1315, 1430, 'SGW', 'H-565', 'M,W'),
(43, 1315, 1505, 'SGW', 'MB-3.255', 'F'),
(44, 1445, 1605, 'SGW', 'H-544', 'W'),
(45, 1615, 1730, 'SGW', 'H-603', 'M,W'),
(46, 1745, 1935, 'SGW', 'H-621', 'M'),
(47, 1745, 1935, 'SGW', 'H-627', 'M'),
(48, 1745, 2015, 'SGW', 'H-439', 'T'),
(49, 2030, 2120, 'SGW', 'H-632', 'T'),
(50, 2030, 2120, 'SGW', 'H-634', 'T'),
(51, 1745, 2015, 'SGW', 'H-613', 'J'),
(52, 2030, 2120, 'SGW', 'H-564', 'J'),
(53, 2030, 2120, 'SGW', 'H-603', 'J'),
(54, 845, 1000, 'SGW', 'H-561', 'M,W'),
(55, 1015, 1105, 'SGW', 'H-439', 'M'),
(56, 1015, 1105, 'SGW', 'H-400', 'M'),
(57, 1745, 2015, 'SGW', 'FG-C080', 'W'),
(58, 1445, 1535, 'SGW', 'MB-3.255', 'T'),
(59, 1445, 1535, 'SGW', 'MB-S2.455', 'J'),
(60, 1145, 1300, 'SGW', 'FG-B030', 'W,F'),
(61, 1445, 1535, 'SGW', 'H-529', 'F'),
(62, 1145, 1235, 'SGW', 'H-529', 'M'),
(63, 1315, 1430, 'SGW', 'H-403', 'W,F'),
(64, 1445, 1535, 'SGW', 'MB-2.265', 'T'),
(65, 1445, 1535, 'SGW', 'H-615', 'J'),
(66, 1445, 1730, 'SGW', 'H-403', 'W'),
(67, 915, 1005, 'SGW', 'MB-2.265', 'W'),
(68, 915, 1005, 'SGW', 'MB-2.255', 'F'),
(69, 1145, 1300, 'SGW', 'H-401', 'T,J'),
(70, 1315, 1405, 'SGW', 'H-609', 'T'),
(71, 1315, 1405, 'SGW', 'H-427', 'T'),
(72, 1745, 2015, 'SGW', 'H-539', 'F'),
(73, 2030, 2120, 'SGW', 'H-437', 'F'),
(74, 2030, 2120, 'SGW', 'H-529', 'F'),
(75, 1745, 2015, 'SGW', 'H-633', 'T'),
(76, 1745, 2015, 'SGW', 'H-629', 'J'),
(77, 1015, 1130, 'SGW', 'H-459', 'M,W'),
(78, 1745, 2015, 'SGW', 'H-529', 'T'),
(79, 1145, 1300, 'SGW', 'FG-B080', 'M,W'),
(80, 1745, 2015, 'SGW', 'H-523', 'J'),
(81, 1745, 2015, 'SGW', 'H-544', 'F'),
(82, 1745, 2015, 'SGW', 'H-562', 'F'),
(83, 1315, 1430, 'SGW', 'H-427', 'M,W'),
(84, 845, 1000, 'SGW', 'H-401', 'T,J'),
(85, 1015, 1155, 'SGW', 'H-400', 'T'),
(86, 1815, 1955, 'SGW', 'FG-C070', 'J'),
(87, 1015, 1130, 'SGW', 'H-501', 'W,F'),
(88, 1145, 1235, 'SGW', 'H-537', 'F'),
(89, 1245, 1335, 'SGW', 'H-437', 'F'),
(90, 1145, 1300, 'SGW', 'H-423', 'W,F'),
(91, 1545, 1635, 'SGW', 'H-621', 'F'),
(92, 1545, 1635, 'SGW', 'H-529', 'F'),
(93, 1315, 1430, 'SGW', 'MB-S2.115', 'W,F'),
(94, 1445, 1535, 'SGW', 'MB-S2.135', 'F'),
(95, 1445, 1535, 'SGW', 'MB-3.265', 'F'),
(96, 1015, 1130, 'SGW', 'H-509', 'W,F'),
(97, 915, 1005, 'SGW', 'H-615', 'F'),
(98, 915, 1005, 'SGW', 'H-400', 'F'),
(99, 1745, 2015, 'SGW', 'MB-2.265', 'W'),
(100, 2020, 2105, 'SGW', 'MB-1.301', 'W'),
(101, 1315, 1430, 'SGW', 'H-623', 'T,J'),
(102, 1445, 1535, 'SGW', 'H-403', 'T'),
(103, 1145, 1300, 'LOY', 'HC-112', 'W,F'),
(104, 1800, 2015, 'LOY', 'CC-321', 'J'),
(105, 845, 1000, 'LOY', 'CC-111', 'W,F'),
(106, 1800, 2015, 'LOY', 'CC-314', 'J'),
(107, 1315, 1430, 'LOY', 'CC-301', 'W,F'),
(108, 1445, 1600, 'LOY', 'CC-301', 'T,J'),
(109, 1145, 1300, 'SGW', 'H-415', 'T,J'),
(110, 1800, 2015, 'SGW', 'H-411', 'J'),
(111, 1445, 1715, 'SGW', 'H-507', 'W'),
(112, 1445, 1600, 'SGW', 'H-920', 'M,W'),
(113, 1800, 2045, 'LOY', 'CJ-1.114', 'W'),
(114, 1615, 1730, 'SGW', 'H-620', 'M,W'),
(115, 1445, 1600, 'SGW', 'H-561', 'T,J'),
(116, 1315, 1600, 'SGW', 'FG-B040', 'F'),
(117, 1015, 1130, 'SGW', 'H-415', 'M,W'),
(118, 1315, 1430, 'SGW', 'H-420', 'T,J'),
(119, 1800, 2015, 'SGW', 'H-920', 'J'),
(120, 1800, 2045, 'SGW', 'FG-B060', 'T'),
(121, 1315, 1430, 'SGW', 'H-565', 'M,W'),
(122, 1315, 1505, 'SGW', 'MB-3.255', 'F'),
(123, 1445, 1605, 'SGW', 'H-544', 'W'),
(124, 1615, 1730, 'SGW', 'H-603', 'M,W'),
(125, 1745, 1935, 'SGW', 'H-621', 'M'),
(126, 1745, 1935, 'SGW', 'H-627', 'M'),
(127, 1745, 2015, 'SGW', 'H-633', 'T'),
(128, 1745, 2015, 'SGW', 'H-629', 'J'),
(129, 1145, 1300, 'SGW', 'FG-B080', 'M,W'),
(130, 1445, 1730, 'SGW', 'H-403', 'W'),
(131, 915, 1005, 'SGW', 'MB-2.265', 'W'),
(132, 915, 1005, 'SGW', 'MB-2.255', 'F'),
(133, 1015, 1130, 'SGW', 'H-459', 'M,W'),
(134, 1315, 1430, 'SGW', 'H-427', 'M,W'),
(135, 1145, 1300, 'SGW', 'H-557', 'T,J'),
(136, 1615, 1730, 'SGW', 'H-420', 'M,W'),
(137, 1445, 1535, 'SGW', 'MB-S2.135', 'W'),
(138, 1015, 1105, 'SGW', 'H-529', 'J'),
(139, 1315, 1430, 'SGW', 'H-565', 'M,W'),
(140, 1315, 1505, 'SGW', 'MB-3.255', 'F'),
(141, 1445, 1605, 'SGW', 'H-544', 'W'),
(142, 1615, 1730, 'SGW', 'H-603', 'M,W'),
(143, 1745, 1935, 'SGW', 'H-621', 'M'),
(144, 1745, 1935, 'SGW', 'H-627', 'M'),
(145, 1745, 2015, 'SGW', 'MB-2.265', 'W'),
(146, 2020, 2105, 'SGW', 'MB-1.301', 'W'),
(147, 1315, 1430, 'SGW', 'H-623', 'T,J'),
(148, 1445, 1535, 'SGW', 'H-403', 'T'),
(149, 1745, 2015, 'SGW', 'H-521', 'J'),
(150, 1445, 1730, 'SGW', 'H-605', 'M'),
(151, 1745, 2015, 'SGW', 'H-529', 'T'),
(152, 1745, 2015, 'SGW', 'H-523', 'J'),
(153, 1745, 2015, 'SGW', 'H-544', 'F'),
(154, 1745, 2015, 'SGW', 'H-562', 'F'),
(155, 1315, 1430, 'SGW', 'H-623', 'T,J'),
(156, 1445, 1535, 'SGW', 'H-403', 'T'),
(157, 1315, 1430, 'SGW', 'MB-5.265', 'M,W'),
(158, 1445, 1535, 'SGW', 'MB-S2.105', 'W'),
(159, 1445, 1535, 'SGW', 'MB-3.255', 'M'),
(160, 1745, 2015, 'SGW', 'H-521', 'W'),
(161, 2030, 2210, 'SGW', 'H-632', 'W'),
(162, 2030, 2210, 'SGW', 'H-634', 'W'),
(163, 2030, 2210, 'SGW', 'H-634', 'M'),
(164, 1745, 2015, 'SGW', 'H-521', 'T'),
(165, 2030, 2210, 'SGW', 'H-633', 'T'),
(166, 2030, 2210, 'SGW', 'H-632', 'T'),
(167, 2030, 2210, 'SGW', 'H-634', 'T'),
(168, 1315, 1430, 'SGW', 'H-629', 'M,W'),
(169, 1445, 1635, 'SGW', 'H-625', 'M'),
(170, 1445, 1635, 'SGW', 'H-627', 'W'),
(171, 1745, 2015, 'SGW', 'H-459', 'M'),
(172, 1145, 1335, 'SGW', 'H-609', 'J'),
(173, 1145, 1335, 'SGW', 'H-529', 'T'),
(174, 1015, 1130, 'SGW', 'GN-M100', 'W,F'),
(175, 1145, 1325, 'SGW', 'H-540', 'F'),
(176, 1145, 1325, 'SGW', 'MB-S1.105', 'W'),
(177, 1015, 1130, 'SGW', 'H-423', 'W,F'),
(178, 1015, 1155, 'SGW', 'MB-S2.105', 'M'),
(179, 1145, 1325, 'SGW', 'H-529', 'W'),
(180, 1745, 2015, 'SGW', 'H-507', 'J'),
(181, 2030, 2210, 'SGW', 'H-507', 'J'),
(182, 1745, 1925, 'SGW', 'H-437', 'F'),
(183, 1745, 2015, 'SGW', 'H-631', 'F'),
(184, 1015, 1155, 'SGW', 'H-613', 'W'),
(185, 1145, 1325, 'SGW', 'MB-S2.445', 'M'),
(186, 1745, 2015, 'SGW', 'H-439', 'M'),
(187, 2030, 2120, 'SGW', 'H-632', 'M'),
(188, 2130, 2220, 'SGW', 'H-632', 'M'),
(189, 1145, 1300, 'SGW', 'H-540', 'T,J'),
(190, 1315, 1405, 'SGW', 'H-427', 'T'),
(191, 1315, 1405, 'SGW', 'H-441', 'J'),
(192, 1745, 2015, 'SGW', 'H-557', 'W'),
(193, 2030, 2120, 'SGW', 'H-557', 'W'),
(194, 2030, 2120, 'SGW', 'H-607', 'W'),
(195, 1445, 1600, 'SGW', 'H-629', 'M,W'),
(196, 1615, 1705, 'SGW', 'H-437', 'M'),
(197, 1615, 1705, 'SGW', 'H-540', 'W'),
(198, 1315, 1430, 'SGW', 'H-605', 'M,W'),
(199, 1615, 1705, 'SGW', 'MB-2.265', 'M'),
(200, 1615, 1705, 'SGW', 'MB-2.285', 'W'),
(201, 1315, 1430, 'SGW', 'H-603', 'M,W'),
(202, 1615, 1705, 'SGW', 'H-562', 'W'),
(203, 1615, 1705, 'SGW', 'H-544', 'W'),
(204, 1745, 2015, 'SGW', 'H-605', 'J'),
(205, 2030, 2120, 'SGW', 'H-603', 'J'),
(206, 2030, 2120, 'SGW', 'H-605', 'J'),
(207, 1145, 1300, 'SGW', 'FG-B080', 'T,J'),
(208, 1745, 2015, 'SGW', 'H-625', 'J'),
(209, 1445, 1730, 'SGW', 'MB-2.255', 'J'),
(210, 1145, 1300, 'SGW', 'H-439', 'T,J'),
(211, 1315, 1405, 'SGW', 'H-632', 'T'),
(212, 1315, 1405, 'SGW', 'H-562', 'J'),
(213, 1745, 2015, 'SGW', 'H-621', 'M'),
(214, 1315, 1430, 'SGW', 'H-501', 'M,W'),
(215, 1745, 2015, 'SGW', 'H-439', 'W'),
(216, 1745, 2015, 'SGW', 'H-621', 'W'),
(217, 1445, 1600, 'SGW', 'H-427', 'T,J'),
(218, 1315, 1430, 'SGW', 'H-562', 'M,W'),
(219, 1445, 1600, 'SGW', 'H-459', 'M,W'),
(220, 1615, 1755, 'SGW', 'H-427', 'W'),
(221, 1615, 1755, 'SGW', 'H-403', 'W'),
(222, 845, 1000, 'SGW', 'H-401', 'T,J'),
(223, 1015, 1155, 'SGW', 'H-623', 'T'),
(224, 1015, 1155, 'SGW', 'H-441', 'J'),
(225, 1445, 1600, 'SGW', 'H-509', 'T,J'),
(226, 1615, 1755, 'SGW', 'H-403', 'T'),
(227, 1615, 1755, 'SGW', 'H-401', 'J'),
(228, 1515, 1655, 'SGW', 'H-437', 'F'),
(229, 1615, 1730, 'SGW', 'H-544', 'T,J'),
(230, 1415, 1605, 'SGW', 'H-523', 'F'),
(231, 845, 1000, 'SGW', 'FG-B070', 'W,F'),
(232, 1215, 1305, 'SGW', 'H-627', 'F'),
(233, 1315, 1405, 'SGW', 'MB-2.265', 'F'),
(234, 1315, 1430, 'SGW', 'H-459', 'T,J'),
(235, 1445, 1535, 'SGW', 'H-523', 'J'),
(236, 1445, 1535, 'SGW', 'H-615', 'J'),
(237, 1015, 1130, 'SGW', 'H-633', 'W,F'),
(238, 1145, 1235, 'SGW', 'H-523', 'F'),
(239, 1145, 1235, 'SGW', 'H-441', 'F'),
(240, 1145, 1300, 'SGW', 'FG-B050', 'T,J'),
(241, 1045, 1135, 'SGW', 'FG-B055', 'T'),
(242, 1045, 1135, 'SGW', 'FG-C070', 'J'),
(243, 1045, 1135, 'SGW', 'H-400', 'M'),
(244, 1615, 1755, 'SGW', 'MB-3.430', 'M'),
(245, 1815, 1905, 'SGW', 'H-529', 'M'),
(246, 1815, 1905, 'SGW', 'H-400', 'M'),
(247, 1800, 2015, 'SGW', 'FG-C070', 'T'),
(248, 1015, 1130, 'LOY', 'CC-308', 'T,J'),
(249, 1800, 2015, 'LOY', 'CC-320', 'J'),
(250, 1015, 1130, 'LOY', 'CC-320', 'W,F'),
(251, 1015, 1130, 'LOY', 'CJ-1.129', 'T,J'),
(252, 1145, 1300, 'LOY', 'CJ-1.129', 'W,F'),
(253, 1745, 2015, 'SGW', 'EV-1.162', 'M'),
(254, 1315, 1430, 'SGW', 'H-507', 'T,J'),
(255, 1315, 1545, 'SGW', 'H-920', 'W'),
(256, 1800, 2015, 'SGW', 'H-620', 'T'),
(257, 1615, 1900, 'LOY', 'CJ-1.114', 'M'),
(258, 1315, 1430, 'SGW', 'H-561', 'T,J'),
(259, 2030, 2245, 'SGW', 'H-553', 'W'),
(260, 1315, 1430, 'SGW', 'H-520', 'M,W'),
(261, 1315, 1430, 'SGW', 'H-820', 'T,J'),
(262, 1800, 2015, 'SGW', 'H-820', 'J'),
(263, 845, 1000, 'SGW', 'H-620', 'T,J'),
(264, 1800, 2015, 'SGW', 'H-820', 'W'),
(265, 1745, 2015, 'SGW', 'H-625', 'J'),
(266, 1745, 2015, 'SGW', 'H-439', 'W'),
(267, 1445, 1600, 'SGW', 'H-427', 'T,J'),
(268, 1315, 1430, 'SGW', 'H-562', 'M,W'),
(269, 1315, 1430, 'SGW', 'H-603', 'M,W'),
(270, 1615, 1705, 'SGW', 'H-562', 'W'),
(271, 1615, 1705, 'SGW', 'H-544', 'W'),
(272, 1315, 1430, 'SGW', 'H-501', 'M,W'),
(273, 1445, 1730, 'SGW', 'MB-2.255', 'J'),
(274, 1145, 1300, 'SGW', 'H-439', 'T,J'),
(275, 1315, 1405, 'SGW', 'H-632', 'T'),
(276, 1315, 1405, 'SGW', 'H-562', 'J'),
(277, 1745, 2015, 'SGW', 'H-621', 'M'),
(278, 1745, 2015, 'SGW', 'H-621', 'W');

-- --------------------------------------------------------

--
-- Table structure for table `tutorials`
--

DROP TABLE IF EXISTS `tutorials`;
CREATE TABLE IF NOT EXISTS `tutorials` (
  `id` int(11) NOT NULL AUTO_INCREMENT,
  `section` varchar(4) NOT NULL,
  `lecture_id` int(11) NOT NULL,
  `time_location_id` int(11) NOT NULL,
  PRIMARY KEY (`id`)
) ENGINE=InnoDB  DEFAULT CHARSET=latin1 AUTO_INCREMENT=139 ;

--
-- Dumping data for table `tutorials`
--

INSERT INTO `tutorials` (`id`, `section`, `lecture_id`, `time_location_id`) VALUES
(1, 'AB', 3, 1),
(2, 'AB', 3, 1),
(3, 'JB', 4, 7),
(4, 'WB', 5, 6),
(5, 'LB', 6, 5),
(6, 'MB', 7, 4),
(7, 'IB', 8, 3),
(8, 'A', 9, 9),
(9, 'A', 10, 11),
(10, 'B', 10, 12),
(11, 'A', 11, 14),
(12, 'B', 11, 15),
(13, 'A', 12, 17),
(14, 'B', 12, 18),
(15, 'A', 13, 20),
(16, 'B', 13, 21),
(17, 'C', 13, 22),
(18, 'A', 14, 24),
(19, 'B', 14, 25),
(20, 'C', 14, 26),
(21, 'A', 15, 28),
(22, 'B', 15, 29),
(23, 'C', 15, 30),
(24, 'A', 16, 32),
(25, 'B', 16, 33),
(26, 'A', 17, 35),
(27, 'B', 17, 36),
(28, 'A', 18, 38),
(29, 'B', 18, 39),
(30, 'A', 19, 41),
(31, 'A', 20, 43),
(32, 'B', 20, 44),
(33, 'A', 21, 46),
(34, 'B', 21, 47),
(35, 'A', 22, 49),
(36, 'B', 22, 50),
(37, 'A', 23, 52),
(38, 'B', 23, 53),
(39, 'A', 24, 55),
(40, 'B', 24, 56),
(41, 'A', 25, 58),
(42, 'B', 25, 59),
(43, 'A', 26, 61),
(44, 'B', 26, 62),
(45, 'A', 27, 64),
(46, 'B', 27, 65),
(47, 'A', 28, 67),
(48, 'B', 28, 68),
(49, 'A', 29, 70),
(50, 'F', 29, 71),
(51, 'A', 30, 73),
(52, 'B', 30, 74),
(53, 'A', 40, 85),
(54, 'B', 40, 86),
(55, 'A', 41, 88),
(56, 'B', 41, 89),
(57, 'A', 42, 91),
(58, 'B', 42, 92),
(59, 'A', 43, 94),
(60, 'B', 43, 95),
(61, 'A', 44, 97),
(62, 'B', 44, 98),
(63, 'E', 45, 100),
(64, 'A', 46, 102),
(65, 'A', 65, 122),
(66, 'B', 65, 123),
(67, 'A', 66, 125),
(68, 'B', 66, 126),
(69, 'A', 70, 131),
(70, 'B', 70, 132),
(71, 'A', 74, 137),
(72, 'B', 74, 138),
(73, 'A', 75, 140),
(74, 'B', 75, 141),
(75, 'A', 76, 143),
(76, 'B', 76, 144),
(77, 'E', 77, 146),
(78, 'A', 78, 148),
(79, 'A', 85, 156),
(80, 'A', 86, 158),
(81, 'B', 86, 159),
(82, 'A', 87, 161),
(83, 'B', 87, 162),
(84, 'C', 87, 163),
(85, 'A', 88, 165),
(86, 'B', 88, 166),
(87, 'C', 88, 167),
(88, 'A', 89, 169),
(89, 'B', 89, 170),
(90, 'A', 90, 172),
(91, 'B', 90, 173),
(92, 'A', 91, 175),
(93, 'B', 91, 176),
(94, 'A', 92, 178),
(95, 'B', 92, 179),
(96, 'A', 93, 181),
(97, 'B', 93, 182),
(98, 'A', 94, 184),
(99, 'B', 94, 185),
(100, 'A', 95, 187),
(101, 'B', 95, 188),
(102, 'A', 96, 190),
(103, 'B', 96, 191),
(104, 'A', 97, 193),
(105, 'B', 97, 194),
(106, 'I', 98, 196),
(107, 'J', 98, 197),
(108, 'A', 99, 199),
(109, 'B', 99, 200),
(110, 'A', 100, 202),
(111, 'B', 100, 203),
(112, 'A', 101, 205),
(113, 'B', 101, 206),
(114, 'A', 105, 211),
(115, 'B', 105, 212),
(116, 'A', 112, 220),
(117, 'B', 112, 221),
(118, 'A', 113, 223),
(119, 'B', 113, 224),
(120, 'A', 114, 226),
(121, 'B', 114, 227),
(122, 'C', 114, 228),
(123, 'A', 115, 230),
(124, 'A', 116, 232),
(125, 'B', 116, 233),
(126, 'A', 117, 235),
(127, 'B', 117, 236),
(128, 'A', 118, 238),
(129, 'B', 118, 239),
(130, 'A', 119, 241),
(131, 'B', 119, 242),
(132, 'C', 119, 243),
(133, 'A', 120, 245),
(134, 'B', 120, 246),
(135, 'A', 143, 270),
(136, 'B', 143, 271),
(137, 'A', 146, 275),
(138, 'B', 146, 276);

/*!40101 SET CHARACTER_SET_CLIENT=@OLD_CHARACTER_SET_CLIENT */;
/*!40101 SET CHARACTER_SET_RESULTS=@OLD_CHARACTER_SET_RESULTS */;
/*!40101 SET COLLATION_CONNECTION=@OLD_COLLATION_CONNECTION */;
