-- phpMyAdmin SQL Dump
-- version 3.4.5
-- http://www.phpmyadmin.net
--
-- Host: localhost
-- Generation Time: Mar 26, 2012 at 07:03 AM
-- Server version: 5.5.16
-- PHP Version: 5.3.8

SET SQL_MODE="NO_AUTO_VALUE_ON_ZERO";
SET time_zone = "+00:00";


/*!40101 SET @OLD_CHARACTER_SET_CLIENT=@@CHARACTER_SET_CLIENT */;
/*!40101 SET @OLD_CHARACTER_SET_RESULTS=@@CHARACTER_SET_RESULTS */;
/*!40101 SET @OLD_COLLATION_CONNECTION=@@COLLATION_CONNECTION */;
/*!40101 SET NAMES utf8 */;

--
-- Database: `pasta`
--

-- --------------------------------------------------------

--
-- Table structure for table `completed_courses`
--

DROP TABLE IF EXISTS `completed_courses`;
CREATE TABLE IF NOT EXISTS `completed_courses` (
  `id` int(11) NOT NULL AUTO_INCREMENT,
  `student_id` int(11) NOT NULL,
  `course_id` int(11) NOT NULL,
  PRIMARY KEY (`id`)
) ENGINE=InnoDB  DEFAULT CHARSET=latin1 AUTO_INCREMENT=9 ;

--
-- Dumping data for table `completed_courses`
--

INSERT INTO `completed_courses` (`id`, `student_id`, `course_id`) VALUES
(1, 3, 2),
(2, 3, 4),
(3, 3, 5),
(4, 3, 7),
(5, 3, 9),
(6, 3, 10),
(7, 3, 11),
(8, 4, 3);

-- --------------------------------------------------------

--
-- Table structure for table `courses`
--

DROP TABLE IF EXISTS `courses`;
CREATE TABLE IF NOT EXISTS `courses` (
  `id` int(11) NOT NULL AUTO_INCREMENT,
  `code` varchar(6) NOT NULL,
  `number` int(11) NOT NULL,
  `credit` float DEFAULT NULL,
  `title` varchar(128) DEFAULT NULL,
  PRIMARY KEY (`id`)
) ENGINE=InnoDB  DEFAULT CHARSET=latin1 AUTO_INCREMENT=186 ;

--
-- Dumping data for table `courses`
--

INSERT INTO `courses` (`id`, `code`, `number`, `credit`, `title`) VALUES
(1, 'COMP', 108, 3, 'COMP INDUS EXPER REF LRNG I'),
(2, 'COMP', 201, 3, 'INTRODUCTION TO COMPUTING'),
(3, 'COMP', 208, 3, 'COMP INDUS EXPER REF LRNG II'),
(4, 'COMP', 218, 3, 'FUNDAMENTALS OF PROGRAMMING'),
(5, 'COMP', 228, 3, 'SYSTEM HARDWARE'),
(6, 'COMP', 233, 3, 'PROB. & STATS. FOR COMP. SC.'),
(7, 'COMP', 248, 3, 'OBJ-ORIENTED PROGRAMMING I'),
(8, 'COMP', 249, 3, 'OBJ-ORIENTED PROGRAMMING II'),
(9, 'COMP', 335, 3, 'INTRO/THEORETICAL COMP SCI'),
(10, 'COMP', 339, 3, 'COMBINATORICS'),
(11, 'COMP', 345, 3, 'ADVANCED PROGRAM DESIGN, C++'),
(12, 'COMP', 346, 4, 'OPERATING SYSTEMS'),
(13, 'COMP', 348, 3, 'PRIN./PROGRAMMING LANGUAGES'),
(14, 'COMP', 352, 3, 'DATA STRUCTURES + ALGORITHMS'),
(15, 'COMP', 108, 3, 'COMP INDUS EXPER REF LRNG I'),
(16, 'COMP', 201, 3, 'INTRODUCTION TO COMPUTING'),
(17, 'COMP', 208, 3, 'COMP INDUS EXPER REF LRNG II'),
(18, 'COMP', 218, 3, 'FUNDAMENTALS OF PROGRAMMING'),
(19, 'COMP', 228, 3, 'SYSTEM HARDWARE'),
(20, 'COMP', 233, 3, 'PROB. & STATS. FOR COMP. SC.'),
(21, 'COMP', 248, 3, 'OBJ-ORIENTED PROGRAMMING I'),
(22, 'COMP', 249, 3, 'OBJ-ORIENTED PROGRAMMING II'),
(23, 'COMP', 335, 3, 'INTRO/THEORETICAL COMP SCI'),
(24, 'COMP', 339, 3, 'COMBINATORICS'),
(25, 'COMP', 345, 3, 'ADVANCED PROGRAM DESIGN, C++'),
(26, 'COMP', 346, 4, 'OPERATING SYSTEMS'),
(27, 'COMP', 348, 3, 'PRIN./PROGRAMMING LANGUAGES'),
(28, 'COMP', 352, 3, 'DATA STRUCTURES + ALGORITHMS'),
(29, 'COMP', 353, 4, 'DATABASES'),
(30, 'COMP', 354, 4, 'SOFTWARE ENGINEERING I'),
(31, 'COMP', 361, 3, 'ELEMENTARY NUMERICAL METHODS'),
(32, 'COMP', 371, 4, 'COMPUTER GRAPHICS'),
(33, 'COMP', 376, 4, 'INTRO. TO GAME DEVELOPMENT'),
(34, 'COMP', 445, 4, 'DATA COMM + COMP NETWORKS'),
(35, 'COMP', 451, 4, 'DATABASE DESIGN'),
(36, 'COMP', 472, 4, 'ARTIFICIAL INTELLIGENCE'),
(37, 'COMP', 473, 4, 'PATTERN RECOGNITION'),
(38, 'COMP', 474, 4, 'INTELLIGENT SYSTEMS'),
(39, 'COMP', 478, 4, 'IMAGE PROCESSING'),
(40, 'COMP', 479, 4, 'INFO. RETRIEVAL & WEB SEARCH'),
(41, 'SOEN', 287, 3, 'WEB PROGRAMMING'),
(42, 'SOEN', 341, 3, 'SOFTWARE PROCESS'),
(43, 'SOEN', 342, 3, 'SW REQUIREMENTS + SPECS.'),
(44, 'SOEN', 343, 3, 'S.W. ARCHITECURE & DESIGN I'),
(45, 'SOEN', 384, 3, 'MGMT+QUALITY CTRL./SW DEV.'),
(46, 'SOEN', 422, 4, 'EMBEDDED SYSTEMS/SOFTWARE'),
(47, 'SOEN', 423, 4, 'DISTRIBUTED SYSTEMS'),
(48, 'CHEM', 221, 3, 'INTRO - ORGANIC CHEMISTRY I'),
(49, 'CHEM', 234, 3, 'PHYS.CHEM I:THERMODYNAMICS'),
(50, 'PHYS', 253, 3, 'ELECTRICITY & MAGNETISM I'),
(51, 'PHYS', 334, 3, 'THERMODYNAMICS'),
(52, 'LING', 222, 3, 'LANG & MIND: CHOMSKYAN PROG'),
(53, 'LING', 300, 3, 'SOCIOLINGUISTICS'),
(54, 'POLI', 202, 3, 'INTRO TO POLITICAL SCIENCE'),
(55, 'POLI', 213, 3, 'CONTEMP ISSUES GLOBAL POLI'),
(56, 'CLAS', 266, 3, 'INTRO CLASSICAL ARCHAEOLOGY'),
(57, 'COMS', 360, 3, 'MASS COMMUNICATION'),
(58, 'ENGL', 224, 3, 'THE CREATIVE PROCESS'),
(59, 'ENGL', 233, 3, 'CRITICAL READING'),
(60, 'HIST', 201, 3, 'INTRO:EUROPEAN HIST TO 1789'),
(61, 'HIST', 281, 3, 'FILM IN HISTORY'),
(62, 'COMP', 345, 3, 'ADVANCED PROGRAM DESIGN, C++'),
(63, 'COMP', 371, 4, 'COMPUTER GRAPHICS'),
(64, 'COMP', 376, 4, 'INTRO. TO GAME DEVELOPMENT'),
(65, 'COMP', 472, 4, 'ARTIFICIAL INTELLIGENCE'),
(66, 'COMP', 353, 4, 'DATABASES'),
(67, 'COMP', 445, 4, 'DATA COMM + COMP NETWORKS'),
(68, 'COMP', 479, 4, 'INFO. RETRIEVAL & WEB SEARCH'),
(69, 'COEN', 317, 4, 'MICROPROCESSOR SYSTEMS'),
(70, 'COEN', 320, 3, 'INTRO TO REAL-TIME SYSTEMS'),
(71, 'COMP', 345, 3, 'ADVANCED PROGRAM DESIGN, C++'),
(72, 'SOEN', 422, 4, 'EMBEDDED SYSTEMS/SOFTWARE'),
(73, 'SOEN', 423, 4, 'DISTRIBUTED SYSTEMS'),
(74, 'MECH', 480, 3, 'FLIGHT CONTROL SYSTEMS'),
(75, 'MECH', 482, 3, 'AVIONIC NAVIGATION SYSTEMS'),
(76, 'COMP', 451, 4, 'DATABASE DESIGN'),
(77, 'COMP', 473, 4, 'PATTERN RECOGNITION'),
(78, 'COMP', 474, 4, 'INTELLIGENT SYSTEMS'),
(79, 'COMP', 478, 4, 'IMAGE PROCESSING'),
(80, 'SOEN', 423, 4, 'DISTRIBUTED SYSTEMS'),
(81, 'COMP', 248, 3, 'OBJ-ORIENTED PROGRAMMING I'),
(82, 'ENGR', 201, 1, 'PROFESS L. PRACTICE+RESPONS.'),
(83, 'ENGR', 213, 3, 'APP.ORDINARY DIFF.EQUATIONS'),
(84, 'COMP', 249, 3, 'OBJ-ORIENTED PROGRAMMING II'),
(85, 'ENGR', 233, 3, 'APPLIED ADVANCED CALCULUS'),
(86, 'SOEN', 287, 3, 'WEB PROGRAMMING'),
(87, 'COMP', 348, 3, 'PRIN./PROGRAMMING LANGUAGES'),
(88, 'COMP', 352, 3, 'DATA STRUCTURES + ALGORITHMS'),
(89, 'ENGR', 202, 1, 'SUSTAIN.DEV.+ENVIRO.STEWART.'),
(90, 'COMP', 346, 4, 'OPERATING SYSTEMS'),
(91, 'ELEC', 275, 3, 'PRINCIPLES OF ELEC. ENGG.'),
(92, 'SOEN', 341, 3, 'SOFTWARE PROCESS'),
(93, 'COMP', 335, 3, 'INTRO/THEORETICAL COMP SCI'),
(94, 'SOEN', 342, 3, 'SW REQUIREMENTS + SPECS.'),
(95, 'SOEN', 343, 3, 'S.W. ARCHITECURE & DESIGN I'),
(96, 'SOEN', 384, 3, 'MGMT+QUALITY CTRL./SW DEV.'),
(97, 'ENGR', 301, 3, 'ENGR.MGMT.PRINCIP.+ECONOMICS'),
(98, 'ENGR', 391, 3, 'NUMERICAL METHODS IN ENGR'),
(99, 'ENGR', 392, 3, 'IMPACT/TECHNOLOGY ON SOCIETY'),
(100, 'COMP', 326, 3, 'COMPUTER ARCHITECTURE'),
(101, 'COMP', 367, 3, 'TECH./SYMBOLIC COMPUTATIONS'),
(102, 'COMP', 426, 4, 'MULTICORE PROGRAMMING'),
(103, 'COMP', 428, 4, 'PARALLEL PROGRAMMING'),
(104, 'COMP', 442, 4, 'COMPILER DESIGN'),
(105, 'COMP', 476, 4, 'ADVANCED GAME DEVELOPMENT'),
(106, 'COMP', 477, 4, 'ANIMATION FOR COMPUTER GAMES'),
(107, 'SOEN', 228, 4, 'SYSTEM HARDWARE'),
(108, 'SOEN', 331, 3, 'INTRO TO FML MTHDS FOR SOEN'),
(109, 'SOEN', 344, 3, 'S.W. ARCHITECURE & DESIGN II'),
(110, 'SOEN', 357, 3, 'USER INTERFACE DESIGN'),
(111, 'SOEN', 385, 3, 'CONTROL SYSTEMS+APPLICATIONS'),
(112, 'SOEN', 390, 3, 'SOFTWARE ENGR. TEAM PROJECT'),
(113, 'CHEM', 209, 3, 'DISCOVERING BIOTECHNOLOGY'),
(114, 'PHYS', 252, 3, 'OPTICS'),
(115, 'PHYS', 354, 3, 'ELECTRICITY & MAGNETISM II'),
(116, 'ENCS', 283, 3, 'INN.&CRITICL THKNG SCI&TECH'),
(117, 'HIST', 202, 3, 'INTRO:EUROPEAN 1789-PRESENT'),
(118, 'HIST', 205, 3, 'CANADA: POST-CONFEDERATION'),
(119, 'COMP', 476, 4, 'ADVANCED GAME DEVELOPMENT'),
(120, 'COMP', 477, 4, 'ANIMATION FOR COMPUTER GAMES'),
(121, 'COMP', 426, 4, 'MULTICORE PROGRAMMING'),
(122, 'COMP', 428, 4, 'PARALLEL PROGRAMMING'),
(123, 'COMP', 442, 4, 'COMPILER DESIGN'),
(124, 'SOEN', 228, 4, 'SYSTEM HARDWARE'),
(125, 'ENCS', 282, 3, 'TECH. WRITING + COMMUNIC N.'),
(126, 'ENGR', 371, 3, 'PROBABILITY+STATISTICS/ENGR.'),
(127, 'SOEN', 331, 3, 'INTRO TO FML MTHDS FOR SOEN'),
(128, 'SOEN', 344, 3, 'S.W. ARCHITECURE & DESIGN II'),
(129, 'SOEN', 357, 3, 'USER INTERFACE DESIGN'),
(130, 'SOEN', 390, 3, 'SOFTWARE ENGR. TEAM PROJECT'),
(131, 'SOEN', 385, 3, 'CONTROL SYSTEMS+APPLICATIONS'),
(132, 'SOEN', 385, 3, 'CONTROL SYSTEMS+APPLICATIONS'),
(133, 'MATH', 201, NULL, NULL),
(134, 'MATH', 203, NULL, NULL),
(135, 'MATH', 209, NULL, NULL),
(136, 'MATH', 204, NULL, NULL),
(137, 'MATH', 208, NULL, NULL),
(138, 'COMP', 232, NULL, NULL),
(139, 'MATH', 205, NULL, NULL),
(140, 'COEN', 231, NULL, NULL),
(141, 'COEN', 244, NULL, NULL),
(142, 'COEN', 352, NULL, NULL),
(143, 'comp', 371, NULL, NULL),
(144, 'COMP', 229, NULL, NULL),
(145, 'COEN', 311, NULL, NULL),
(146, 'SOEN', 337, NULL, NULL),
(147, 'CHEM', 205, NULL, NULL),
(148, 'PHYS', 204, NULL, NULL),
(149, 'PHYS', 205, NULL, NULL),
(150, 'MAST', 218, NULL, NULL),
(151, 'LINZ', 222, NULL, NULL),
(152, 'LING', 398, NULL, NULL),
(153, 'LINZ', 300, NULL, NULL),
(154, 'POLZ', 202, NULL, NULL),
(155, 'POLZ', 213, NULL, NULL),
(156, 'CLAZ', 266, NULL, NULL),
(157, 'COMZ', 360, NULL, NULL),
(158, 'ENGZ', 224, NULL, NULL),
(159, 'HISZ', 201, NULL, NULL),
(160, 'HISZ', 281, NULL, NULL),
(161, 'HIST', 298, NULL, NULL),
(162, 'HISZ', 298, NULL, NULL),
(163, 'COEN', 312, NULL, NULL),
(164, 'COMP', 327, NULL, NULL),
(165, 'COEN', 346, NULL, NULL),
(166, 'ENGR', 372, NULL, NULL),
(167, 'MECH', 371, NULL, NULL),
(168, 'ELEC', 370, NULL, NULL),
(169, 'MECH', 370, NULL, NULL),
(170, 'ENGR', 402, NULL, NULL),
(171, 'SOEN', 402, NULL, NULL),
(172, 'ENGR', 401, NULL, NULL),
(173, 'COEN', 243, NULL, NULL),
(174, 'MECH', 215, NULL, NULL),
(175, 'BCEE', 231, NULL, NULL),
(176, 'COMP', 238, NULL, NULL),
(177, 'MAST', 217, NULL, NULL),
(178, 'MAST', 234, NULL, NULL),
(179, 'CHEZ', 209, NULL, NULL),
(180, 'PHYS', 206, NULL, NULL),
(181, 'MAST', 219, NULL, NULL),
(182, 'HISZ', 202, NULL, NULL),
(183, 'HISZ', 205, NULL, NULL),
(184, 'SCPA', 205, NULL, NULL),
(185, 'ENCs', 272, NULL, NULL);

-- --------------------------------------------------------

--
-- Table structure for table `labs`
--

DROP TABLE IF EXISTS `labs`;
CREATE TABLE IF NOT EXISTS `labs` (
  `id` int(11) NOT NULL AUTO_INCREMENT,
  `section` varchar(4) NOT NULL,
  `tutorial_id` int(11) NOT NULL,
  `time_location_id` int(11) NOT NULL,
  PRIMARY KEY (`id`)
) ENGINE=InnoDB  DEFAULT CHARSET=latin1 AUTO_INCREMENT=9 ;

--
-- Dumping data for table `labs`
--

INSERT INTO `labs` (`id`, `section`, `tutorial_id`, `time_location_id`) VALUES
(1, 'AC', 1, 1),
(2, 'AC', 1, 1),
(3, 'JC', 2, 2),
(4, 'JC', 3, 3),
(5, 'WC', 4, 4),
(6, 'LC', 5, 5),
(7, 'MC', 6, 6),
(8, 'IC', 7, 7);

-- --------------------------------------------------------

--
-- Table structure for table `lectures`
--

DROP TABLE IF EXISTS `lectures`;
CREATE TABLE IF NOT EXISTS `lectures` (
  `id` int(11) NOT NULL AUTO_INCREMENT,
  `section` varchar(4) NOT NULL,
  `professor` varchar(255) NOT NULL,
  `season` int(11) NOT NULL,
  `course_id` int(11) NOT NULL,
  `time_location_id` int(11) NOT NULL,
  PRIMARY KEY (`id`)
) ENGINE=InnoDB  DEFAULT CHARSET=latin1 AUTO_INCREMENT=234 ;

--
-- Dumping data for table `lectures`
--

INSERT INTO `lectures` (`id`, `section`, `professor`, `season`, `course_id`, `time_location_id`) VALUES
(3, 'AA', 'AIMAN HANNA', 2, 2, 1),
(4, 'JJ', 'JOHN SMITH', 2, 3, 2),
(5, 'WW', 'JOHN LEE', 2, 4, 5),
(6, 'LL', 'JACKIE CHAN', 2, 5, 6),
(7, 'MM', 'LIONEL MESSI', 2, 6, 7),
(8, 'II', 'JOHN PEACH', 2, 7, 8),
(9, 'DD', 'T.B.A.', 2, 16, 8),
(10, 'F', 'T.B.A.', 2, 18, 10),
(11, 'U', 'T.B.A.', 2, 19, 13),
(12, 'Q', 'T.B.A.', 2, 20, 16),
(13, 'Q', 'T.B.A.', 2, 81, 19),
(14, 'R', 'T.B.A.', 2, 81, 23),
(15, 'EE', 'T.B.A.', 2, 81, 27),
(16, 'D', 'T.B.A.', 2, 84, 31),
(17, 'G', 'T.B.A.', 2, 93, 34),
(18, 'EE', 'T.B.A.', 2, 93, 37),
(19, 'F', 'T.B.A.', 2, 24, 40),
(20, 'D', 'T.B.A.', 2, 71, 42),
(21, 'N', 'T.B.A.', 2, 71, 45),
(22, 'DD', 'T.B.A.', 2, 90, 48),
(23, 'UU', 'T.B.A.', 2, 90, 51),
(24, 'U', 'T.B.A.', 2, 87, 54),
(25, 'DD', 'T.B.A.', 2, 87, 57),
(26, 'G', 'T.B.A.', 2, 88, 60),
(27, 'H', 'T.B.A.', 2, 88, 63),
(28, 'F', 'T.B.A.', 2, 66, 66),
(29, 'E', 'T.B.A.', 2, 30, 69),
(30, 'DD', 'T.B.A.', 2, 31, 72),
(31, 'UU', 'T.B.A.', 2, 63, 75),
(32, 'XX', 'T.B.A.', 2, 64, 76),
(33, 'D', 'T.B.A.', 2, 67, 77),
(34, 'NN', 'T.B.A.', 2, 76, 78),
(35, 'F', 'T.B.A.', 2, 65, 79),
(36, 'DD', 'T.B.A.', 2, 77, 80),
(37, 'DD', 'T.B.A.', 2, 78, 81),
(38, 'DD', 'T.B.A.', 2, 79, 82),
(39, 'D', 'T.B.A.', 2, 68, 83),
(40, 'Q', 'T.B.A.', 2, 86, 84),
(41, 'H', 'T.B.A.', 2, 92, 87),
(42, 'H', 'T.B.A.', 2, 94, 90),
(43, 'H', 'T.B.A.', 2, 95, 93),
(44, 'F', 'T.B.A.', 2, 96, 96),
(45, 'MM', 'T.B.A.', 2, 72, 99),
(46, 'H', 'T.B.A.', 2, 80, 101),
(47, '01', 'T.B.A.', 2, 48, 103),
(48, '51', 'T.B.A.', 2, 48, 104),
(49, '01', 'LAWRENCE, MARCUS      ', 2, 49, 105),
(50, '51', 'LAMOUREUX, GUILLAUME  ', 2, 49, 106),
(51, '01', 'SHIN, JOSEPH          ', 2, 50, 107),
(52, '01', 'KALMAN, LASZLO        ', 2, 51, 108),
(53, 'A', 'ISAC, DANIELA         ', 2, 52, 109),
(54, 'AA', 'TEFFETELLER, ANNETTE  ', 2, 53, 110),
(55, 'A', 'T.B.A.', 2, 55, 111),
(56, 'A', 'T.B.A.', 2, 56, 112),
(57, '51', 'T.B.A.', 2, 57, 113),
(58, 'A', 'T.B.A.', 2, 58, 114),
(59, 'B', 'T.B.A.', 2, 58, 115),
(60, 'C', 'T.B.A.', 2, 58, 116),
(61, 'X', 'MCCORMICK, TED        ', 2, 60, 117),
(62, 'Y', 'MCSHEFFREY, SHANNON   ', 2, 60, 118),
(63, 'XX', 'T.B.A.', 2, 60, 119),
(64, 'AA', 'BODE, FREDERICK       ', 2, 61, 120),
(65, 'D', 'T.B.A.', 2, 71, 121),
(66, 'N', 'T.B.A.', 2, 71, 124),
(67, 'UU', 'T.B.A.', 2, 63, 127),
(68, 'XX', 'T.B.A.', 2, 64, 128),
(69, 'F', 'T.B.A.', 2, 65, 129),
(70, 'F', 'T.B.A.', 2, 66, 130),
(71, 'D', 'T.B.A.', 2, 67, 133),
(72, 'D', 'T.B.A.', 2, 68, 134),
(73, 'U', 'T.B.A.', 2, 69, 135),
(74, 'S', 'T.B.A.', 2, 70, 136),
(75, 'D', 'T.B.A.', 2, 71, 139),
(76, 'N', 'T.B.A.', 2, 71, 142),
(77, 'MM', 'T.B.A.', 2, 72, 145),
(78, 'H', 'T.B.A.', 2, 80, 147),
(79, 'XX', 'T.B.A.', 2, 74, 149),
(80, 'M', 'T.B.A.', 2, 75, 150),
(81, 'NN', 'T.B.A.', 2, 76, 151),
(82, 'DD', 'T.B.A.', 2, 77, 152),
(83, 'DD', 'T.B.A.', 2, 78, 153),
(84, 'DD', 'T.B.A.', 2, 79, 154),
(85, 'H', 'T.B.A.', 2, 80, 155),
(86, 'Q', 'T.B.A.', 2, 81, 157),
(87, 'R', 'T.B.A.', 2, 81, 161),
(88, 'EE', 'T.B.A.', 2, 81, 165),
(89, 'G', 'T.B.A.', 2, 82, 169),
(90, 'H', 'T.B.A.', 2, 82, 174),
(91, 'P', 'T.B.A.', 2, 83, 179),
(92, 'R', 'T.B.A.', 2, 83, 182),
(93, 'T', 'T.B.A.', 2, 83, 185),
(94, 'U', 'T.B.A.', 2, 83, 188),
(95, 'V', 'T.B.A.', 2, 83, 191),
(96, 'X', 'T.B.A.', 2, 83, 194),
(97, 'XX', 'T.B.A.', 2, 83, 197),
(98, 'D', 'T.B.A.', 2, 84, 200),
(99, 'P', 'T.B.A.', 2, 85, 203),
(100, 'Q', 'T.B.A.', 2, 85, 206),
(101, 'Q', 'T.B.A.', 2, 86, 209),
(102, 'U', 'T.B.A.', 2, 87, 212),
(103, 'DD', 'T.B.A.', 2, 87, 215),
(104, 'G', 'T.B.A.', 2, 88, 218),
(105, 'H', 'T.B.A.', 2, 88, 221),
(106, 'H', 'T.B.A.', 2, 89, 224),
(107, 'DD', 'T.B.A.', 2, 90, 225),
(108, 'UU', 'T.B.A.', 2, 90, 228),
(109, 'T', 'T.B.A.', 2, 91, 231),
(110, 'V', 'T.B.A.', 2, 91, 234),
(111, 'H', 'T.B.A.', 2, 92, 237),
(112, 'G', 'T.B.A.', 2, 93, 240),
(113, 'EE', 'T.B.A.', 2, 93, 243),
(114, 'H', 'T.B.A.', 2, 94, 246),
(115, 'H', 'T.B.A.', 2, 95, 249),
(116, 'F', 'T.B.A.', 2, 96, 252),
(117, 'G', 'T.B.A.', 2, 97, 255),
(118, 'H', 'T.B.A.', 2, 97, 256),
(119, 'FF', 'T.B.A.', 2, 97, 257),
(120, 'II', 'T.B.A.', 2, 97, 258),
(121, 'F', 'T.B.A.', 2, 98, 259),
(122, 'S', 'T.B.A.', 2, 98, 262),
(123, 'D', 'T.B.A.', 2, 99, 265),
(124, 'F', 'T.B.A.', 2, 99, 266),
(125, 'EE', 'T.B.A.', 2, 99, 267),
(126, 'W', 'T.B.A.', 4, 18, 268),
(127, 'DD', 'T.B.A.', 4, 19, 271),
(128, 'PP', 'T.B.A.', 4, 19, 275),
(129, 'N', 'T.B.A.', 4, 20, 279),
(130, 'DD', 'T.B.A.', 4, 20, 282),
(131, 'U', 'T.B.A.', 4, 81, 285),
(132, 'U', 'T.B.A.', 4, 84, 288),
(133, 'PP', 'T.B.A.', 4, 84, 291),
(134, 'SS', 'T.B.A.', 4, 84, 294),
(135, 'DD', 'T.B.A.', 4, 100, 297),
(136, 'N', 'T.B.A.', 4, 93, 300),
(137, 'NN', 'T.B.A.', 4, 90, 303),
(138, 'E', 'T.B.A.', 4, 87, 306),
(139, 'X', 'T.B.A.', 4, 88, 309),
(140, 'X', 'T.B.A.', 4, 66, 312),
(141, 'PP', 'T.B.A.', 4, 30, 315),
(142, 'A', 'T.B.A.', 4, 101, 318),
(143, 'WW', 'T.B.A.', 4, 63, 319),
(144, 'N', 'T.B.A.', 4, 121, 320),
(145, 'N', 'T.B.A.', 4, 122, 321),
(146, 'NN', 'T.B.A.', 4, 123, 324),
(147, 'W', 'T.B.A.', 4, 67, 325),
(148, 'NN', 'T.B.A.', 4, 65, 326),
(149, 'UU', 'T.B.A.', 4, 78, 327),
(150, 'N', 'T.B.A.', 4, 119, 328),
(151, 'N', 'T.B.A.', 4, 120, 329),
(152, 'H', 'T.B.A.', 4, 124, 330),
(153, 'S', 'T.B.A.', 4, 86, 333),
(154, 'U', 'T.B.A.', 4, 86, 336),
(155, 'U', 'T.B.A.', 4, 127, 340),
(156, 'S', 'T.B.A.', 4, 92, 342),
(157, 'S', 'T.B.A.', 4, 128, 345),
(158, 'S', 'T.B.A.', 4, 129, 348),
(159, 'S', 'T.B.A.', 4, 132, 351),
(160, 'S', 'T.B.A.', 4, 130, 355),
(161, 'AA', 'JOYCE, PAUL           ', 4, 113, 358),
(162, '02', 'T.B.A.', 4, 48, 359),
(163, '52', 'OH, JOHN              ', 4, 48, 360),
(164, '02', 'LAMOUREUX, GUILLAUME  ', 4, 49, 361),
(165, '01', 'ZAZUBOVITS, VALTER    ', 4, 114, 362),
(166, '01', 'SHIN, JOSEPH          ', 4, 115, 363),
(167, 'WW', 'T.B.A.', 4, 116, 364),
(168, 'B', 'REISS, CHARLES        ', 4, 52, 365),
(169, 'A', 'SCALA,FRANCESCA       ', 4, 54, 366),
(170, 'AA', 'T.B.A.', 4, 56, 367),
(171, '01', 'T.B.A.', 4, 57, 368),
(172, 'D', 'T.B.A.', 4, 58, 369),
(173, 'AA', 'T.B.A.', 4, 58, 370),
(174, 'X', 'BERGHOLZ, MAX         ', 4, 117, 371),
(175, 'Y', 'ROWLEY, ALISON        ', 4, 117, 372),
(176, 'XX', 'T.B.A.', 4, 117, 373),
(177, 'A', 'GOSSAGE, PETER        ', 4, 118, 374),
(178, 'AA', 'T.B.A.', 4, 118, 375),
(179, 'WW', 'T.B.A.', 4, 63, 376),
(180, 'NN', 'T.B.A.', 4, 65, 377),
(181, 'N', 'T.B.A.', 4, 119, 378),
(182, 'N', 'T.B.A.', 4, 120, 379),
(183, 'X', 'T.B.A.', 4, 66, 380),
(184, 'W', 'T.B.A.', 4, 67, 383),
(185, 'N', 'T.B.A.', 4, 121, 384),
(186, 'N', 'T.B.A.', 4, 122, 385),
(187, 'NN', 'T.B.A.', 4, 123, 388),
(188, 'UU', 'T.B.A.', 4, 78, 389),
(189, 'U', 'T.B.A.', 4, 81, 390),
(190, 'Q', 'T.B.A.', 4, 82, 393),
(191, 'S', 'T.B.A.', 4, 82, 398),
(192, 'F', 'T.B.A.', 4, 83, 403),
(193, 'G', 'T.B.A.', 4, 83, 406),
(194, 'J', 'T.B.A.', 4, 83, 409),
(195, 'U', 'T.B.A.', 4, 84, 412),
(196, 'PP', 'T.B.A.', 4, 84, 415),
(197, 'SS', 'T.B.A.', 4, 84, 418),
(198, 'J', 'T.B.A.', 4, 85, 421),
(199, 'R', 'T.B.A.', 4, 85, 424),
(200, 'S', 'T.B.A.', 4, 85, 427),
(201, 'T', 'T.B.A.', 4, 85, 430),
(202, 'U', 'T.B.A.', 4, 85, 433),
(203, 'V', 'T.B.A.', 4, 85, 436),
(204, 'X', 'T.B.A.', 4, 85, 439),
(205, 'H', 'T.B.A.', 4, 124, 442),
(206, 'S', 'T.B.A.', 4, 86, 445),
(207, 'U', 'T.B.A.', 4, 86, 448),
(208, 'E', 'T.B.A.', 4, 87, 452),
(209, 'X', 'T.B.A.', 4, 88, 455),
(210, 'Y', 'T.B.A.', 4, 125, 458),
(211, 'EE', 'T.B.A.', 4, 125, 462),
(212, 'SS', 'T.B.A.', 4, 89, 466),
(213, 'NN', 'T.B.A.', 4, 90, 467),
(214, 'JJ', 'T.B.A.', 4, 91, 470),
(215, 'T', 'T.B.A.', 4, 126, 474),
(216, 'W', 'T.B.A.', 4, 126, 478),
(217, 'UU', 'T.B.A.', 4, 126, 482),
(218, 'U', 'T.B.A.', 4, 127, 486),
(219, 'S', 'T.B.A.', 4, 92, 488),
(220, 'N', 'T.B.A.', 4, 93, 491),
(221, 'S', 'T.B.A.', 4, 128, 494),
(222, 'S', 'T.B.A.', 4, 129, 497),
(223, 'S', 'T.B.A.', 4, 130, 500),
(224, 'S', 'T.B.A.', 4, 132, 503),
(225, 'R', 'T.B.A.', 4, 97, 507),
(226, 'SS', 'T.B.A.', 4, 97, 508),
(227, 'V', 'T.B.A.', 4, 98, 509),
(228, 'X', 'T.B.A.', 4, 98, 513),
(229, 'UU', 'T.B.A.', 4, 98, 517),
(230, 'S', 'T.B.A.', 4, 132, 521),
(231, 'P', 'T.B.A.', 4, 99, 525),
(232, 'Q', 'T.B.A.', 4, 99, 526),
(233, 'RR', 'T.B.A.', 4, 99, 527);

-- --------------------------------------------------------

--
-- Table structure for table `logins`
--

DROP TABLE IF EXISTS `logins`;
CREATE TABLE IF NOT EXISTS `logins` (
  `id` int(11) unsigned NOT NULL AUTO_INCREMENT,
  `student_id` int(7) unsigned DEFAULT NULL,
  `password` char(40) DEFAULT NULL,
  `first_name` varchar(20) DEFAULT NULL,
  `last_name` varchar(20) DEFAULT NULL,
  `program` enum('soft_eng','mech_eng') DEFAULT 'soft_eng',
  PRIMARY KEY (`id`)
) ENGINE=InnoDB  DEFAULT CHARSET=latin1 AUTO_INCREMENT=9 ;

--
-- Dumping data for table `logins`
--

INSERT INTO `logins` (`id`, `student_id`, `password`, `first_name`, `last_name`, `program`) VALUES
(2, 5682061, '12345678', 'Charles', 'Yang', 'soft_eng'),
(3, 5682062, '7c222fb2927d828af22f592134e8932480637c0d', 'John', 'Doe', 'soft_eng'),
(4, 5682063, '7c222fb2927d828af22f592134e8932480637c0d', 'Charles', 'JuniorI', 'soft_eng'),
(5, 5682067, '7c222fb2927d828af22f592134e8932480637c0d', 'Charles Cho', 'Hello World', 'soft_eng'),
(6, 5682070, '7c222fb2927d828af22f592134e8932480637c0d', 'Charles Cho 54', 'Hello World', 'soft_eng'),
(7, 5682073, '7c222fb2927d828af22f592134e8932480637c0d', 'Jeremy', 'Lin', 'soft_eng'),
(8, 4758383, '7c222fb2927d828af22f592134e8932480637c0d', 'Eric', 'Chan', 'soft_eng');

-- --------------------------------------------------------

--
-- Table structure for table `prerequisites`
--

DROP TABLE IF EXISTS `prerequisites`;
CREATE TABLE IF NOT EXISTS `prerequisites` (
  `id` int(11) NOT NULL AUTO_INCREMENT,
  `course_id` int(11) NOT NULL,
  `required_course_id` int(11) NOT NULL,
  PRIMARY KEY (`id`)
) ENGINE=InnoDB  DEFAULT CHARSET=latin1 AUTO_INCREMENT=268 ;

--
-- Dumping data for table `prerequisites`
--

INSERT INTO `prerequisites` (`id`, `course_id`, `required_course_id`) VALUES
(1, 18, 133),
(2, 19, 81),
(3, 81, 136),
(4, 81, 137),
(5, 84, 138),
(6, 84, 81),
(7, 84, 134),
(8, 84, 135),
(9, 84, 136),
(10, 84, 137),
(11, 93, 138),
(12, 93, 84),
(13, 24, 138),
(14, 71, 88),
(15, 90, 19),
(16, 90, 124),
(17, 90, 88),
(18, 87, 84),
(19, 88, 138),
(20, 88, 84),
(21, 66, 88),
(22, 30, 88),
(23, 30, 125),
(24, 31, 138),
(25, 31, 84),
(26, 63, 71),
(27, 63, 141),
(28, 63, 88),
(29, 67, 90),
(30, 76, 66),
(31, 65, 88),
(32, 77, 88),
(33, 78, 88),
(34, 79, 88),
(35, 68, 20),
(36, 68, 126),
(37, 86, 81),
(38, 92, 88),
(39, 92, 125),
(40, 94, 92),
(41, 95, 92),
(42, 95, 94),
(43, 96, 125),
(44, 72, 90),
(45, 80, 90),
(46, 49, 147),
(47, 49, 134),
(48, 49, 139),
(49, 51, 148),
(50, 51, 150),
(51, 71, 88),
(52, 63, 71),
(53, 63, 141),
(54, 63, 88),
(55, 63, 142),
(56, 64, 143),
(57, 65, 88),
(58, 66, 88),
(59, 67, 90),
(60, 68, 20),
(61, 68, 126),
(62, 69, 145),
(63, 69, 19),
(64, 69, 124),
(65, 70, 90),
(66, 71, 88),
(67, 72, 90),
(68, 80, 90),
(69, 74, 132),
(70, 75, 132),
(71, 76, 66),
(72, 77, 88),
(73, 78, 88),
(74, 79, 88),
(75, 80, 90),
(76, 81, 136),
(77, 81, 137),
(78, 83, 136),
(79, 83, 139),
(80, 84, 138),
(81, 84, 81),
(82, 84, 134),
(83, 84, 135),
(84, 84, 136),
(85, 84, 137),
(86, 84, 139),
(87, 85, 136),
(88, 85, 139),
(89, 86, 81),
(90, 87, 84),
(91, 88, 138),
(92, 88, 84),
(93, 90, 19),
(94, 90, 124),
(95, 90, 88),
(96, 91, 83),
(97, 91, 149),
(98, 92, 144),
(99, 92, 145),
(100, 92, 88),
(101, 92, 125),
(102, 93, 138),
(103, 93, 140),
(104, 93, 84),
(105, 93, 141),
(106, 94, 92),
(107, 95, 92),
(108, 95, 94),
(109, 96, 125),
(110, 96, 146),
(111, 97, 170),
(112, 98, 83),
(113, 98, 81),
(114, 99, 125),
(115, 99, 82),
(116, 18, 133),
(117, 19, 81),
(118, 19, 134),
(119, 19, 135),
(120, 19, 136),
(121, 19, 137),
(122, 20, 138),
(123, 81, 136),
(124, 81, 137),
(125, 84, 138),
(126, 84, 81),
(127, 84, 134),
(128, 84, 135),
(129, 84, 136),
(130, 84, 137),
(131, 84, 139),
(132, 100, 90),
(133, 93, 138),
(134, 93, 140),
(135, 93, 84),
(136, 93, 141),
(137, 90, 19),
(138, 90, 124),
(139, 90, 88),
(140, 87, 84),
(141, 88, 138),
(142, 88, 84),
(143, 66, 88),
(144, 30, 88),
(145, 30, 125),
(146, 101, 81),
(147, 63, 71),
(148, 63, 141),
(149, 63, 88),
(150, 63, 142),
(151, 121, 90),
(152, 122, 90),
(153, 123, 144),
(154, 123, 145),
(155, 123, 93),
(156, 123, 88),
(157, 67, 90),
(158, 65, 88),
(159, 78, 88),
(160, 119, 31),
(161, 119, 98),
(162, 120, 31),
(163, 120, 98),
(164, 124, 134),
(165, 124, 135),
(166, 124, 136),
(167, 124, 137),
(168, 86, 81),
(169, 127, 138),
(170, 127, 84),
(171, 92, 144),
(172, 92, 145),
(173, 92, 88),
(174, 92, 125),
(175, 128, 95),
(176, 129, 94),
(177, 132, 83),
(178, 132, 85),
(179, 130, 128),
(180, 130, 129),
(181, 48, 147),
(182, 49, 147),
(183, 49, 148),
(184, 49, 134),
(185, 49, 139),
(186, 115, 50),
(187, 52, 151),
(188, 52, 152),
(189, 54, 154),
(190, 56, 156),
(191, 57, 157),
(192, 58, 158),
(193, 63, 71),
(194, 63, 141),
(195, 63, 88),
(196, 63, 142),
(197, 65, 88),
(198, 119, 31),
(199, 119, 98),
(200, 120, 31),
(201, 120, 98),
(202, 66, 88),
(203, 67, 90),
(204, 121, 90),
(205, 122, 90),
(206, 123, 144),
(207, 123, 145),
(208, 123, 93),
(209, 123, 88),
(210, 78, 88),
(211, 81, 136),
(212, 81, 137),
(213, 82, 170),
(214, 82, 171),
(215, 83, 136),
(216, 83, 139),
(217, 84, 138),
(218, 84, 81),
(219, 84, 134),
(220, 84, 135),
(221, 84, 136),
(222, 84, 137),
(223, 84, 139),
(224, 85, 136),
(225, 85, 139),
(226, 124, 134),
(227, 124, 135),
(228, 124, 136),
(229, 124, 137),
(230, 86, 81),
(231, 87, 84),
(232, 88, 138),
(233, 88, 84),
(234, 90, 19),
(235, 90, 124),
(236, 90, 88),
(237, 91, 83),
(238, 91, 149),
(239, 126, 83),
(240, 126, 136),
(241, 127, 138),
(242, 127, 84),
(243, 92, 144),
(244, 92, 145),
(245, 92, 88),
(246, 92, 125),
(247, 93, 138),
(248, 93, 140),
(249, 93, 84),
(250, 93, 141),
(251, 128, 95),
(252, 129, 94),
(253, 130, 128),
(254, 130, 129),
(255, 132, 83),
(256, 132, 85),
(257, 97, 172),
(258, 97, 170),
(259, 98, 83),
(260, 98, 81),
(261, 98, 173),
(262, 98, 174),
(263, 98, 175),
(264, 132, 83),
(265, 132, 85),
(266, 99, 125),
(267, 99, 82);

-- --------------------------------------------------------

--
-- Table structure for table `schedules`
--

DROP TABLE IF EXISTS `schedules`;
CREATE TABLE IF NOT EXISTS `schedules` (
  `id` int(11) NOT NULL AUTO_INCREMENT,
  `student_id` int(11) NOT NULL,
  `season` int(11) NOT NULL,
  `year` int(11) NOT NULL,
  `course_id` int(11) NOT NULL,
  `lecture_id` int(11) NOT NULL,
  `tutorial_id` int(11) NOT NULL,
  `lab_id` int(11) NOT NULL,
  PRIMARY KEY (`id`)
) ENGINE=InnoDB DEFAULT CHARSET=latin1 AUTO_INCREMENT=1 ;

-- --------------------------------------------------------

--
-- Table structure for table `time_locations`
--

DROP TABLE IF EXISTS `time_locations`;
CREATE TABLE IF NOT EXISTS `time_locations` (
  `id` int(11) NOT NULL AUTO_INCREMENT,
  `start_time` int(11) unsigned DEFAULT NULL,
  `end_time` int(11) unsigned DEFAULT NULL,
  `campus` varchar(6) DEFAULT NULL,
  `room` varchar(10) DEFAULT NULL,
  `day` set('M','T','W','J','F') DEFAULT NULL,
  PRIMARY KEY (`id`)
) ENGINE=InnoDB  DEFAULT CHARSET=latin1 AUTO_INCREMENT=528 ;

--
-- Dumping data for table `time_locations`
--

INSERT INTO `time_locations` (`id`, `start_time`, `end_time`, `campus`, `room`, `day`) VALUES
(1, 1345, 1430, 'SGW', 'H-400', 'M,W'),
(2, 845, 1015, 'sgw', 'H-626', 'T,J'),
(3, 845, 1015, 'sgw', 'H-626', 'T,J'),
(4, 915, 1145, 'SGW', 'MB-11.55', 'T,J'),
(5, 1215, 1330, 'sgw', 'H-110', 'M,T'),
(6, 1745, 2015, 'SGW', 'H-820', 'T,J'),
(7, 1545, 1700, 'SGW', 'EV-15.100', 'W,J'),
(8, 1745, 2015, 'SGW', 'MB-2.265', 'T'),
(9, 2030, 2120, 'SGW', 'MB-S2.135', 'T'),
(10, 1315, 1430, 'SGW', 'MB-S1.115', 'M,W'),
(11, 1445, 1535, 'SGW', 'MB-S1.255', 'W'),
(12, 1445, 1535, 'SGW', 'MB-S1.255', 'M'),
(13, 1315, 1430, 'SGW', 'H-439', 'M,W'),
(14, 1445, 1625, 'SGW', 'H-632', 'M'),
(15, 1445, 1625, 'SGW', 'H-609', 'W'),
(16, 1315, 1430, 'SGW', 'FG-B070', 'W,F'),
(17, 1015, 1155, 'SGW', 'H-615', 'T'),
(18, 1015, 1155, 'SGW', 'H-529', 'T'),
(19, 1315, 1430, 'SGW', 'FG-B030', 'M,W'),
(20, 1015, 1155, 'SGW', 'H-607', 'M'),
(21, 1015, 1155, 'SGW', 'H-631', 'W'),
(22, 845, 1025, 'SGW', 'H-633', 'F'),
(23, 845, 1000, 'SGW', 'H-605', 'M,W'),
(24, 845, 1025, 'SGW', 'H-632', 'F'),
(25, 1015, 1155, 'SGW', 'H-619', 'M'),
(26, 1015, 1155, 'SGW', 'H-619', 'W'),
(27, 1745, 2015, 'SGW', 'H-605', 'F'),
(28, 2030, 2210, 'SGW', 'H-632', 'F'),
(29, 2030, 2210, 'SGW', 'H-634', 'F'),
(30, 1745, 1925, 'SGW', 'H-427', 'M'),
(31, 1445, 1600, 'SGW', 'MB-3.210', 'M,W'),
(32, 1245, 1425, 'SGW', 'MB-2.265', 'M'),
(33, 1615, 1755, 'SGW', 'MB-2.285', 'W'),
(34, 1145, 1300, 'SGW', 'H-629', 'T,J'),
(35, 1315, 1405, 'SGW', 'H-523', 'T'),
(36, 1315, 1405, 'SGW', 'MB-2.285', 'J'),
(37, 1745, 2015, 'SGW', 'H-629', 'F'),
(38, 2030, 2120, 'SGW', 'H-537', 'T'),
(39, 2030, 2120, 'SGW', 'H-403', 'J'),
(40, 1015, 1130, 'SGW', 'H-540', 'M,W'),
(41, 1145, 1335, 'SGW', 'H-605', 'M'),
(42, 1315, 1430, 'SGW', 'H-565', 'M,W'),
(43, 1315, 1505, 'SGW', 'MB-3.255', 'F'),
(44, 1445, 1605, 'SGW', 'H-544', 'W'),
(45, 1615, 1730, 'SGW', 'H-603', 'M,W'),
(46, 1745, 1935, 'SGW', 'H-621', 'M'),
(47, 1745, 1935, 'SGW', 'H-627', 'M'),
(48, 1745, 2015, 'SGW', 'H-439', 'T'),
(49, 2030, 2120, 'SGW', 'H-632', 'T'),
(50, 2030, 2120, 'SGW', 'H-634', 'T'),
(51, 1745, 2015, 'SGW', 'H-613', 'J'),
(52, 2030, 2120, 'SGW', 'H-564', 'J'),
(53, 2030, 2120, 'SGW', 'H-603', 'J'),
(54, 845, 1000, 'SGW', 'H-561', 'M,W'),
(55, 1015, 1105, 'SGW', 'H-439', 'M'),
(56, 1015, 1105, 'SGW', 'H-400', 'M'),
(57, 1745, 2015, 'SGW', 'FG-C080', 'W'),
(58, 1445, 1535, 'SGW', 'MB-3.255', 'T'),
(59, 1445, 1535, 'SGW', 'MB-S2.455', 'J'),
(60, 1145, 1300, 'SGW', 'FG-B030', 'W,F'),
(61, 1445, 1535, 'SGW', 'H-529', 'F'),
(62, 1145, 1235, 'SGW', 'H-529', 'M'),
(63, 1315, 1430, 'SGW', 'H-403', 'W,F'),
(64, 1445, 1535, 'SGW', 'MB-2.265', 'T'),
(65, 1445, 1535, 'SGW', 'H-615', 'J'),
(66, 1445, 1730, 'SGW', 'H-403', 'W'),
(67, 915, 1005, 'SGW', 'MB-2.265', 'W'),
(68, 915, 1005, 'SGW', 'MB-2.255', 'F'),
(69, 1145, 1300, 'SGW', 'H-401', 'T,J'),
(70, 1315, 1405, 'SGW', 'H-609', 'T'),
(71, 1315, 1405, 'SGW', 'H-427', 'T'),
(72, 1745, 2015, 'SGW', 'H-539', 'F'),
(73, 2030, 2120, 'SGW', 'H-437', 'F'),
(74, 2030, 2120, 'SGW', 'H-529', 'F'),
(75, 1745, 2015, 'SGW', 'H-633', 'T'),
(76, 1745, 2015, 'SGW', 'H-629', 'J'),
(77, 1015, 1130, 'SGW', 'H-459', 'M,W'),
(78, 1745, 2015, 'SGW', 'H-529', 'T'),
(79, 1145, 1300, 'SGW', 'FG-B080', 'M,W'),
(80, 1745, 2015, 'SGW', 'H-523', 'J'),
(81, 1745, 2015, 'SGW', 'H-544', 'F'),
(82, 1745, 2015, 'SGW', 'H-562', 'F'),
(83, 1315, 1430, 'SGW', 'H-427', 'M,W'),
(84, 845, 1000, 'SGW', 'H-401', 'T,J'),
(85, 1015, 1155, 'SGW', 'H-400', 'T'),
(86, 1815, 1955, 'SGW', 'FG-C070', 'J'),
(87, 1015, 1130, 'SGW', 'H-501', 'W,F'),
(88, 1145, 1235, 'SGW', 'H-537', 'F'),
(89, 1245, 1335, 'SGW', 'H-437', 'F'),
(90, 1145, 1300, 'SGW', 'H-423', 'W,F'),
(91, 1545, 1635, 'SGW', 'H-621', 'F'),
(92, 1545, 1635, 'SGW', 'H-529', 'F'),
(93, 1315, 1430, 'SGW', 'MB-S2.115', 'W,F'),
(94, 1445, 1535, 'SGW', 'MB-S2.135', 'F'),
(95, 1445, 1535, 'SGW', 'MB-3.265', 'F'),
(96, 1015, 1130, 'SGW', 'H-509', 'W,F'),
(97, 915, 1005, 'SGW', 'H-615', 'F'),
(98, 915, 1005, 'SGW', 'H-400', 'F'),
(99, 1745, 2015, 'SGW', 'MB-2.265', 'W'),
(100, 2020, 2105, 'SGW', 'MB-1.301', 'W'),
(101, 1315, 1430, 'SGW', 'H-623', 'T,J'),
(102, 1445, 1535, 'SGW', 'H-403', 'T'),
(103, 1145, 1300, 'LOY', 'HC-112', 'W,F'),
(104, 1800, 2015, 'LOY', 'CC-321', 'J'),
(105, 845, 1000, 'LOY', 'CC-111', 'W,F'),
(106, 1800, 2015, 'LOY', 'CC-314', 'J'),
(107, 1315, 1430, 'LOY', 'CC-301', 'W,F'),
(108, 1445, 1600, 'LOY', 'CC-301', 'T,J'),
(109, 1145, 1300, 'SGW', 'H-415', 'T,J'),
(110, 1800, 2015, 'SGW', 'H-411', 'J'),
(111, 1445, 1715, 'SGW', 'H-507', 'W'),
(112, 1445, 1600, 'SGW', 'H-920', 'M,W'),
(113, 1800, 2045, 'LOY', 'CJ-1.114', 'W'),
(114, 1615, 1730, 'SGW', 'H-620', 'M,W'),
(115, 1445, 1600, 'SGW', 'H-561', 'T,J'),
(116, 1315, 1600, 'SGW', 'FG-B040', 'F'),
(117, 1015, 1130, 'SGW', 'H-415', 'M,W'),
(118, 1315, 1430, 'SGW', 'H-420', 'T,J'),
(119, 1800, 2015, 'SGW', 'H-920', 'J'),
(120, 1800, 2045, 'SGW', 'FG-B060', 'T'),
(121, 1315, 1430, 'SGW', 'H-565', 'M,W'),
(122, 1315, 1505, 'SGW', 'MB-3.255', 'F'),
(123, 1445, 1605, 'SGW', 'H-544', 'W'),
(124, 1615, 1730, 'SGW', 'H-603', 'M,W'),
(125, 1745, 1935, 'SGW', 'H-621', 'M'),
(126, 1745, 1935, 'SGW', 'H-627', 'M'),
(127, 1745, 2015, 'SGW', 'H-633', 'T'),
(128, 1745, 2015, 'SGW', 'H-629', 'J'),
(129, 1145, 1300, 'SGW', 'FG-B080', 'M,W'),
(130, 1445, 1730, 'SGW', 'H-403', 'W'),
(131, 915, 1005, 'SGW', 'MB-2.265', 'W'),
(132, 915, 1005, 'SGW', 'MB-2.255', 'F'),
(133, 1015, 1130, 'SGW', 'H-459', 'M,W'),
(134, 1315, 1430, 'SGW', 'H-427', 'M,W'),
(135, 1145, 1300, 'SGW', 'H-557', 'T,J'),
(136, 1615, 1730, 'SGW', 'H-420', 'M,W'),
(137, 1445, 1535, 'SGW', 'MB-S2.135', 'W'),
(138, 1015, 1105, 'SGW', 'H-529', 'J'),
(139, 1315, 1430, 'SGW', 'H-565', 'M,W'),
(140, 1315, 1505, 'SGW', 'MB-3.255', 'F'),
(141, 1445, 1605, 'SGW', 'H-544', 'W'),
(142, 1615, 1730, 'SGW', 'H-603', 'M,W'),
(143, 1745, 1935, 'SGW', 'H-621', 'M'),
(144, 1745, 1935, 'SGW', 'H-627', 'M'),
(145, 1745, 2015, 'SGW', 'MB-2.265', 'W'),
(146, 2020, 2105, 'SGW', 'MB-1.301', 'W'),
(147, 1315, 1430, 'SGW', 'H-623', 'T,J'),
(148, 1445, 1535, 'SGW', 'H-403', 'T'),
(149, 1745, 2015, 'SGW', 'H-521', 'J'),
(150, 1445, 1730, 'SGW', 'H-605', 'M'),
(151, 1745, 2015, 'SGW', 'H-529', 'T'),
(152, 1745, 2015, 'SGW', 'H-523', 'J'),
(153, 1745, 2015, 'SGW', 'H-544', 'F'),
(154, 1745, 2015, 'SGW', 'H-562', 'F'),
(155, 1315, 1430, 'SGW', 'H-623', 'T,J'),
(156, 1445, 1535, 'SGW', 'H-403', 'T'),
(157, 1315, 1430, 'SGW', 'FG-B030', 'M,W'),
(158, 1015, 1155, 'SGW', 'H-607', 'M'),
(159, 1015, 1155, 'SGW', 'H-631', 'W'),
(160, 845, 1025, 'SGW', 'H-633', 'F'),
(161, 845, 1000, 'SGW', 'H-605', 'M,W'),
(162, 845, 1025, 'SGW', 'H-632', 'F'),
(163, 1015, 1155, 'SGW', 'H-619', 'M'),
(164, 1015, 1155, 'SGW', 'H-619', 'W'),
(165, 1745, 2015, 'SGW', 'H-605', 'F'),
(166, 2030, 2210, 'SGW', 'H-632', 'F'),
(167, 2030, 2210, 'SGW', 'H-634', 'F'),
(168, 1745, 1925, 'SGW', 'H-427', 'M'),
(169, 1615, 1730, 'SGW', 'H-937', 'T'),
(170, 845, 935, 'SGW', 'H-403', 'W'),
(171, 845, 935, 'SGW', 'H-403', 'W'),
(172, 1615, 1705, 'SGW', 'H-459', 'W,J'),
(173, 1615, 1705, 'SGW', 'H-459', 'W,J'),
(174, 1615, 1730, 'SGW', 'H-937', 'J'),
(175, 1745, 1835, 'SGW', 'H-820', 'W,J'),
(176, 1745, 1835, 'SGW', 'H-820', 'W,J'),
(177, 1615, 1705, 'SGW', 'H-423', 'T,W'),
(178, 845, 935, 'SGW', 'FG-B055', 'M,W'),
(179, 1145, 1300, 'SGW', 'H-420', 'M,W'),
(180, 1315, 1455, 'SGW', 'H-523', 'F'),
(181, 1315, 1455, 'SGW', 'H-537', 'F'),
(182, 845, 1000, 'SGW', 'H-420', 'W,F'),
(183, 820, 1000, 'SGW', 'H-537', 'M'),
(184, 820, 1000, 'SGW', 'H-544', 'M'),
(185, 1015, 1130, 'SGW', 'H-1070', 'T,J'),
(186, 1315, 1455, 'SGW', 'H-564', 'M'),
(187, 1315, 1455, 'SGW', 'H-562', 'M'),
(188, 1145, 1300, 'SGW', 'H-920', 'W,F'),
(189, 1415, 1555, 'SGW', 'H-562', 'F'),
(190, 1415, 1555, 'SGW', 'H-544', 'F'),
(191, 845, 1000, 'SGW', 'H-520', 'W,F'),
(192, 1345, 1525, 'SGW', 'H-544', 'J'),
(193, 1345, 1525, 'SGW', 'H-540', 'J'),
(194, 1015, 1130, 'SGW', 'H-420', 'T,J'),
(195, 1315, 1455, 'SGW', 'H-420', 'M'),
(196, 1315, 1455, 'SGW', 'H-540', 'M'),
(197, 1745, 2015, 'SGW', 'FG-B040', 'F'),
(198, 1545, 1725, 'SGW', 'H-537', 'F'),
(199, 1545, 1725, 'SGW', 'H-540', 'F'),
(200, 1445, 1600, 'SGW', 'MB-3.210', 'M,W'),
(201, 1245, 1425, 'SGW', 'MB-2.265', 'M'),
(202, 1615, 1755, 'SGW', 'MB-2.285', 'W'),
(203, 1315, 1430, 'SGW', 'H-520', 'T,J'),
(204, 1045, 1225, 'SGW', 'H-623', 'M'),
(205, 1045, 1225, 'SGW', 'H-625', 'M'),
(206, 1315, 1430, 'SGW', 'H-501', 'T,J'),
(207, 1045, 1225, 'SGW', 'MB-2.265', 'M'),
(208, 1045, 1225, 'SGW', 'MB-S2.455', 'M'),
(209, 845, 1000, 'SGW', 'H-401', 'T,J'),
(210, 1015, 1155, 'SGW', 'H-400', 'T'),
(211, 1815, 1955, 'SGW', 'FG-C070', 'J'),
(212, 845, 1000, 'SGW', 'H-561', 'M,W'),
(213, 1015, 1105, 'SGW', 'H-439', 'M'),
(214, 1015, 1105, 'SGW', 'H-400', 'M'),
(215, 1745, 2015, 'SGW', 'FG-C080', 'W'),
(216, 1445, 1535, 'SGW', 'MB-3.255', 'T'),
(217, 1445, 1535, 'SGW', 'MB-S2.455', 'J'),
(218, 1145, 1300, 'SGW', 'FG-B030', 'W,F'),
(219, 1445, 1535, 'SGW', 'H-529', 'F'),
(220, 1145, 1235, 'SGW', 'H-529', 'M'),
(221, 1315, 1430, 'SGW', 'H-403', 'W,F'),
(222, 1445, 1535, 'SGW', 'MB-2.265', 'T'),
(223, 1445, 1535, 'SGW', 'H-615', 'J'),
(224, 1615, 1730, 'SGW', 'MB-3.210', 'J'),
(225, 1745, 2015, 'SGW', 'H-439', 'T'),
(226, 2030, 2120, 'SGW', 'H-632', 'T'),
(227, 2030, 2120, 'SGW', 'H-634', 'T'),
(228, 1745, 2015, 'SGW', 'H-613', 'J'),
(229, 2030, 2120, 'SGW', 'H-564', 'J'),
(230, 2030, 2120, 'SGW', 'H-603', 'J'),
(231, 1145, 1300, 'SGW', 'H-433', 'W,F'),
(232, 1315, 1455, 'SGW', 'H-625', 'F'),
(233, 1315, 1455, 'SGW', 'H-634', 'F'),
(234, 845, 1000, 'SGW', 'H-521', 'T,J'),
(235, 1445, 1625, 'SGW', 'H-537', 'W'),
(236, 1445, 1625, 'SGW', 'H-607', 'W'),
(237, 1015, 1130, 'SGW', 'H-501', 'W,F'),
(238, 1145, 1235, 'SGW', 'H-537', 'F'),
(239, 1245, 1335, 'SGW', 'H-437', 'F'),
(240, 1145, 1300, 'SGW', 'H-629', 'T,J'),
(241, 1315, 1405, 'SGW', 'H-523', 'T'),
(242, 1315, 1405, 'SGW', 'MB-2.285', 'J'),
(243, 1745, 2015, 'SGW', 'H-629', 'F'),
(244, 2030, 2120, 'SGW', 'H-537', 'T'),
(245, 2030, 2120, 'SGW', 'H-403', 'J'),
(246, 1145, 1300, 'SGW', 'H-423', 'W,F'),
(247, 1545, 1635, 'SGW', 'H-621', 'F'),
(248, 1545, 1635, 'SGW', 'H-529', 'F'),
(249, 1315, 1430, 'SGW', 'MB-S2.115', 'W,F'),
(250, 1445, 1535, 'SGW', 'MB-S2.135', 'F'),
(251, 1445, 1535, 'SGW', 'MB-3.265', 'F'),
(252, 1015, 1130, 'SGW', 'H-509', 'W,F'),
(253, 915, 1005, 'SGW', 'H-615', 'F'),
(254, 915, 1005, 'SGW', 'H-400', 'F'),
(255, 1615, 1730, 'SGW', 'H-553', 'T,J'),
(256, 1615, 1730, 'SGW', 'H-407', 'T,J'),
(257, 1745, 2015, 'SGW', 'FG-B060', 'F'),
(258, 1745, 2015, 'SGW', 'H-507', 'F'),
(259, 1615, 1730, 'SGW', 'FG-B040', 'T,J'),
(260, 1415, 1505, 'SGW', 'H-427', 'F'),
(261, 1615, 1705, 'SGW', 'H-562', 'F'),
(262, 1615, 1730, 'SGW', 'H-820', 'T,J'),
(263, 1415, 1505, 'SGW', 'H-564', 'F'),
(264, 1615, 1705, 'SGW', 'H-623', 'F'),
(265, 845, 1115, 'SGW', 'FG-B080', 'F'),
(266, 1615, 1730, 'SGW', 'H-459', 'M,W'),
(267, 1745, 2015, 'SGW', 'FG-B055', 'J'),
(268, 1315, 1430, 'SGW', 'MB-5.265', 'M,W'),
(269, 1445, 1535, 'SGW', 'MB-S2.105', 'W'),
(270, 1445, 1535, 'SGW', 'MB-3.255', 'M'),
(271, 1745, 2015, 'SGW', 'H-521', 'W'),
(272, 2030, 2210, 'SGW', 'H-632', 'W'),
(273, 2030, 2210, 'SGW', 'H-634', 'W'),
(274, 2030, 2210, 'SGW', 'H-634', 'M'),
(275, 1745, 2015, 'SGW', 'H-521', 'T'),
(276, 2030, 2210, 'SGW', 'H-633', 'T'),
(277, 2030, 2210, 'SGW', 'H-632', 'T'),
(278, 2030, 2210, 'SGW', 'H-634', 'T'),
(279, 1315, 1430, 'SGW', 'H-629', 'M,W'),
(280, 1445, 1635, 'SGW', 'H-625', 'M'),
(281, 1445, 1635, 'SGW', 'H-627', 'W'),
(282, 1745, 2015, 'SGW', 'H-459', 'M'),
(283, 1145, 1335, 'SGW', 'H-609', 'J'),
(284, 1145, 1335, 'SGW', 'H-529', 'T'),
(285, 1015, 1130, 'SGW', 'GN-M100', 'W,F'),
(286, 1145, 1325, 'SGW', 'H-540', 'F'),
(287, 1145, 1325, 'SGW', 'MB-S1.105', 'W'),
(288, 1015, 1130, 'SGW', 'H-423', 'W,F'),
(289, 1015, 1155, 'SGW', 'MB-S2.105', 'M'),
(290, 1145, 1325, 'SGW', 'H-529', 'W'),
(291, 1745, 2015, 'SGW', 'H-507', 'J'),
(292, 2030, 2210, 'SGW', 'H-507', 'J'),
(293, 1745, 1925, 'SGW', 'H-437', 'F'),
(294, 1745, 2015, 'SGW', 'H-631', 'F'),
(295, 1015, 1155, 'SGW', 'H-613', 'W'),
(296, 1145, 1325, 'SGW', 'MB-S2.445', 'M'),
(297, 1745, 2015, 'SGW', 'H-439', 'M'),
(298, 2030, 2120, 'SGW', 'H-632', 'M'),
(299, 2130, 2220, 'SGW', 'H-632', 'M'),
(300, 1145, 1300, 'SGW', 'H-540', 'T,J'),
(301, 1315, 1405, 'SGW', 'H-427', 'T'),
(302, 1315, 1405, 'SGW', 'H-441', 'J'),
(303, 1745, 2015, 'SGW', 'H-557', 'W'),
(304, 2030, 2120, 'SGW', 'H-557', 'W'),
(305, 2030, 2120, 'SGW', 'H-607', 'W'),
(306, 1445, 1600, 'SGW', 'H-629', 'M,W'),
(307, 1615, 1705, 'SGW', 'H-437', 'M'),
(308, 1615, 1705, 'SGW', 'H-540', 'W'),
(309, 1315, 1430, 'SGW', 'H-605', 'M,W'),
(310, 1615, 1705, 'SGW', 'MB-2.265', 'M'),
(311, 1615, 1705, 'SGW', 'MB-2.285', 'W'),
(312, 1315, 1430, 'SGW', 'H-603', 'M,W'),
(313, 1615, 1705, 'SGW', 'H-562', 'W'),
(314, 1615, 1705, 'SGW', 'H-544', 'W'),
(315, 1745, 2015, 'SGW', 'H-605', 'J'),
(316, 2030, 2120, 'SGW', 'H-603', 'J'),
(317, 2030, 2120, 'SGW', 'H-605', 'J'),
(318, 1145, 1300, 'SGW', 'FG-B080', 'T,J'),
(319, 1745, 2015, 'SGW', 'H-625', 'J'),
(320, 1445, 1730, 'SGW', 'MB-2.255', 'J'),
(321, 1145, 1300, 'SGW', 'H-439', 'T,J'),
(322, 1315, 1405, 'SGW', 'H-632', 'T'),
(323, 1315, 1405, 'SGW', 'H-562', 'J'),
(324, 1745, 2015, 'SGW', 'H-621', 'M'),
(325, 1315, 1430, 'SGW', 'H-501', 'M,W'),
(326, 1745, 2015, 'SGW', 'H-439', 'W'),
(327, 1745, 2015, 'SGW', 'H-621', 'W'),
(328, 1445, 1600, 'SGW', 'H-427', 'T,J'),
(329, 1315, 1430, 'SGW', 'H-562', 'M,W'),
(330, 1445, 1600, 'SGW', 'H-459', 'M,W'),
(331, 1615, 1755, 'SGW', 'H-427', 'W'),
(332, 1615, 1755, 'SGW', 'H-403', 'W'),
(333, 845, 1000, 'SGW', 'H-401', 'T,J'),
(334, 1015, 1155, 'SGW', 'H-623', 'T'),
(335, 1015, 1155, 'SGW', 'H-441', 'J'),
(336, 1445, 1600, 'SGW', 'H-509', 'T,J'),
(337, 1615, 1755, 'SGW', 'H-403', 'T'),
(338, 1615, 1755, 'SGW', 'H-401', 'J'),
(339, 1515, 1655, 'SGW', 'H-437', 'F'),
(340, 1615, 1730, 'SGW', 'H-544', 'T,J'),
(341, 1415, 1605, 'SGW', 'H-523', 'F'),
(342, 845, 1000, 'SGW', 'FG-B070', 'W,F'),
(343, 1215, 1305, 'SGW', 'H-627', 'F'),
(344, 1315, 1405, 'SGW', 'MB-2.265', 'F'),
(345, 1315, 1430, 'SGW', 'H-459', 'T,J'),
(346, 1445, 1535, 'SGW', 'H-523', 'J'),
(347, 1445, 1535, 'SGW', 'H-615', 'J'),
(348, 1015, 1130, 'SGW', 'H-633', 'W,F'),
(349, 1145, 1235, 'SGW', 'H-523', 'F'),
(350, 1145, 1235, 'SGW', 'H-441', 'F'),
(351, 1145, 1300, 'SGW', 'FG-B050', 'T,J'),
(352, 1045, 1135, 'SGW', 'FG-B055', 'T'),
(353, 1045, 1135, 'SGW', 'FG-C070', 'J'),
(354, 1045, 1135, 'SGW', 'H-400', 'M'),
(355, 1615, 1755, 'SGW', 'MB-3.430', 'M'),
(356, 1815, 1905, 'SGW', 'H-529', 'M'),
(357, 1815, 1905, 'SGW', 'H-400', 'M'),
(358, 1800, 2015, 'SGW', 'FG-C070', 'T'),
(359, 1015, 1130, 'LOY', 'CC-308', 'T,J'),
(360, 1800, 2015, 'LOY', 'CC-320', 'J'),
(361, 1015, 1130, 'LOY', 'CC-320', 'W,F'),
(362, 1015, 1130, 'LOY', 'CJ-1.129', 'T,J'),
(363, 1145, 1300, 'LOY', 'CJ-1.129', 'W,F'),
(364, 1745, 2015, 'SGW', 'EV-1.162', 'M'),
(365, 1315, 1430, 'SGW', 'H-507', 'T,J'),
(366, 1315, 1545, 'SGW', 'H-920', 'W'),
(367, 1800, 2015, 'SGW', 'H-620', 'T'),
(368, 1615, 1900, 'LOY', 'CJ-1.114', 'M'),
(369, 1315, 1430, 'SGW', 'H-561', 'T,J'),
(370, 2030, 2245, 'SGW', 'H-553', 'W'),
(371, 1315, 1430, 'SGW', 'H-520', 'M,W'),
(372, 1315, 1430, 'SGW', 'H-820', 'T,J'),
(373, 1800, 2015, 'SGW', 'H-820', 'J'),
(374, 845, 1000, 'SGW', 'H-620', 'T,J'),
(375, 1800, 2015, 'SGW', 'H-820', 'W'),
(376, 1745, 2015, 'SGW', 'H-625', 'J'),
(377, 1745, 2015, 'SGW', 'H-439', 'W'),
(378, 1445, 1600, 'SGW', 'H-427', 'T,J'),
(379, 1315, 1430, 'SGW', 'H-562', 'M,W'),
(380, 1315, 1430, 'SGW', 'H-603', 'M,W'),
(381, 1615, 1705, 'SGW', 'H-562', 'W'),
(382, 1615, 1705, 'SGW', 'H-544', 'W'),
(383, 1315, 1430, 'SGW', 'H-501', 'M,W'),
(384, 1445, 1730, 'SGW', 'MB-2.255', 'J'),
(385, 1145, 1300, 'SGW', 'H-439', 'T,J'),
(386, 1315, 1405, 'SGW', 'H-632', 'T'),
(387, 1315, 1405, 'SGW', 'H-562', 'J'),
(388, 1745, 2015, 'SGW', 'H-621', 'M'),
(389, 1745, 2015, 'SGW', 'H-621', 'W'),
(390, 1015, 1130, 'SGW', 'GN-M100', 'W,F'),
(391, 1145, 1325, 'SGW', 'H-540', 'F'),
(392, 1145, 1325, 'SGW', 'MB-S1.105', 'W'),
(393, 1615, 1730, 'SGW', 'H-937', 'T'),
(394, 845, 935, 'SGW', 'H-435', 'W'),
(395, 845, 935, 'SGW', 'H-435', 'W'),
(396, 1615, 1705, 'SGW', 'H-411', 'W,J'),
(397, 1615, 1705, 'SGW', 'H-411', 'W,J'),
(398, 1615, 1730, 'SGW', 'H-937', 'J'),
(399, 845, 935, 'SGW', 'H-507', 'W,F'),
(400, 845, 935, 'SGW', 'H-507', 'W,F'),
(401, 1615, 1705, 'SGW', 'H-411', 'T,W'),
(402, 1615, 1705, 'SGW', 'H-411', 'T,W'),
(403, 1445, 1600, 'SGW', 'H-535', 'T,J'),
(404, 1800, 1940, 'SGW', 'H-520', 'M'),
(405, 1745, 1925, 'SGW', 'FG-B080', 'F'),
(406, 1445, 1600, 'SGW', 'FG-C080', 'T,J'),
(407, 1610, 1750, 'SGW', 'H-603', 'M'),
(408, 1745, 1925, 'SGW', 'H-627', 'F'),
(409, 1445, 1600, 'SGW', 'MB-S2.330', 'T,J'),
(410, 1545, 1725, 'SGW', 'H-625', 'F'),
(411, 1545, 1725, 'SGW', 'H-623', 'F'),
(412, 1015, 1130, 'SGW', 'H-423', 'W,F'),
(413, 1015, 1155, 'SGW', 'MB-S2.105', 'M'),
(414, 1145, 1325, 'SGW', 'H-529', 'W'),
(415, 1745, 2015, 'SGW', 'H-507', 'J'),
(416, 2030, 2210, 'SGW', 'H-507', 'J'),
(417, 1745, 1925, 'SGW', 'H-437', 'F'),
(418, 1745, 2015, 'SGW', 'H-631', 'F'),
(419, 1015, 1155, 'SGW', 'H-613', 'W'),
(420, 1145, 1325, 'SGW', 'MB-S2.445', 'M'),
(421, 1615, 1730, 'SGW', 'H-1070', 'M,W'),
(422, 1745, 1925, 'SGW', 'H-609', 'M'),
(423, 1940, 2120, 'SGW', 'H-609', 'M'),
(424, 1145, 1300, 'SGW', 'H-1070', 'T,J'),
(425, 1415, 1555, 'SGW', 'H-621', 'F'),
(426, 1415, 1555, 'SGW', 'H-564', 'F'),
(427, 845, 1000, 'SGW', 'H-1070', 'W,F'),
(428, 820, 1000, 'SGW', 'H-623', 'M'),
(429, 1315, 1455, 'SGW', 'H-537', 'W'),
(430, 1015, 1130, 'SGW', 'H-1070', 'W,F'),
(431, 945, 1125, 'SGW', 'FG-B080', 'J'),
(432, 945, 1125, 'SGW', 'H-625', 'J'),
(433, 845, 1000, 'SGW', 'H-1070', 'T,J'),
(434, 945, 1125, 'SGW', 'H-625', 'M'),
(435, 1315, 1455, 'SGW', 'H-537', 'M'),
(436, 845, 1000, 'SGW', 'H-420', 'T,J'),
(437, 820, 1000, 'SGW', 'H-627', 'M'),
(438, 820, 1000, 'SGW', 'H-621', 'M'),
(439, 1015, 1130, 'SGW', 'H-420', 'W,F'),
(440, 1415, 1555, 'SGW', 'H-540', 'F'),
(441, 1415, 1555, 'SGW', 'H-537', 'F'),
(442, 1445, 1600, 'SGW', 'H-459', 'M,W'),
(443, 1615, 1755, 'SGW', 'H-427', 'W'),
(444, 1615, 1755, 'SGW', 'H-403', 'W'),
(445, 845, 1000, 'SGW', 'H-401', 'T,J'),
(446, 1015, 1155, 'SGW', 'H-623', 'T'),
(447, 1015, 1155, 'SGW', 'H-441', 'J'),
(448, 1445, 1600, 'SGW', 'H-509', 'T,J'),
(449, 1615, 1755, 'SGW', 'H-403', 'T'),
(450, 1615, 1755, 'SGW', 'H-401', 'J'),
(451, 1515, 1655, 'SGW', 'H-437', 'F'),
(452, 1445, 1600, 'SGW', 'H-629', 'M,W'),
(453, 1615, 1705, 'SGW', 'H-437', 'M'),
(454, 1615, 1705, 'SGW', 'H-540', 'W'),
(455, 1315, 1430, 'SGW', 'H-605', 'M,W'),
(456, 1615, 1705, 'SGW', 'MB-2.265', 'M'),
(457, 1615, 1705, 'SGW', 'MB-2.285', 'W'),
(458, 1445, 1600, 'SGW', 'H-507', 'T,J'),
(459, 1615, 1755, 'SGW', 'H-615', 'F'),
(460, 1615, 1755, 'SGW', 'H-400', 'T'),
(461, 1615, 1755, 'SGW', 'MB-2.255', 'M'),
(462, 1745, 2015, 'SGW', 'FG-B060', 'T'),
(463, 1615, 1755, 'SGW', 'H-615', 'M'),
(464, 1615, 1755, 'SGW', 'H-400', 'J'),
(465, 1615, 1755, 'SGW', 'H-427', 'F'),
(466, 1745, 1900, 'SGW', 'H-531', 'W'),
(467, 1745, 2015, 'SGW', 'H-557', 'W'),
(468, 2030, 2120, 'SGW', 'H-557', 'W'),
(469, 2030, 2120, 'SGW', 'H-607', 'W'),
(470, 1745, 2015, 'SGW', 'H-407', 'T'),
(471, 945, 1125, 'SGW', 'H-634', 'W'),
(472, 1015, 1155, 'SGW', 'H-625', 'W'),
(473, 1015, 1155, 'SGW', 'H-623', 'W'),
(474, 1445, 1600, 'SGW', 'H-411', 'T,J'),
(475, 1015, 1105, 'SGW', 'H-562', 'F'),
(476, 1015, 1105, 'SGW', 'H-544', 'F'),
(477, 1015, 1105, 'SGW', 'MB-1.301', 'F'),
(478, 1015, 1130, 'SGW', 'FG-B060', 'W,F'),
(479, 845, 935, 'SGW', 'H-400', 'W'),
(480, 845, 935, 'SGW', 'H-400', 'F'),
(481, 845, 935, 'SGW', 'H-615', 'W'),
(482, 1745, 2015, 'SGW', 'H-411', 'F'),
(483, 1445, 1535, 'SGW', 'MB-3.255', 'F'),
(484, 1445, 1535, 'SGW', 'MB-2.265', 'F'),
(485, 1445, 1535, 'SGW', 'MB-3.265', 'M'),
(486, 1615, 1730, 'SGW', 'H-544', 'T,J'),
(487, 1415, 1605, 'SGW', 'H-523', 'F'),
(488, 845, 1000, 'SGW', 'FG-B070', 'W,F'),
(489, 1215, 1305, 'SGW', 'H-627', 'F'),
(490, 1315, 1405, 'SGW', 'MB-2.265', 'F'),
(491, 1145, 1300, 'SGW', 'H-540', 'T,J'),
(492, 1315, 1405, 'SGW', 'H-427', 'T'),
(493, 1315, 1405, 'SGW', 'H-441', 'J'),
(494, 1315, 1430, 'SGW', 'H-459', 'T,J'),
(495, 1445, 1535, 'SGW', 'H-523', 'J'),
(496, 1445, 1535, 'SGW', 'H-615', 'J'),
(497, 1015, 1130, 'SGW', 'H-633', 'W,F'),
(498, 1145, 1235, 'SGW', 'H-523', 'F'),
(499, 1145, 1235, 'SGW', 'H-441', 'F'),
(500, 1615, 1755, 'SGW', 'MB-3.430', 'M'),
(501, 1815, 1905, 'SGW', 'H-529', 'M'),
(502, 1815, 1905, 'SGW', 'H-400', 'M'),
(503, 1145, 1300, 'SGW', 'FG-B050', 'T,J'),
(504, 1045, 1135, 'SGW', 'FG-B055', 'T'),
(505, 1045, 1135, 'SGW', 'FG-C070', 'J'),
(506, 1045, 1135, 'SGW', 'H-400', 'M'),
(507, 1615, 1730, 'SGW', 'H-553', 'T,J'),
(508, 1745, 2015, 'SGW', 'FG-B060', 'M'),
(509, 1315, 1430, 'SGW', 'MB-2.270', 'T,J'),
(510, 1145, 1235, 'SGW', 'H-625', 'F'),
(511, 1315, 1405, 'SGW', 'H-623', 'F'),
(512, 1145, 1235, 'SGW', 'H-623', 'F'),
(513, 845, 1000, 'SGW', 'FG-B060', 'W,F'),
(514, 1315, 1405, 'SGW', 'H-621', 'F'),
(515, 1515, 1605, 'SGW', 'H-627', 'F'),
(516, 1315, 1405, 'SGW', 'MB-2.255', 'F'),
(517, 1745, 2015, 'SGW', 'H-407', 'J'),
(518, 2030, 2120, 'SGW', 'H-615', 'J'),
(519, 2030, 2120, 'SGW', 'H-400', 'J'),
(520, 1745, 1835, 'SGW', 'MB-S1.255', 'T'),
(521, 1145, 1300, 'SGW', 'FG-B050', 'T,J'),
(522, 1045, 1135, 'SGW', 'FG-B055', 'T'),
(523, 1045, 1135, 'SGW', 'FG-C070', 'J'),
(524, 1045, 1135, 'SGW', 'H-400', 'M'),
(525, 1145, 1300, 'SGW', 'H-459', 'T,J'),
(526, 1615, 1730, 'SGW', 'FG-B080', 'M,W'),
(527, 1745, 2015, 'SGW', 'FG-B080', 'T');

-- --------------------------------------------------------

--
-- Table structure for table `tutorials`
--

DROP TABLE IF EXISTS `tutorials`;
CREATE TABLE IF NOT EXISTS `tutorials` (
  `id` int(11) NOT NULL AUTO_INCREMENT,
  `section` varchar(4) NOT NULL,
  `lecture_id` int(11) NOT NULL,
  `time_location_id` int(11) NOT NULL,
  PRIMARY KEY (`id`)
) ENGINE=InnoDB  DEFAULT CHARSET=latin1 AUTO_INCREMENT=303 ;

--
-- Dumping data for table `tutorials`
--

INSERT INTO `tutorials` (`id`, `section`, `lecture_id`, `time_location_id`) VALUES
(1, 'AB', 3, 1),
(2, 'AB', 3, 1),
(3, 'JB', 4, 7),
(4, 'WB', 5, 6),
(5, 'LB', 6, 5),
(6, 'MB', 7, 4),
(7, 'IB', 8, 3),
(8, 'A', 9, 9),
(9, 'A', 10, 11),
(10, 'B', 10, 12),
(11, 'A', 11, 14),
(12, 'B', 11, 15),
(13, 'A', 12, 17),
(14, 'B', 12, 18),
(15, 'A', 13, 20),
(16, 'B', 13, 21),
(17, 'C', 13, 22),
(18, 'A', 14, 24),
(19, 'B', 14, 25),
(20, 'C', 14, 26),
(21, 'A', 15, 28),
(22, 'B', 15, 29),
(23, 'C', 15, 30),
(24, 'A', 16, 32),
(25, 'B', 16, 33),
(26, 'A', 17, 35),
(27, 'B', 17, 36),
(28, 'A', 18, 38),
(29, 'B', 18, 39),
(30, 'A', 19, 41),
(31, 'A', 20, 43),
(32, 'B', 20, 44),
(33, 'A', 21, 46),
(34, 'B', 21, 47),
(35, 'A', 22, 49),
(36, 'B', 22, 50),
(37, 'A', 23, 52),
(38, 'B', 23, 53),
(39, 'A', 24, 55),
(40, 'B', 24, 56),
(41, 'A', 25, 58),
(42, 'B', 25, 59),
(43, 'A', 26, 61),
(44, 'B', 26, 62),
(45, 'A', 27, 64),
(46, 'B', 27, 65),
(47, 'A', 28, 67),
(48, 'B', 28, 68),
(49, 'A', 29, 70),
(50, 'F', 29, 71),
(51, 'A', 30, 73),
(52, 'B', 30, 74),
(53, 'A', 40, 85),
(54, 'B', 40, 86),
(55, 'A', 41, 88),
(56, 'B', 41, 89),
(57, 'A', 42, 91),
(58, 'B', 42, 92),
(59, 'A', 43, 94),
(60, 'B', 43, 95),
(61, 'A', 44, 97),
(62, 'B', 44, 98),
(63, 'E', 45, 100),
(64, 'A', 46, 102),
(65, 'A', 65, 122),
(66, 'B', 65, 123),
(67, 'A', 66, 125),
(68, 'B', 66, 126),
(69, 'A', 70, 131),
(70, 'B', 70, 132),
(71, 'A', 74, 137),
(72, 'B', 74, 138),
(73, 'A', 75, 140),
(74, 'B', 75, 141),
(75, 'A', 76, 143),
(76, 'B', 76, 144),
(77, 'E', 77, 146),
(78, 'A', 78, 148),
(79, 'A', 85, 156),
(80, 'A', 86, 158),
(81, 'B', 86, 159),
(82, 'C', 86, 160),
(83, 'A', 87, 162),
(84, 'B', 87, 163),
(85, 'C', 87, 164),
(86, 'A', 88, 166),
(87, 'B', 88, 167),
(88, 'C', 88, 168),
(89, 'A', 89, 170),
(90, 'B', 89, 171),
(91, 'C', 89, 172),
(92, 'D', 89, 173),
(93, 'A', 90, 175),
(94, 'B', 90, 176),
(95, 'C', 90, 177),
(96, 'D', 90, 178),
(97, 'A', 91, 180),
(98, 'B', 91, 181),
(99, 'A', 92, 183),
(100, 'B', 92, 184),
(101, 'A', 93, 186),
(102, 'B', 93, 187),
(103, 'A', 94, 189),
(104, 'B', 94, 190),
(105, 'A', 95, 192),
(106, 'B', 95, 193),
(107, 'A', 96, 195),
(108, 'B', 96, 196),
(109, 'E', 97, 198),
(110, 'F', 97, 199),
(111, 'A', 98, 201),
(112, 'B', 98, 202),
(113, 'A', 99, 204),
(114, 'B', 99, 205),
(115, 'A', 100, 207),
(116, 'B', 100, 208),
(117, 'A', 101, 210),
(118, 'B', 101, 211),
(119, 'A', 102, 213),
(120, 'B', 102, 214),
(121, 'A', 103, 216),
(122, 'B', 103, 217),
(123, 'A', 104, 219),
(124, 'B', 104, 220),
(125, 'A', 105, 222),
(126, 'B', 105, 223),
(127, 'A', 107, 226),
(128, 'B', 107, 227),
(129, 'A', 108, 229),
(130, 'B', 108, 230),
(131, 'A', 109, 232),
(132, 'B', 109, 233),
(133, 'A', 110, 235),
(134, 'B', 110, 236),
(135, 'A', 111, 238),
(136, 'B', 111, 239),
(137, 'A', 112, 241),
(138, 'B', 112, 242),
(139, 'A', 113, 244),
(140, 'B', 113, 245),
(141, 'A', 114, 247),
(142, 'B', 114, 248),
(143, 'A', 115, 250),
(144, 'B', 115, 251),
(145, 'A', 116, 253),
(146, 'B', 116, 254),
(147, 'A', 121, 260),
(148, 'B', 121, 261),
(149, 'A', 122, 263),
(150, 'B', 122, 264),
(151, 'A', 126, 269),
(152, 'B', 126, 270),
(153, 'A', 127, 272),
(154, 'B', 127, 273),
(155, 'C', 127, 274),
(156, 'A', 128, 276),
(157, 'B', 128, 277),
(158, 'C', 128, 278),
(159, 'A', 129, 280),
(160, 'B', 129, 281),
(161, 'A', 130, 283),
(162, 'B', 130, 284),
(163, 'A', 131, 286),
(164, 'B', 131, 287),
(165, 'A', 132, 289),
(166, 'B', 132, 290),
(167, 'A', 133, 292),
(168, 'B', 133, 293),
(169, 'A', 134, 295),
(170, 'B', 134, 296),
(171, 'A', 135, 298),
(172, 'B', 135, 299),
(173, 'A', 136, 301),
(174, 'B', 136, 302),
(175, 'A', 137, 304),
(176, 'B', 137, 305),
(177, 'I', 138, 307),
(178, 'J', 138, 308),
(179, 'A', 139, 310),
(180, 'B', 139, 311),
(181, 'A', 140, 313),
(182, 'B', 140, 314),
(183, 'A', 141, 316),
(184, 'B', 141, 317),
(185, 'A', 145, 322),
(186, 'B', 145, 323),
(187, 'A', 152, 331),
(188, 'B', 152, 332),
(189, 'A', 153, 334),
(190, 'B', 153, 335),
(191, 'A', 154, 337),
(192, 'B', 154, 338),
(193, 'C', 154, 339),
(194, 'A', 155, 341),
(195, 'A', 156, 343),
(196, 'B', 156, 344),
(197, 'A', 157, 346),
(198, 'B', 157, 347),
(199, 'A', 158, 349),
(200, 'B', 158, 350),
(201, 'A', 159, 352),
(202, 'B', 159, 353),
(203, 'C', 159, 354),
(204, 'A', 160, 356),
(205, 'B', 160, 357),
(206, 'A', 183, 381),
(207, 'B', 183, 382),
(208, 'A', 186, 386),
(209, 'B', 186, 387),
(210, 'A', 189, 391),
(211, 'B', 189, 392),
(212, 'A', 190, 394),
(213, 'B', 190, 395),
(214, 'E', 190, 396),
(215, 'F', 190, 397),
(216, 'A', 191, 399),
(217, 'B', 191, 400),
(218, 'C', 191, 401),
(219, 'D', 191, 402),
(220, 'A', 192, 404),
(221, 'B', 192, 405),
(222, 'A', 193, 407),
(223, 'B', 193, 408),
(224, 'A', 194, 410),
(225, 'B', 194, 411),
(226, 'A', 195, 413),
(227, 'B', 195, 414),
(228, 'A', 196, 416),
(229, 'B', 196, 417),
(230, 'A', 197, 419),
(231, 'B', 197, 420),
(232, 'A', 198, 422),
(233, 'B', 198, 423),
(234, 'A', 199, 425),
(235, 'B', 199, 426),
(236, 'A', 200, 428),
(237, 'B', 200, 429),
(238, 'A', 201, 431),
(239, 'B', 201, 432),
(240, 'A', 202, 434),
(241, 'B', 202, 435),
(242, 'A', 203, 437),
(243, 'B', 203, 438),
(244, 'A', 204, 440),
(245, 'B', 204, 441),
(246, 'A', 205, 443),
(247, 'B', 205, 444),
(248, 'A', 206, 446),
(249, 'B', 206, 447),
(250, 'A', 207, 449),
(251, 'B', 207, 450),
(252, 'C', 207, 451),
(253, 'I', 208, 453),
(254, 'J', 208, 454),
(255, 'A', 209, 456),
(256, 'B', 209, 457),
(257, 'A', 210, 459),
(258, 'B', 210, 460),
(259, 'C', 210, 461),
(260, 'N', 211, 463),
(261, 'O', 211, 464),
(262, 'P', 211, 465),
(263, 'A', 213, 468),
(264, 'B', 213, 469),
(265, 'A', 214, 471),
(266, 'B', 214, 472),
(267, 'C', 214, 473),
(268, 'A', 215, 475),
(269, 'B', 215, 476),
(270, 'C', 215, 477),
(271, 'A', 216, 479),
(272, 'B', 216, 480),
(273, 'C', 216, 481),
(274, 'A', 217, 483),
(275, 'B', 217, 484),
(276, 'C', 217, 485),
(277, 'A', 218, 487),
(278, 'A', 219, 489),
(279, 'B', 219, 490),
(280, 'A', 220, 492),
(281, 'B', 220, 493),
(282, 'A', 221, 495),
(283, 'B', 221, 496),
(284, 'A', 222, 498),
(285, 'B', 222, 499),
(286, 'A', 223, 501),
(287, 'B', 223, 502),
(288, 'A', 224, 504),
(289, 'B', 224, 505),
(290, 'C', 224, 506),
(291, 'A', 227, 510),
(292, 'B', 227, 511),
(293, 'C', 227, 512),
(294, 'A', 228, 514),
(295, 'B', 228, 515),
(296, 'C', 228, 516),
(297, 'A', 229, 518),
(298, 'B', 229, 519),
(299, 'C', 229, 520),
(300, 'A', 230, 522),
(301, 'B', 230, 523),
(302, 'C', 230, 524);

/*!40101 SET CHARACTER_SET_CLIENT=@OLD_CHARACTER_SET_CLIENT */;
/*!40101 SET CHARACTER_SET_RESULTS=@OLD_CHARACTER_SET_RESULTS */;
/*!40101 SET COLLATION_CONNECTION=@OLD_COLLATION_CONNECTION */;
