# ************************************************************
# Sequel Pro SQL dump
# Version 3408
#
# http://www.sequelpro.com/
# http://code.google.com/p/sequel-pro/
#
# Host: 127.0.0.1 (MySQL 5.5.9)
# Database: pasta
# Generation Time: 2012-03-25 16:42:42 +0000
# ************************************************************


/*!40101 SET @OLD_CHARACTER_SET_CLIENT=@@CHARACTER_SET_CLIENT */;
/*!40101 SET @OLD_CHARACTER_SET_RESULTS=@@CHARACTER_SET_RESULTS */;
/*!40101 SET @OLD_COLLATION_CONNECTION=@@COLLATION_CONNECTION */;
/*!40101 SET NAMES utf8 */;
/*!40014 SET @OLD_FOREIGN_KEY_CHECKS=@@FOREIGN_KEY_CHECKS, FOREIGN_KEY_CHECKS=0 */;
/*!40101 SET @OLD_SQL_MODE=@@SQL_MODE, SQL_MODE='NO_AUTO_VALUE_ON_ZERO' */;
/*!40111 SET @OLD_SQL_NOTES=@@SQL_NOTES, SQL_NOTES=0 */;


# Dump of table completed_courses
# ------------------------------------------------------------

DROP TABLE IF EXISTS `completed_courses`;

CREATE TABLE `completed_courses` (
  `id` int(11) NOT NULL AUTO_INCREMENT,
  `student_id` int(11) NOT NULL,
  `course_id` int(11) NOT NULL,
  PRIMARY KEY (`id`)
) ENGINE=InnoDB DEFAULT CHARSET=latin1;

LOCK TABLES `completed_courses` WRITE;
/*!40000 ALTER TABLE `completed_courses` DISABLE KEYS */;

INSERT INTO `completed_courses` (`id`, `student_id`, `course_id`)
VALUES
	(1,3,2),
	(2,3,4),
	(3,3,5),
	(4,3,7),
	(5,3,9),
	(6,3,10),
	(7,3,11),
	(8,4,3);

/*!40000 ALTER TABLE `completed_courses` ENABLE KEYS */;
UNLOCK TABLES;


# Dump of table courses
# ------------------------------------------------------------

DROP TABLE IF EXISTS `courses`;

CREATE TABLE `courses` (
  `id` int(11) NOT NULL AUTO_INCREMENT,
  `code` varchar(6) NOT NULL,
  `number` int(11) NOT NULL,
  `credit` float DEFAULT NULL,
  `title` varchar(128) DEFAULT NULL,
  PRIMARY KEY (`id`)
) ENGINE=InnoDB DEFAULT CHARSET=latin1;

LOCK TABLES `courses` WRITE;
/*!40000 ALTER TABLE `courses` DISABLE KEYS */;

INSERT INTO `courses` (`id`, `code`, `number`, `credit`, `title`)
VALUES
	(1,'COMP',108,3,'COMP INDUS EXPER REF LRNG I'),
	(2,'COMP',201,3,'INTRODUCTION TO COMPUTING'),
	(3,'COMP',208,3,'COMP INDUS EXPER REF LRNG II'),
	(4,'COMP',218,3,'FUNDAMENTALS OF PROGRAMMING'),
	(5,'COMP',228,3,'SYSTEM HARDWARE'),
	(6,'COMP',233,3,'PROB. & STATS. FOR COMP. SC.'),
	(7,'COMP',248,3,'OBJ-ORIENTED PROGRAMMING I'),
	(8,'COMP',249,3,'OBJ-ORIENTED PROGRAMMING II'),
	(9,'COMP',335,3,'INTRO/THEORETICAL COMP SCI'),
	(10,'COMP',339,3,'COMBINATORICS'),
	(11,'COMP',345,3,'ADVANCED PROGRAM DESIGN, C++'),
	(12,'COMP',346,4,'OPERATING SYSTEMS'),
	(13,'COMP',348,3,'PRIN./PROGRAMMING LANGUAGES'),
	(14,'COMP',352,3,'DATA STRUCTURES + ALGORITHMS'),
	(15,'COMP',353,4,'DATABASES'),
	(16,'COMP',354,4,'SOFTWARE ENGINEERING I'),
	(17,'COMP',361,3,'ELEMENTARY NUMERICAL METHODS'),
	(18,'COMP',371,4,'COMPUTER GRAPHICS'),
	(19,'COMP',376,4,'INTRO. TO GAME DEVELOPMENT'),
	(20,'COMP',445,4,'DATA COMM + COMP NETWORKS'),
	(21,'COMP',451,4,'DATABASE DESIGN'),
	(22,'COMP',472,4,'ARTIFICIAL INTELLIGENCE'),
	(23,'COMP',473,4,'PATTERN RECOGNITION'),
	(24,'COMP',474,4,'INTELLIGENT SYSTEMS'),
	(25,'COMP',478,4,'IMAGE PROCESSING'),
	(26,'COMP',479,4,'INFO. RETRIEVAL & WEB SEARCH'),
	(27,'SOEN',287,3,'WEB PROGRAMMING'),
	(28,'SOEN',341,3,'SOFTWARE PROCESS'),
	(29,'SOEN',342,3,'SW REQUIREMENTS + SPECS.'),
	(30,'SOEN',343,3,'S.W. ARCHITECURE & DESIGN I'),
	(31,'SOEN',384,3,'MGMT+QUALITY CTRL./SW DEV.'),
	(32,'SOEN',422,4,'EMBEDDED SYSTEMS/SOFTWARE'),
	(33,'SOEN',423,4,'DISTRIBUTED SYSTEMS'),
	(34,'COMP',326,3,'COMPUTER ARCHITECTURE'),
	(35,'COMP',367,3,'TECH./SYMBOLIC COMPUTATIONS'),
	(36,'COMP',426,4,'MULTICORE PROGRAMMING'),
	(37,'COMP',428,4,'PARALLEL PROGRAMMING'),
	(38,'COMP',442,4,'COMPILER DESIGN'),
	(39,'COMP',476,4,'ADVANCED GAME DEVELOPMENT'),
	(40,'COMP',477,4,'ANIMATION FOR COMPUTER GAMES'),
	(41,'SOEN',228,4,'SYSTEM HARDWARE'),
	(42,'SOEN',331,3,'INTRO TO FML MTHDS FOR SOEN'),
	(43,'SOEN',344,3,'S.W. ARCHITECURE & DESIGN II'),
	(44,'SOEN',357,3,'USER INTERFACE DESIGN'),
	(45,'SOEN',385,3,'CONTROL SYSTEMS+APPLICATIONS'),
	(46,'SOEN',390,3,'SOFTWARE ENGR. TEAM PROJECT'),
	(47,'MATH',201,NULL,NULL),
	(48,'MATH',203,NULL,NULL),
	(49,'MATH',209,NULL,NULL),
	(50,'MATH',204,NULL,NULL),
	(51,'MATH',208,NULL,NULL),
	(52,'COMP',232,NULL,NULL),
	(53,'MATH',205,NULL,NULL),
	(54,'COEN',231,NULL,NULL),
	(55,'COEN',244,NULL,NULL),
	(56,'ENCS',282,NULL,NULL),
	(57,'COEN',352,NULL,NULL),
	(58,'comp',371,NULL,NULL),
	(59,'ENGR',371,NULL,NULL),
	(60,'COMP',229,NULL,NULL),
	(61,'COEN',311,NULL,NULL),
	(62,'SOEN',337,NULL,NULL),
	(63,'COMP',238,NULL,NULL),
	(64,'MAST',217,NULL,NULL),
	(65,'MAST',234,NULL,NULL),
	(66,'ENGR',391,NULL,NULL),
	(67,'ENGR',213,NULL,NULL),
	(68,'ENGR',233,NULL,NULL);

/*!40000 ALTER TABLE `courses` ENABLE KEYS */;
UNLOCK TABLES;


# Dump of table labs
# ------------------------------------------------------------

DROP TABLE IF EXISTS `labs`;

CREATE TABLE `labs` (
  `id` int(11) NOT NULL AUTO_INCREMENT,
  `section` varchar(4) NOT NULL,
  `tutorial_id` int(11) NOT NULL,
  `time_location_id` int(11) NOT NULL,
  PRIMARY KEY (`id`)
) ENGINE=InnoDB DEFAULT CHARSET=latin1;

LOCK TABLES `labs` WRITE;
/*!40000 ALTER TABLE `labs` DISABLE KEYS */;

INSERT INTO `labs` (`id`, `section`, `tutorial_id`, `time_location_id`)
VALUES
	(1,'AC',1,1),
	(2,'AC',1,1),
	(3,'JC',2,2),
	(4,'JC',3,3),
	(5,'WC',4,4),
	(6,'LC',5,5),
	(7,'MC',6,6),
	(8,'IC',7,7);

/*!40000 ALTER TABLE `labs` ENABLE KEYS */;
UNLOCK TABLES;


# Dump of table lectures
# ------------------------------------------------------------

DROP TABLE IF EXISTS `lectures`;

CREATE TABLE `lectures` (
  `id` int(11) NOT NULL AUTO_INCREMENT,
  `section` varchar(4) NOT NULL,
  `professor` varchar(255) NOT NULL,
  `season` int(11) NOT NULL,
  `course_id` int(11) NOT NULL,
  `time_location_id` int(11) NOT NULL,
  PRIMARY KEY (`id`)
) ENGINE=InnoDB DEFAULT CHARSET=latin1;

LOCK TABLES `lectures` WRITE;
/*!40000 ALTER TABLE `lectures` DISABLE KEYS */;

INSERT INTO `lectures` (`id`, `section`, `professor`, `season`, `course_id`, `time_location_id`)
VALUES
	(3,'AA','AIMAN HANNA',2,2,1),
	(4,'JJ','JOHN SMITH',2,3,2),
	(5,'WW','JOHN LEE',2,4,5),
	(6,'LL','JACKIE CHAN',2,5,6),
	(7,'MM','LIONEL MESSI',2,6,7),
	(8,'II','JOHN PEACH',2,7,8),
	(9,'DD','T.B.A.',2,16,8),
	(10,'F','T.B.A.',2,18,10),
	(11,'U','T.B.A.',2,19,13),
	(12,'Q','T.B.A.',2,20,16),
	(13,'Q','T.B.A.',2,21,19),
	(14,'R','T.B.A.',2,21,23),
	(15,'EE','T.B.A.',2,21,27),
	(16,'D','T.B.A.',2,22,31),
	(17,'G','T.B.A.',2,23,34),
	(18,'EE','T.B.A.',2,23,37),
	(19,'F','T.B.A.',2,24,40),
	(20,'D','T.B.A.',2,25,42),
	(21,'N','T.B.A.',2,25,45),
	(22,'DD','T.B.A.',2,26,48),
	(23,'UU','T.B.A.',2,26,51),
	(24,'U','T.B.A.',2,27,54),
	(25,'DD','T.B.A.',2,27,57),
	(26,'G','T.B.A.',2,28,60),
	(27,'H','T.B.A.',2,28,63),
	(28,'F','T.B.A.',2,29,66),
	(29,'E','T.B.A.',2,30,69),
	(30,'DD','T.B.A.',2,31,72),
	(31,'UU','T.B.A.',2,32,75),
	(32,'XX','T.B.A.',2,33,76),
	(33,'D','T.B.A.',2,34,77),
	(34,'NN','T.B.A.',2,35,78),
	(35,'F','T.B.A.',2,36,79),
	(36,'DD','T.B.A.',2,37,80),
	(37,'DD','T.B.A.',2,38,81),
	(38,'DD','T.B.A.',2,39,82),
	(39,'D','T.B.A.',2,40,83),
	(40,'Q','T.B.A.',2,41,84),
	(41,'H','T.B.A.',2,42,87),
	(42,'H','T.B.A.',2,43,90),
	(43,'H','T.B.A.',2,44,93),
	(44,'F','T.B.A.',2,45,96),
	(45,'MM','T.B.A.',2,46,99),
	(46,'H','T.B.A.',2,47,101),
	(47,'W','T.B.A.',4,18,103),
	(48,'DD','T.B.A.',4,19,106),
	(49,'PP','T.B.A.',4,19,110),
	(50,'N','T.B.A.',4,20,114),
	(51,'DD','T.B.A.',4,20,117),
	(52,'U','T.B.A.',4,21,120),
	(53,'U','T.B.A.',4,22,123),
	(54,'PP','T.B.A.',4,22,126),
	(55,'SS','T.B.A.',4,22,129),
	(56,'DD','T.B.A.',4,48,132),
	(57,'N','T.B.A.',4,23,135),
	(58,'NN','T.B.A.',4,26,138),
	(59,'E','T.B.A.',4,27,141),
	(60,'X','T.B.A.',4,28,144),
	(61,'X','T.B.A.',4,29,147),
	(62,'PP','T.B.A.',4,30,150),
	(63,'A','T.B.A.',4,49,153),
	(64,'WW','T.B.A.',4,32,154),
	(65,'N','T.B.A.',4,50,155),
	(66,'N','T.B.A.',4,51,156),
	(67,'NN','T.B.A.',4,52,159),
	(68,'W','T.B.A.',4,34,160),
	(69,'NN','T.B.A.',4,36,161),
	(70,'UU','T.B.A.',4,38,162),
	(71,'N','T.B.A.',4,53,163),
	(72,'N','T.B.A.',4,54,164),
	(73,'H','T.B.A.',4,55,165),
	(74,'S','T.B.A.',4,41,168),
	(75,'U','T.B.A.',4,41,171),
	(76,'U','T.B.A.',4,56,175),
	(77,'S','T.B.A.',4,42,177),
	(78,'S','T.B.A.',4,57,180),
	(79,'S','T.B.A.',4,58,183),
	(80,'S','T.B.A.',4,59,186),
	(81,'S','T.B.A.',4,60,190),
	(82,'DD','T.B.A.',2,90,209),
	(83,'F','T.B.A.',2,92,211),
	(84,'U','T.B.A.',2,93,214),
	(85,'Q','T.B.A.',2,94,217),
	(86,'Q','T.B.A.',2,95,220),
	(87,'R','T.B.A.',2,95,224),
	(88,'EE','T.B.A.',2,95,228),
	(89,'D','T.B.A.',2,96,232),
	(90,'G','T.B.A.',2,97,235),
	(91,'EE','T.B.A.',2,97,238),
	(92,'F','T.B.A.',2,98,241),
	(93,'D','T.B.A.',2,99,243),
	(94,'N','T.B.A.',2,99,246),
	(95,'DD','T.B.A.',2,100,249),
	(96,'UU','T.B.A.',2,100,252),
	(97,'U','T.B.A.',2,101,255),
	(98,'DD','T.B.A.',2,101,258),
	(99,'G','T.B.A.',2,102,261),
	(100,'H','T.B.A.',2,102,264),
	(101,'F','T.B.A.',2,103,267),
	(102,'E','T.B.A.',2,104,270),
	(103,'DD','T.B.A.',2,105,273),
	(104,'UU','T.B.A.',2,106,276),
	(105,'XX','T.B.A.',2,107,277),
	(106,'D','T.B.A.',2,108,278),
	(107,'NN','T.B.A.',2,109,279),
	(108,'F','T.B.A.',2,110,280),
	(109,'DD','T.B.A.',2,111,281),
	(110,'DD','T.B.A.',2,112,282),
	(111,'DD','T.B.A.',2,113,283),
	(112,'D','T.B.A.',2,114,284),
	(113,'Q','T.B.A.',2,115,285),
	(114,'H','T.B.A.',2,116,288),
	(115,'H','T.B.A.',2,117,291),
	(116,'H','T.B.A.',2,118,294),
	(117,'F','T.B.A.',2,119,297),
	(118,'MM','T.B.A.',2,120,300),
	(119,'H','T.B.A.',2,121,302),
	(120,'W','T.B.A.',4,92,304),
	(121,'DD','T.B.A.',4,93,307),
	(122,'PP','T.B.A.',4,93,311),
	(123,'N','T.B.A.',4,94,315),
	(124,'DD','T.B.A.',4,94,318),
	(125,'U','T.B.A.',4,95,321),
	(126,'U','T.B.A.',4,96,324),
	(127,'PP','T.B.A.',4,96,327),
	(128,'SS','T.B.A.',4,96,330),
	(129,'DD','T.B.A.',4,122,333),
	(130,'N','T.B.A.',4,97,336),
	(131,'NN','T.B.A.',4,100,339),
	(132,'E','T.B.A.',4,101,342),
	(133,'X','T.B.A.',4,102,345),
	(134,'X','T.B.A.',4,103,348),
	(135,'PP','T.B.A.',4,104,351),
	(136,'A','T.B.A.',4,123,354),
	(137,'WW','T.B.A.',4,106,355),
	(138,'N','T.B.A.',4,124,356),
	(139,'N','T.B.A.',4,125,357),
	(140,'NN','T.B.A.',4,126,360),
	(141,'W','T.B.A.',4,108,361),
	(142,'NN','T.B.A.',4,110,362),
	(143,'UU','T.B.A.',4,112,363),
	(144,'N','T.B.A.',4,127,364),
	(145,'N','T.B.A.',4,128,365),
	(146,'H','T.B.A.',4,129,366),
	(147,'S','T.B.A.',4,115,369),
	(148,'U','T.B.A.',4,115,372),
	(149,'U','T.B.A.',4,130,376),
	(150,'S','T.B.A.',4,116,378),
	(151,'S','T.B.A.',4,131,381),
	(152,'S','T.B.A.',4,132,384),
	(153,'S','T.B.A.',4,133,387),
	(154,'S','T.B.A.',4,134,391),
	(155,'DD','T.B.A.',2,158,394),
	(156,'F','T.B.A.',2,160,396),
	(157,'U','T.B.A.',2,161,399),
	(158,'Q','T.B.A.',2,162,402),
	(159,'Q','T.B.A.',2,163,405),
	(160,'R','T.B.A.',2,163,409),
	(161,'EE','T.B.A.',2,163,413),
	(162,'D','T.B.A.',2,164,417),
	(163,'G','T.B.A.',2,165,420),
	(164,'EE','T.B.A.',2,165,423),
	(165,'F','T.B.A.',2,166,426),
	(166,'D','T.B.A.',2,167,428),
	(167,'N','T.B.A.',2,167,431),
	(168,'DD','T.B.A.',2,168,434),
	(169,'UU','T.B.A.',2,168,437),
	(170,'U','T.B.A.',2,169,440),
	(171,'DD','T.B.A.',2,169,443),
	(172,'G','T.B.A.',2,170,446),
	(173,'H','T.B.A.',2,170,449),
	(174,'F','T.B.A.',2,171,452),
	(175,'E','T.B.A.',2,172,455),
	(176,'DD','T.B.A.',2,173,458),
	(177,'UU','T.B.A.',2,174,461),
	(178,'XX','T.B.A.',2,175,462),
	(179,'D','T.B.A.',2,176,463),
	(180,'NN','T.B.A.',2,177,464),
	(181,'F','T.B.A.',2,178,465),
	(182,'DD','T.B.A.',2,179,466),
	(183,'DD','T.B.A.',2,180,467),
	(184,'DD','T.B.A.',2,181,468),
	(185,'D','T.B.A.',2,182,469),
	(186,'Q','T.B.A.',2,183,470),
	(187,'H','T.B.A.',2,184,473),
	(188,'H','T.B.A.',2,185,476),
	(189,'H','T.B.A.',2,186,479),
	(190,'F','T.B.A.',2,187,482),
	(191,'MM','T.B.A.',2,188,485),
	(192,'H','T.B.A.',2,189,487),
	(193,'W','T.B.A.',4,160,489),
	(194,'DD','T.B.A.',4,161,492),
	(195,'PP','T.B.A.',4,161,496),
	(196,'N','T.B.A.',4,162,500),
	(197,'DD','T.B.A.',4,162,503),
	(198,'U','T.B.A.',4,163,506),
	(199,'U','T.B.A.',4,164,509),
	(200,'PP','T.B.A.',4,164,512),
	(201,'SS','T.B.A.',4,164,515),
	(202,'DD','T.B.A.',4,190,518),
	(203,'N','T.B.A.',4,165,521),
	(204,'NN','T.B.A.',4,168,524),
	(205,'E','T.B.A.',4,169,527),
	(206,'X','T.B.A.',4,170,530),
	(207,'X','T.B.A.',4,171,533),
	(208,'PP','T.B.A.',4,172,536),
	(209,'A','T.B.A.',4,191,539),
	(210,'WW','T.B.A.',4,174,540),
	(211,'N','T.B.A.',4,192,541),
	(212,'N','T.B.A.',4,193,542),
	(213,'NN','T.B.A.',4,194,545),
	(214,'W','T.B.A.',4,176,546),
	(215,'NN','T.B.A.',4,178,547),
	(216,'UU','T.B.A.',4,180,548),
	(217,'N','T.B.A.',4,195,549),
	(218,'N','T.B.A.',4,196,550),
	(219,'H','T.B.A.',4,197,551),
	(220,'S','T.B.A.',4,183,554),
	(221,'U','T.B.A.',4,183,557),
	(222,'U','T.B.A.',4,198,561),
	(223,'S','T.B.A.',4,184,563),
	(224,'S','T.B.A.',4,199,566),
	(225,'S','T.B.A.',4,200,569),
	(226,'S','T.B.A.',4,201,572),
	(227,'S','T.B.A.',4,202,576),
	(228,'DD','T.B.A.',2,2,579),
	(229,'F','T.B.A.',2,4,581),
	(230,'U','T.B.A.',2,5,584),
	(231,'Q','T.B.A.',2,6,587),
	(232,'Q','T.B.A.',2,7,590),
	(233,'R','T.B.A.',2,7,594),
	(234,'EE','T.B.A.',2,7,598),
	(235,'D','T.B.A.',2,8,602),
	(236,'G','T.B.A.',2,9,605),
	(237,'EE','T.B.A.',2,9,608),
	(238,'F','T.B.A.',2,10,611),
	(239,'D','T.B.A.',2,11,613),
	(240,'N','T.B.A.',2,11,616),
	(241,'DD','T.B.A.',2,12,619),
	(242,'UU','T.B.A.',2,12,622),
	(243,'U','T.B.A.',2,13,625),
	(244,'DD','T.B.A.',2,13,628),
	(245,'G','T.B.A.',2,14,631),
	(246,'H','T.B.A.',2,14,634),
	(247,'F','T.B.A.',2,15,637),
	(248,'E','T.B.A.',2,16,640),
	(249,'DD','T.B.A.',2,17,643),
	(250,'UU','T.B.A.',2,18,646),
	(251,'XX','T.B.A.',2,19,647),
	(252,'D','T.B.A.',2,20,648),
	(253,'NN','T.B.A.',2,21,649),
	(254,'F','T.B.A.',2,22,650),
	(255,'DD','T.B.A.',2,23,651),
	(256,'DD','T.B.A.',2,24,652),
	(257,'DD','T.B.A.',2,25,653),
	(258,'D','T.B.A.',2,26,654),
	(259,'Q','T.B.A.',2,27,655),
	(260,'H','T.B.A.',2,28,658),
	(261,'H','T.B.A.',2,29,661),
	(262,'H','T.B.A.',2,30,664),
	(263,'F','T.B.A.',2,31,667),
	(264,'MM','T.B.A.',2,32,670),
	(265,'H','T.B.A.',2,33,672),
	(266,'W','T.B.A.',4,4,674),
	(267,'DD','T.B.A.',4,5,677),
	(268,'PP','T.B.A.',4,5,681),
	(269,'N','T.B.A.',4,6,685),
	(270,'DD','T.B.A.',4,6,688),
	(271,'U','T.B.A.',4,7,691),
	(272,'U','T.B.A.',4,8,694),
	(273,'PP','T.B.A.',4,8,697),
	(274,'SS','T.B.A.',4,8,700),
	(275,'DD','T.B.A.',4,34,703),
	(276,'N','T.B.A.',4,9,706),
	(277,'NN','T.B.A.',4,12,709),
	(278,'E','T.B.A.',4,13,712),
	(279,'X','T.B.A.',4,14,715),
	(280,'X','T.B.A.',4,15,718),
	(281,'PP','T.B.A.',4,16,721),
	(282,'A','T.B.A.',4,35,724),
	(283,'WW','T.B.A.',4,18,725),
	(284,'N','T.B.A.',4,36,726),
	(285,'N','T.B.A.',4,37,727),
	(286,'NN','T.B.A.',4,38,730),
	(287,'W','T.B.A.',4,20,731),
	(288,'NN','T.B.A.',4,22,732),
	(289,'UU','T.B.A.',4,24,733),
	(290,'N','T.B.A.',4,39,734),
	(291,'N','T.B.A.',4,40,735),
	(292,'H','T.B.A.',4,41,736),
	(293,'S','T.B.A.',4,27,739),
	(294,'U','T.B.A.',4,27,742),
	(295,'U','T.B.A.',4,42,746),
	(296,'S','T.B.A.',4,28,748),
	(297,'S','T.B.A.',4,43,751),
	(298,'S','T.B.A.',4,44,754),
	(299,'S','T.B.A.',4,45,757),
	(300,'S','T.B.A.',4,46,761);

/*!40000 ALTER TABLE `lectures` ENABLE KEYS */;
UNLOCK TABLES;


# Dump of table logins
# ------------------------------------------------------------

DROP TABLE IF EXISTS `logins`;

CREATE TABLE `logins` (
  `id` int(11) unsigned NOT NULL AUTO_INCREMENT,
  `student_id` int(7) unsigned DEFAULT NULL,
  `password` char(40) DEFAULT NULL,
  `first_name` varchar(20) DEFAULT NULL,
  `last_name` varchar(20) DEFAULT NULL,
  `program` enum('soft_eng','mech_eng') DEFAULT 'soft_eng',
  PRIMARY KEY (`id`)
) ENGINE=InnoDB DEFAULT CHARSET=latin1;

LOCK TABLES `logins` WRITE;
/*!40000 ALTER TABLE `logins` DISABLE KEYS */;

INSERT INTO `logins` (`id`, `student_id`, `password`, `first_name`, `last_name`, `program`)
VALUES
	(2,5682061,'12345678','Charles','Yang','soft_eng'),
	(3,5682062,'7c222fb2927d828af22f592134e8932480637c0d','John','Doe','soft_eng'),
	(4,5682063,'7c222fb2927d828af22f592134e8932480637c0d','Charles','JuniorI','soft_eng'),
	(5,5682067,'7c222fb2927d828af22f592134e8932480637c0d','Charles Cho','Hello World','soft_eng'),
	(6,5682070,'7c222fb2927d828af22f592134e8932480637c0d','Charles Cho 54','Hello World','soft_eng'),
	(7,5682073,'7c222fb2927d828af22f592134e8932480637c0d','Jeremy','Lin','soft_eng'),
	(8,4758383,'7c222fb2927d828af22f592134e8932480637c0d','Eric','Chan','soft_eng');

/*!40000 ALTER TABLE `logins` ENABLE KEYS */;
UNLOCK TABLES;


# Dump of table prerequisites
# ------------------------------------------------------------

DROP TABLE IF EXISTS `prerequisites`;

CREATE TABLE `prerequisites` (
  `id` int(11) NOT NULL AUTO_INCREMENT,
  `course_id` int(11) NOT NULL,
  `required_course_id` int(11) NOT NULL,
  PRIMARY KEY (`id`)
) ENGINE=InnoDB DEFAULT CHARSET=latin1;

LOCK TABLES `prerequisites` WRITE;
/*!40000 ALTER TABLE `prerequisites` DISABLE KEYS */;

INSERT INTO `prerequisites` (`id`, `course_id`, `required_course_id`)
VALUES
	(1,2,9),
	(2,10,12),
	(3,13,8),
	(4,13,1),
	(5,18,61),
	(6,19,21),
	(7,21,64),
	(8,21,65),
	(9,22,66),
	(10,22,21),
	(11,22,62),
	(12,22,63),
	(13,22,64),
	(14,22,65),
	(15,23,66),
	(16,23,22),
	(17,24,66),
	(18,25,28),
	(19,26,19),
	(20,26,55),
	(21,26,28),
	(22,27,22),
	(23,28,66),
	(24,28,22),
	(25,29,28),
	(26,30,28),
	(27,31,66),
	(28,31,22),
	(29,32,25),
	(30,32,69),
	(31,32,28),
	(32,34,26),
	(33,35,29),
	(34,36,28),
	(35,37,28),
	(36,38,28),
	(37,39,28),
	(38,40,20),
	(39,41,21),
	(40,42,28),
	(41,42,70),
	(42,43,42),
	(43,44,42),
	(44,44,43),
	(45,45,70),
	(46,46,26),
	(47,47,26),
	(48,18,61),
	(49,19,21),
	(50,19,62),
	(51,19,63),
	(52,19,64),
	(53,19,65),
	(54,20,66),
	(55,21,64),
	(56,21,65),
	(57,22,66),
	(58,22,21),
	(59,22,62),
	(60,22,63),
	(61,22,64),
	(62,22,65),
	(63,22,67),
	(64,48,26),
	(65,23,66),
	(66,23,68),
	(67,23,22),
	(68,23,69),
	(69,26,19),
	(70,26,55),
	(71,26,28),
	(72,27,22),
	(73,28,66),
	(74,28,22),
	(75,29,28),
	(76,30,28),
	(77,30,70),
	(78,49,21),
	(79,32,25),
	(80,32,69),
	(81,32,28),
	(82,32,71),
	(83,50,26),
	(84,51,26),
	(85,52,74),
	(86,52,75),
	(87,52,23),
	(88,52,28),
	(89,34,26),
	(90,36,28),
	(91,38,28),
	(92,53,31),
	(93,54,31),
	(94,54,80),
	(95,55,62),
	(96,55,63),
	(97,55,64),
	(98,55,65),
	(99,41,21),
	(100,56,66),
	(101,56,22),
	(102,42,74),
	(103,42,75),
	(104,42,28),
	(105,42,70),
	(106,57,44),
	(107,58,43),
	(108,60,57),
	(109,60,58),
	(110,92,135),
	(111,93,95),
	(112,95,138),
	(113,95,139),
	(114,96,140),
	(115,96,95),
	(116,96,136),
	(117,96,137),
	(118,96,138),
	(119,96,139),
	(120,97,140),
	(121,97,96),
	(122,98,140),
	(123,99,102),
	(124,100,93),
	(125,100,129),
	(126,100,102),
	(127,101,96),
	(128,102,140),
	(129,102,96),
	(130,103,102),
	(131,104,102),
	(132,105,140),
	(133,105,96),
	(134,106,99),
	(135,106,143),
	(136,106,102),
	(137,108,100),
	(138,109,103),
	(139,110,102),
	(140,111,102),
	(141,112,102),
	(142,113,102),
	(143,114,94),
	(144,115,95),
	(145,116,102),
	(146,116,144),
	(147,117,116),
	(148,118,116),
	(149,118,117),
	(150,119,144),
	(151,120,100),
	(152,121,100),
	(153,92,135),
	(154,93,95),
	(155,93,136),
	(156,93,137),
	(157,93,138),
	(158,93,139),
	(159,94,140),
	(160,95,138),
	(161,95,139),
	(162,96,140),
	(163,96,95),
	(164,96,136),
	(165,96,137),
	(166,96,138),
	(167,96,139),
	(168,96,141),
	(169,122,100),
	(170,97,140),
	(171,97,142),
	(172,97,96),
	(173,97,143),
	(174,100,93),
	(175,100,129),
	(176,100,102),
	(177,101,96),
	(178,102,140),
	(179,102,96),
	(180,103,102),
	(181,104,102),
	(182,104,144),
	(183,123,95),
	(184,106,99),
	(185,106,143),
	(186,106,102),
	(187,106,145),
	(188,124,100),
	(189,125,100),
	(190,126,148),
	(191,126,149),
	(192,126,97),
	(193,126,102),
	(194,108,100),
	(195,110,102),
	(196,112,102),
	(197,127,105),
	(198,128,105),
	(199,128,154),
	(200,129,136),
	(201,129,137),
	(202,129,138),
	(203,129,139),
	(204,115,95),
	(205,130,140),
	(206,130,96),
	(207,116,148),
	(208,116,149),
	(209,116,102),
	(210,116,144),
	(211,131,118),
	(212,132,117),
	(213,134,131),
	(214,134,132),
	(215,160,203),
	(216,161,163),
	(217,163,206),
	(218,163,207),
	(219,164,208),
	(220,164,163),
	(221,164,204),
	(222,164,205),
	(223,164,206),
	(224,164,207),
	(225,165,208),
	(226,165,164),
	(227,166,208),
	(228,167,170),
	(229,168,161),
	(230,168,197),
	(231,168,170),
	(232,169,164),
	(233,170,208),
	(234,170,164),
	(235,171,170),
	(236,172,170),
	(237,173,208),
	(238,173,164),
	(239,174,167),
	(240,174,211),
	(241,174,170),
	(242,176,168),
	(243,177,171),
	(244,178,170),
	(245,179,170),
	(246,180,170),
	(247,181,170),
	(248,182,162),
	(249,183,163),
	(250,184,170),
	(251,184,212),
	(252,185,184),
	(253,186,184),
	(254,186,185),
	(255,187,212),
	(256,188,168),
	(257,189,168),
	(258,160,203),
	(259,161,163),
	(260,161,204),
	(261,161,205),
	(262,161,206),
	(263,161,207),
	(264,162,208),
	(265,163,206),
	(266,163,207),
	(267,164,208),
	(268,164,163),
	(269,164,204),
	(270,164,205),
	(271,164,206),
	(272,164,207),
	(273,164,209),
	(274,190,168),
	(275,165,208),
	(276,165,210),
	(277,165,164),
	(278,165,211),
	(279,168,161),
	(280,168,197),
	(281,168,170),
	(282,169,164),
	(283,170,208),
	(284,170,164),
	(285,171,170),
	(286,172,170),
	(287,172,212),
	(288,191,163),
	(289,174,167),
	(290,174,211),
	(291,174,170),
	(292,174,213),
	(293,192,168),
	(294,193,168),
	(295,194,216),
	(296,194,217),
	(297,194,165),
	(298,194,170),
	(299,176,168),
	(300,178,170),
	(301,180,170),
	(302,195,173),
	(303,196,173),
	(304,196,222),
	(305,197,204),
	(306,197,205),
	(307,197,206),
	(308,197,207),
	(309,183,163),
	(310,198,208),
	(311,198,164),
	(312,184,216),
	(313,184,217),
	(314,184,170),
	(315,184,212),
	(316,199,186),
	(317,200,185),
	(318,202,199),
	(319,202,200),
	(320,4,47),
	(321,5,7),
	(322,7,50),
	(323,7,51),
	(324,8,52),
	(325,8,7),
	(326,8,48),
	(327,8,49),
	(328,8,50),
	(329,8,51),
	(330,9,52),
	(331,9,8),
	(332,10,52),
	(333,11,14),
	(334,12,5),
	(335,12,41),
	(336,12,14),
	(337,13,8),
	(338,14,52),
	(339,14,8),
	(340,15,14),
	(341,16,14),
	(342,17,52),
	(343,17,8),
	(344,18,11),
	(345,18,55),
	(346,18,14),
	(347,20,12),
	(348,21,15),
	(349,22,14),
	(350,23,14),
	(351,24,14),
	(352,25,14),
	(353,26,6),
	(354,27,7),
	(355,28,14),
	(356,28,56),
	(357,29,28),
	(358,30,28),
	(359,30,29),
	(360,31,56),
	(361,32,12),
	(362,33,12),
	(363,4,47),
	(364,5,7),
	(365,5,48),
	(366,5,49),
	(367,5,50),
	(368,5,51),
	(369,6,52),
	(370,7,50),
	(371,7,51),
	(372,8,52),
	(373,8,7),
	(374,8,48),
	(375,8,49),
	(376,8,50),
	(377,8,51),
	(378,8,53),
	(379,34,12),
	(380,9,52),
	(381,9,54),
	(382,9,8),
	(383,9,55),
	(384,12,5),
	(385,12,41),
	(386,12,14),
	(387,13,8),
	(388,14,52),
	(389,14,8),
	(390,15,14),
	(391,16,14),
	(392,16,56),
	(393,35,7),
	(394,18,11),
	(395,18,55),
	(396,18,14),
	(397,18,57),
	(398,36,12),
	(399,37,12),
	(400,38,60),
	(401,38,61),
	(402,38,9),
	(403,38,14),
	(404,20,12),
	(405,22,14),
	(406,24,14),
	(407,39,17),
	(408,40,17),
	(409,40,66),
	(410,41,48),
	(411,41,49),
	(412,41,50),
	(413,41,51),
	(414,27,7),
	(415,42,52),
	(416,42,8),
	(417,28,60),
	(418,28,61),
	(419,28,14),
	(420,28,56),
	(421,43,30),
	(422,44,29),
	(423,46,43),
	(424,46,44);

/*!40000 ALTER TABLE `prerequisites` ENABLE KEYS */;
UNLOCK TABLES;


# Dump of table schedules
# ------------------------------------------------------------

DROP TABLE IF EXISTS `schedules`;

CREATE TABLE `schedules` (
  `id` int(11) NOT NULL AUTO_INCREMENT,
  `student_id` int(11) NOT NULL,
  `season` int(11) NOT NULL,
  `year` int(11) NOT NULL,
  `course_id` int(11) NOT NULL,
  `lecture_id` int(11) NOT NULL,
  `tutorial_id` int(11) NOT NULL,
  `lab_id` int(11) NOT NULL,
  PRIMARY KEY (`id`)
) ENGINE=InnoDB DEFAULT CHARSET=latin1;



# Dump of table time_locations
# ------------------------------------------------------------

DROP TABLE IF EXISTS `time_locations`;

CREATE TABLE `time_locations` (
  `id` int(11) NOT NULL AUTO_INCREMENT,
  `start_time` int(11) unsigned DEFAULT NULL,
  `end_time` int(11) unsigned DEFAULT NULL,
  `campus` varchar(6) DEFAULT NULL,
  `room` varchar(10) DEFAULT NULL,
  `day` set('M','T','W','J','F') DEFAULT NULL,
  PRIMARY KEY (`id`)
) ENGINE=InnoDB DEFAULT CHARSET=latin1;

LOCK TABLES `time_locations` WRITE;
/*!40000 ALTER TABLE `time_locations` DISABLE KEYS */;

INSERT INTO `time_locations` (`id`, `start_time`, `end_time`, `campus`, `room`, `day`)
VALUES
	(1,1345,1430,'SGW','H-400','M,W'),
	(2,845,1015,'sgw','H-626','T,J'),
	(3,845,1015,'sgw','H-626','T,J'),
	(4,915,1145,'SGW','MB-11.55','T,J'),
	(5,1215,1330,'sgw','H-110','M,T'),
	(6,1745,2015,'SGW','H-820','T,J'),
	(7,1545,1700,'SGW','EV-15.100','W,J'),
	(8,1745,2015,'SGW','MB-2.265','T'),
	(9,2030,2120,'SGW','MB-S2.135','T'),
	(10,1315,1430,'SGW','MB-S1.115','M,W'),
	(11,1445,1535,'SGW','MB-S1.255','W'),
	(12,1445,1535,'SGW','MB-S1.255','M'),
	(13,1315,1430,'SGW','H-439','M,W'),
	(14,1445,1625,'SGW','H-632','M'),
	(15,1445,1625,'SGW','H-609','W'),
	(16,1315,1430,'SGW','FG-B070','W,F'),
	(17,1015,1155,'SGW','H-615','T'),
	(18,1015,1155,'SGW','H-529','T'),
	(19,1315,1430,'SGW','FG-B030','M,W'),
	(20,1015,1155,'SGW','H-607','M'),
	(21,1015,1155,'SGW','H-631','W'),
	(22,845,1025,'SGW','H-633','F'),
	(23,845,1000,'SGW','H-605','M,W'),
	(24,845,1025,'SGW','H-632','F'),
	(25,1015,1155,'SGW','H-619','M'),
	(26,1015,1155,'SGW','H-619','W'),
	(27,1745,2015,'SGW','H-605','F'),
	(28,2030,2210,'SGW','H-632','F'),
	(29,2030,2210,'SGW','H-634','F'),
	(30,1745,1925,'SGW','H-427','M'),
	(31,1445,1600,'SGW','MB-3.210','M,W'),
	(32,1245,1425,'SGW','MB-2.265','M'),
	(33,1615,1755,'SGW','MB-2.285','W'),
	(34,1145,1300,'SGW','H-629','T,J'),
	(35,1315,1405,'SGW','H-523','T'),
	(36,1315,1405,'SGW','MB-2.285','J'),
	(37,1745,2015,'SGW','H-629','F'),
	(38,2030,2120,'SGW','H-537','T'),
	(39,2030,2120,'SGW','H-403','J'),
	(40,1015,1130,'SGW','H-540','M,W'),
	(41,1145,1335,'SGW','H-605','M'),
	(42,1315,1430,'SGW','H-565','M,W'),
	(43,1315,1505,'SGW','MB-3.255','F'),
	(44,1445,1605,'SGW','H-544','W'),
	(45,1615,1730,'SGW','H-603','M,W'),
	(46,1745,1935,'SGW','H-621','M'),
	(47,1745,1935,'SGW','H-627','M'),
	(48,1745,2015,'SGW','H-439','T'),
	(49,2030,2120,'SGW','H-632','T'),
	(50,2030,2120,'SGW','H-634','T'),
	(51,1745,2015,'SGW','H-613','J'),
	(52,2030,2120,'SGW','H-564','J'),
	(53,2030,2120,'SGW','H-603','J'),
	(54,845,1000,'SGW','H-561','M,W'),
	(55,1015,1105,'SGW','H-439','M'),
	(56,1015,1105,'SGW','H-400','M'),
	(57,1745,2015,'SGW','FG-C080','W'),
	(58,1445,1535,'SGW','MB-3.255','T'),
	(59,1445,1535,'SGW','MB-S2.455','J'),
	(60,1145,1300,'SGW','FG-B030','W,F'),
	(61,1445,1535,'SGW','H-529','F'),
	(62,1145,1235,'SGW','H-529','M'),
	(63,1315,1430,'SGW','H-403','W,F'),
	(64,1445,1535,'SGW','MB-2.265','T'),
	(65,1445,1535,'SGW','H-615','J'),
	(66,1445,1730,'SGW','H-403','W'),
	(67,915,1005,'SGW','MB-2.265','W'),
	(68,915,1005,'SGW','MB-2.255','F'),
	(69,1145,1300,'SGW','H-401','T,J'),
	(70,1315,1405,'SGW','H-609','T'),
	(71,1315,1405,'SGW','H-427','T'),
	(72,1745,2015,'SGW','H-539','F'),
	(73,2030,2120,'SGW','H-437','F'),
	(74,2030,2120,'SGW','H-529','F'),
	(75,1745,2015,'SGW','H-633','T'),
	(76,1745,2015,'SGW','H-629','J'),
	(77,1015,1130,'SGW','H-459','M,W'),
	(78,1745,2015,'SGW','H-529','T'),
	(79,1145,1300,'SGW','FG-B080','M,W'),
	(80,1745,2015,'SGW','H-523','J'),
	(81,1745,2015,'SGW','H-544','F'),
	(82,1745,2015,'SGW','H-562','F'),
	(83,1315,1430,'SGW','H-427','M,W'),
	(84,845,1000,'SGW','H-401','T,J'),
	(85,1015,1155,'SGW','H-400','T'),
	(86,1815,1955,'SGW','FG-C070','J'),
	(87,1015,1130,'SGW','H-501','W,F'),
	(88,1145,1235,'SGW','H-537','F'),
	(89,1245,1335,'SGW','H-437','F'),
	(90,1145,1300,'SGW','H-423','W,F'),
	(91,1545,1635,'SGW','H-621','F'),
	(92,1545,1635,'SGW','H-529','F'),
	(93,1315,1430,'SGW','MB-S2.115','W,F'),
	(94,1445,1535,'SGW','MB-S2.135','F'),
	(95,1445,1535,'SGW','MB-3.265','F'),
	(96,1015,1130,'SGW','H-509','W,F'),
	(97,915,1005,'SGW','H-615','F'),
	(98,915,1005,'SGW','H-400','F'),
	(99,1745,2015,'SGW','MB-2.265','W'),
	(100,2020,2105,'SGW','MB-1.301','W'),
	(101,1315,1430,'SGW','H-623','T,J'),
	(102,1445,1535,'SGW','H-403','T'),
	(103,1315,1430,'SGW','MB-5.265','M,W'),
	(104,1445,1535,'SGW','MB-S2.105','W'),
	(105,1445,1535,'SGW','MB-3.255','M'),
	(106,1745,2015,'SGW','H-521','W'),
	(107,2030,2210,'SGW','H-632','W'),
	(108,2030,2210,'SGW','H-634','W'),
	(109,2030,2210,'SGW','H-634','M'),
	(110,1745,2015,'SGW','H-521','T'),
	(111,2030,2210,'SGW','H-633','T'),
	(112,2030,2210,'SGW','H-632','T'),
	(113,2030,2210,'SGW','H-634','T'),
	(114,1315,1430,'SGW','H-629','M,W'),
	(115,1445,1635,'SGW','H-625','M'),
	(116,1445,1635,'SGW','H-627','W'),
	(117,1745,2015,'SGW','H-459','M'),
	(118,1145,1335,'SGW','H-609','J'),
	(119,1145,1335,'SGW','H-529','T'),
	(120,1015,1130,'SGW','GN-M100','W,F'),
	(121,1145,1325,'SGW','H-540','F'),
	(122,1145,1325,'SGW','MB-S1.105','W'),
	(123,1015,1130,'SGW','H-423','W,F'),
	(124,1015,1155,'SGW','MB-S2.105','M'),
	(125,1145,1325,'SGW','H-529','W'),
	(126,1745,2015,'SGW','H-507','J'),
	(127,2030,2210,'SGW','H-507','J'),
	(128,1745,1925,'SGW','H-437','F'),
	(129,1745,2015,'SGW','H-631','F'),
	(130,1015,1155,'SGW','H-613','W'),
	(131,1145,1325,'SGW','MB-S2.445','M'),
	(132,1745,2015,'SGW','H-439','M'),
	(133,2030,2120,'SGW','H-632','M'),
	(134,2130,2220,'SGW','H-632','M'),
	(135,1145,1300,'SGW','H-540','T,J'),
	(136,1315,1405,'SGW','H-427','T'),
	(137,1315,1405,'SGW','H-441','J'),
	(138,1745,2015,'SGW','H-557','W'),
	(139,2030,2120,'SGW','H-557','W'),
	(140,2030,2120,'SGW','H-607','W'),
	(141,1445,1600,'SGW','H-629','M,W'),
	(142,1615,1705,'SGW','H-437','M'),
	(143,1615,1705,'SGW','H-540','W'),
	(144,1315,1430,'SGW','H-605','M,W'),
	(145,1615,1705,'SGW','MB-2.265','M'),
	(146,1615,1705,'SGW','MB-2.285','W'),
	(147,1315,1430,'SGW','H-603','M,W'),
	(148,1615,1705,'SGW','H-562','W'),
	(149,1615,1705,'SGW','H-544','W'),
	(150,1745,2015,'SGW','H-605','J'),
	(151,2030,2120,'SGW','H-603','J'),
	(152,2030,2120,'SGW','H-605','J'),
	(153,1145,1300,'SGW','FG-B080','T,J'),
	(154,1745,2015,'SGW','H-625','J'),
	(155,1445,1730,'SGW','MB-2.255','J'),
	(156,1145,1300,'SGW','H-439','T,J'),
	(157,1315,1405,'SGW','H-632','T'),
	(158,1315,1405,'SGW','H-562','J'),
	(159,1745,2015,'SGW','H-621','M'),
	(160,1315,1430,'SGW','H-501','M,W'),
	(161,1745,2015,'SGW','H-439','W'),
	(162,1745,2015,'SGW','H-621','W'),
	(163,1445,1600,'SGW','H-427','T,J'),
	(164,1315,1430,'SGW','H-562','M,W'),
	(165,1445,1600,'SGW','H-459','M,W'),
	(166,1615,1755,'SGW','H-427','W'),
	(167,1615,1755,'SGW','H-403','W'),
	(168,845,1000,'SGW','H-401','T,J'),
	(169,1015,1155,'SGW','H-623','T'),
	(170,1015,1155,'SGW','H-441','J'),
	(171,1445,1600,'SGW','H-509','T,J'),
	(172,1615,1755,'SGW','H-403','T'),
	(173,1615,1755,'SGW','H-401','J'),
	(174,1515,1655,'SGW','H-437','F'),
	(175,1615,1730,'SGW','H-544','T,J'),
	(176,1415,1605,'SGW','H-523','F'),
	(177,845,1000,'SGW','FG-B070','W,F'),
	(178,1215,1305,'SGW','H-627','F'),
	(179,1315,1405,'SGW','MB-2.265','F'),
	(180,1315,1430,'SGW','H-459','T,J'),
	(181,1445,1535,'SGW','H-523','J'),
	(182,1445,1535,'SGW','H-615','J'),
	(183,1015,1130,'SGW','H-633','W,F'),
	(184,1145,1235,'SGW','H-523','F'),
	(185,1145,1235,'SGW','H-441','F'),
	(186,1145,1300,'SGW','FG-B050','T,J'),
	(187,1045,1135,'SGW','FG-B055','T'),
	(188,1045,1135,'SGW','FG-C070','J'),
	(189,1045,1135,'SGW','H-400','M'),
	(190,1615,1755,'SGW','FG-B070','M'),
	(191,1815,1905,'SGW','H-529','M'),
	(192,1815,1905,'SGW','H-400','M'),
	(193,0,0,'','',''),
	(194,0,0,'','','F'),
	(195,0,0,'','','F'),
	(196,0,0,'','','F'),
	(197,NULL,NULL,NULL,NULL,'F'),
	(198,NULL,NULL,NULL,NULL,NULL),
	(199,NULL,NULL,NULL,NULL,NULL),
	(200,1315,1430,'SGW','MB-S1.115',''),
	(201,1315,1430,'SGW','MB-S1.115',''),
	(202,1315,1430,'SGW','MB-S1.115','F'),
	(203,NULL,NULL,NULL,NULL,'F'),
	(204,1315,1430,'SGW','MB-S1.115',''),
	(205,1315,1430,'SGW','MB-S1.115',''),
	(206,1315,1430,'SGW','MB-S1.115',''),
	(207,1315,1430,'SGW','MB-S1.115',''),
	(208,1315,1430,'SGW','MB-S1.115','M,W'),
	(209,1745,2015,'SGW','MB-2.265','T'),
	(210,2030,2120,'SGW','MB-S2.135','T'),
	(211,1315,1430,'SGW','MB-S1.115','M,W'),
	(212,1445,1535,'SGW','MB-S1.255','W'),
	(213,1445,1535,'SGW','MB-S1.255','M'),
	(214,1315,1430,'SGW','H-439','M,W'),
	(215,1445,1625,'SGW','H-632','M'),
	(216,1445,1625,'SGW','H-609','W'),
	(217,1315,1430,'SGW','FG-B070','W,F'),
	(218,1015,1155,'SGW','H-615','T'),
	(219,1015,1155,'SGW','H-529','T'),
	(220,1315,1430,'SGW','FG-B030','M,W'),
	(221,1015,1155,'SGW','H-607','M'),
	(222,1015,1155,'SGW','H-631','W'),
	(223,845,1025,'SGW','H-633','F'),
	(224,845,1000,'SGW','H-605','M,W'),
	(225,845,1025,'SGW','H-632','F'),
	(226,1015,1155,'SGW','H-619','M'),
	(227,1015,1155,'SGW','H-619','W'),
	(228,1745,2015,'SGW','H-605','F'),
	(229,2030,2210,'SGW','H-632','F'),
	(230,2030,2210,'SGW','H-634','F'),
	(231,1745,1925,'SGW','H-427','M'),
	(232,1445,1600,'SGW','MB-3.210','M,W'),
	(233,1245,1425,'SGW','MB-2.265','M'),
	(234,1615,1755,'SGW','MB-2.285','W'),
	(235,1145,1300,'SGW','H-629','T,J'),
	(236,1315,1405,'SGW','H-523','T'),
	(237,1315,1405,'SGW','MB-2.285','J'),
	(238,1745,2015,'SGW','H-629','F'),
	(239,2030,2120,'SGW','H-537','T'),
	(240,2030,2120,'SGW','H-403','J'),
	(241,1015,1130,'SGW','H-540','M,W'),
	(242,1145,1335,'SGW','H-605','M'),
	(243,1315,1430,'SGW','H-565','M,W'),
	(244,1315,1505,'SGW','MB-3.255','F'),
	(245,1445,1605,'SGW','H-544','W'),
	(246,1615,1730,'SGW','H-603','M,W'),
	(247,1745,1935,'SGW','H-621','M'),
	(248,1745,1935,'SGW','H-627','M'),
	(249,1745,2015,'SGW','H-439','T'),
	(250,2030,2120,'SGW','H-632','T'),
	(251,2030,2120,'SGW','H-634','T'),
	(252,1745,2015,'SGW','H-613','J'),
	(253,2030,2120,'SGW','H-564','J'),
	(254,2030,2120,'SGW','H-603','J'),
	(255,845,1000,'SGW','H-561','M,W'),
	(256,1015,1105,'SGW','H-439','M'),
	(257,1015,1105,'SGW','H-400','M'),
	(258,1745,2015,'SGW','FG-C080','W'),
	(259,1445,1535,'SGW','MB-3.255','T'),
	(260,1445,1535,'SGW','MB-S2.455','J'),
	(261,1145,1300,'SGW','FG-B030','W,F'),
	(262,1445,1535,'SGW','H-529','F'),
	(263,1145,1235,'SGW','H-529','M'),
	(264,1315,1430,'SGW','H-403','W,F'),
	(265,1445,1535,'SGW','MB-2.265','T'),
	(266,1445,1535,'SGW','H-615','J'),
	(267,1445,1730,'SGW','H-403','W'),
	(268,915,1005,'SGW','MB-2.265','W'),
	(269,915,1005,'SGW','MB-2.255','F'),
	(270,1145,1300,'SGW','H-401','T,J'),
	(271,1315,1405,'SGW','H-609','T'),
	(272,1315,1405,'SGW','H-427','T'),
	(273,1745,2015,'SGW','H-539','F'),
	(274,2030,2120,'SGW','H-437','F'),
	(275,2030,2120,'SGW','H-529','F'),
	(276,1745,2015,'SGW','H-633','T'),
	(277,1745,2015,'SGW','H-629','J'),
	(278,1015,1130,'SGW','H-459','M,W'),
	(279,1745,2015,'SGW','H-529','T'),
	(280,1145,1300,'SGW','FG-B080','M,W'),
	(281,1745,2015,'SGW','H-523','J'),
	(282,1745,2015,'SGW','H-544','F'),
	(283,1745,2015,'SGW','H-562','F'),
	(284,1315,1430,'SGW','H-427','M,W'),
	(285,845,1000,'SGW','H-401','T,J'),
	(286,1015,1155,'SGW','H-400','T'),
	(287,1815,1955,'SGW','FG-C070','J'),
	(288,1015,1130,'SGW','H-501','W,F'),
	(289,1145,1235,'SGW','H-537','F'),
	(290,1245,1335,'SGW','H-437','F'),
	(291,1145,1300,'SGW','H-423','W,F'),
	(292,1545,1635,'SGW','H-621','F'),
	(293,1545,1635,'SGW','H-529','F'),
	(294,1315,1430,'SGW','MB-S2.115','W,F'),
	(295,1445,1535,'SGW','MB-S2.135','F'),
	(296,1445,1535,'SGW','MB-3.265','F'),
	(297,1015,1130,'SGW','H-509','W,F'),
	(298,915,1005,'SGW','H-615','F'),
	(299,915,1005,'SGW','H-400','F'),
	(300,1745,2015,'SGW','MB-2.265','W'),
	(301,2020,2105,'SGW','MB-1.301','W'),
	(302,1315,1430,'SGW','H-623','T,J'),
	(303,1445,1535,'SGW','H-403','T'),
	(304,1315,1430,'SGW','MB-5.265','M,W'),
	(305,1445,1535,'SGW','MB-S2.105','W'),
	(306,1445,1535,'SGW','MB-3.255','M'),
	(307,1745,2015,'SGW','H-521','W'),
	(308,2030,2210,'SGW','H-632','W'),
	(309,2030,2210,'SGW','H-634','W'),
	(310,2030,2210,'SGW','H-634','M'),
	(311,1745,2015,'SGW','H-521','T'),
	(312,2030,2210,'SGW','H-633','T'),
	(313,2030,2210,'SGW','H-632','T'),
	(314,2030,2210,'SGW','H-634','T'),
	(315,1315,1430,'SGW','H-629','M,W'),
	(316,1445,1635,'SGW','H-625','M'),
	(317,1445,1635,'SGW','H-627','W'),
	(318,1745,2015,'SGW','H-459','M'),
	(319,1145,1335,'SGW','H-609','J'),
	(320,1145,1335,'SGW','H-529','T'),
	(321,1015,1130,'SGW','GN-M100','W,F'),
	(322,1145,1325,'SGW','H-540','F'),
	(323,1145,1325,'SGW','MB-S1.105','W'),
	(324,1015,1130,'SGW','H-423','W,F'),
	(325,1015,1155,'SGW','MB-S2.105','M'),
	(326,1145,1325,'SGW','H-529','W'),
	(327,1745,2015,'SGW','H-507','J'),
	(328,2030,2210,'SGW','H-507','J'),
	(329,1745,1925,'SGW','H-437','F'),
	(330,1745,2015,'SGW','H-631','F'),
	(331,1015,1155,'SGW','H-613','W'),
	(332,1145,1325,'SGW','MB-S2.445','M'),
	(333,1745,2015,'SGW','H-439','M'),
	(334,2030,2120,'SGW','H-632','M'),
	(335,2130,2220,'SGW','H-632','M'),
	(336,1145,1300,'SGW','H-540','T,J'),
	(337,1315,1405,'SGW','H-427','T'),
	(338,1315,1405,'SGW','H-441','J'),
	(339,1745,2015,'SGW','H-557','W'),
	(340,2030,2120,'SGW','H-557','W'),
	(341,2030,2120,'SGW','H-607','W'),
	(342,1445,1600,'SGW','H-629','M,W'),
	(343,1615,1705,'SGW','H-437','M'),
	(344,1615,1705,'SGW','H-540','W'),
	(345,1315,1430,'SGW','H-605','M,W'),
	(346,1615,1705,'SGW','MB-2.265','M'),
	(347,1615,1705,'SGW','MB-2.285','W'),
	(348,1315,1430,'SGW','H-603','M,W'),
	(349,1615,1705,'SGW','H-562','W'),
	(350,1615,1705,'SGW','H-544','W'),
	(351,1745,2015,'SGW','H-605','J'),
	(352,2030,2120,'SGW','H-603','J'),
	(353,2030,2120,'SGW','H-605','J'),
	(354,1145,1300,'SGW','FG-B080','T,J'),
	(355,1745,2015,'SGW','H-625','J'),
	(356,1445,1730,'SGW','MB-2.255','J'),
	(357,1145,1300,'SGW','H-439','T,J'),
	(358,1315,1405,'SGW','H-632','T'),
	(359,1315,1405,'SGW','H-562','J'),
	(360,1745,2015,'SGW','H-621','M'),
	(361,1315,1430,'SGW','H-501','M,W'),
	(362,1745,2015,'SGW','H-439','W'),
	(363,1745,2015,'SGW','H-621','W'),
	(364,1445,1600,'SGW','H-427','T,J'),
	(365,1315,1430,'SGW','H-562','M,W'),
	(366,1445,1600,'SGW','H-459','M,W'),
	(367,1615,1755,'SGW','H-427','W'),
	(368,1615,1755,'SGW','H-403','W'),
	(369,845,1000,'SGW','H-401','T,J'),
	(370,1015,1155,'SGW','H-623','T'),
	(371,1015,1155,'SGW','H-441','J'),
	(372,1445,1600,'SGW','H-509','T,J'),
	(373,1615,1755,'SGW','H-403','T'),
	(374,1615,1755,'SGW','H-401','J'),
	(375,1515,1655,'SGW','H-437','F'),
	(376,1615,1730,'SGW','H-544','T,J'),
	(377,1415,1605,'SGW','H-523','F'),
	(378,845,1000,'SGW','FG-B070','W,F'),
	(379,1215,1305,'SGW','H-627','F'),
	(380,1315,1405,'SGW','MB-2.265','F'),
	(381,1315,1430,'SGW','H-459','T,J'),
	(382,1445,1535,'SGW','H-523','J'),
	(383,1445,1535,'SGW','H-615','J'),
	(384,1015,1130,'SGW','H-633','W,F'),
	(385,1145,1235,'SGW','H-523','F'),
	(386,1145,1235,'SGW','H-441','F'),
	(387,1145,1300,'SGW','FG-B050','T,J'),
	(388,1045,1135,'SGW','FG-B055','T'),
	(389,1045,1135,'SGW','FG-C070','J'),
	(390,1045,1135,'SGW','H-400','M'),
	(391,1615,1755,'SGW','FG-B070','M'),
	(392,1815,1905,'SGW','H-529','M'),
	(393,1815,1905,'SGW','H-400','M'),
	(394,1745,2015,'SGW','MB-2.265','T'),
	(395,2030,2120,'SGW','MB-S2.135','T'),
	(396,1315,1430,'SGW','MB-S1.115','M,W'),
	(397,1445,1535,'SGW','MB-S1.255','W'),
	(398,1445,1535,'SGW','MB-S1.255','M'),
	(399,1315,1430,'SGW','H-439','M,W'),
	(400,1445,1625,'SGW','H-632','M'),
	(401,1445,1625,'SGW','H-609','W'),
	(402,1315,1430,'SGW','FG-B070','W,F'),
	(403,1015,1155,'SGW','H-615','T'),
	(404,1015,1155,'SGW','H-529','T'),
	(405,1315,1430,'SGW','FG-B030','M,W'),
	(406,1015,1155,'SGW','H-607','M'),
	(407,1015,1155,'SGW','H-631','W'),
	(408,845,1025,'SGW','H-633','F'),
	(409,845,1000,'SGW','H-605','M,W'),
	(410,845,1025,'SGW','H-632','F'),
	(411,1015,1155,'SGW','H-619','M'),
	(412,1015,1155,'SGW','H-619','W'),
	(413,1745,2015,'SGW','H-605','F'),
	(414,2030,2210,'SGW','H-632','F'),
	(415,2030,2210,'SGW','H-634','F'),
	(416,1745,1925,'SGW','H-427','M'),
	(417,1445,1600,'SGW','MB-3.210','M,W'),
	(418,1245,1425,'SGW','MB-2.265','M'),
	(419,1615,1755,'SGW','MB-2.285','W'),
	(420,1145,1300,'SGW','H-629','T,J'),
	(421,1315,1405,'SGW','H-523','T'),
	(422,1315,1405,'SGW','MB-2.285','J'),
	(423,1745,2015,'SGW','H-629','F'),
	(424,2030,2120,'SGW','H-537','T'),
	(425,2030,2120,'SGW','H-403','J'),
	(426,1015,1130,'SGW','H-540','M,W'),
	(427,1145,1335,'SGW','H-605','M'),
	(428,1315,1430,'SGW','H-565','M,W'),
	(429,1315,1505,'SGW','MB-3.255','F'),
	(430,1445,1605,'SGW','H-544','W'),
	(431,1615,1730,'SGW','H-603','M,W'),
	(432,1745,1935,'SGW','H-621','M'),
	(433,1745,1935,'SGW','H-627','M'),
	(434,1745,2015,'SGW','H-439','T'),
	(435,2030,2120,'SGW','H-632','T'),
	(436,2030,2120,'SGW','H-634','T'),
	(437,1745,2015,'SGW','H-613','J'),
	(438,2030,2120,'SGW','H-564','J'),
	(439,2030,2120,'SGW','H-603','J'),
	(440,845,1000,'SGW','H-561','M,W'),
	(441,1015,1105,'SGW','H-439','M'),
	(442,1015,1105,'SGW','H-400','M'),
	(443,1745,2015,'SGW','FG-C080','W'),
	(444,1445,1535,'SGW','MB-3.255','T'),
	(445,1445,1535,'SGW','MB-S2.455','J'),
	(446,1145,1300,'SGW','FG-B030','W,F'),
	(447,1445,1535,'SGW','H-529','F'),
	(448,1145,1235,'SGW','H-529','M'),
	(449,1315,1430,'SGW','H-403','W,F'),
	(450,1445,1535,'SGW','MB-2.265','T'),
	(451,1445,1535,'SGW','H-615','J'),
	(452,1445,1730,'SGW','H-403','W'),
	(453,915,1005,'SGW','MB-2.265','W'),
	(454,915,1005,'SGW','MB-2.255','F'),
	(455,1145,1300,'SGW','H-401','T,J'),
	(456,1315,1405,'SGW','H-609','T'),
	(457,1315,1405,'SGW','H-427','T'),
	(458,1745,2015,'SGW','H-539','F'),
	(459,2030,2120,'SGW','H-437','F'),
	(460,2030,2120,'SGW','H-529','F'),
	(461,1745,2015,'SGW','H-633','T'),
	(462,1745,2015,'SGW','H-629','J'),
	(463,1015,1130,'SGW','H-459','M,W'),
	(464,1745,2015,'SGW','H-529','T'),
	(465,1145,1300,'SGW','FG-B080','M,W'),
	(466,1745,2015,'SGW','H-523','J'),
	(467,1745,2015,'SGW','H-544','F'),
	(468,1745,2015,'SGW','H-562','F'),
	(469,1315,1430,'SGW','H-427','M,W'),
	(470,845,1000,'SGW','H-401','T,J'),
	(471,1015,1155,'SGW','H-400','T'),
	(472,1815,1955,'SGW','FG-C070','J'),
	(473,1015,1130,'SGW','H-501','W,F'),
	(474,1145,1235,'SGW','H-537','F'),
	(475,1245,1335,'SGW','H-437','F'),
	(476,1145,1300,'SGW','H-423','W,F'),
	(477,1545,1635,'SGW','H-621','F'),
	(478,1545,1635,'SGW','H-529','F'),
	(479,1315,1430,'SGW','MB-S2.115','W,F'),
	(480,1445,1535,'SGW','MB-S2.135','F'),
	(481,1445,1535,'SGW','MB-3.265','F'),
	(482,1015,1130,'SGW','H-509','W,F'),
	(483,915,1005,'SGW','H-615','F'),
	(484,915,1005,'SGW','H-400','F'),
	(485,1745,2015,'SGW','MB-2.265','W'),
	(486,2020,2105,'SGW','MB-1.301','W'),
	(487,1315,1430,'SGW','H-623','T,J'),
	(488,1445,1535,'SGW','H-403','T'),
	(489,1315,1430,'SGW','MB-5.265','M,W'),
	(490,1445,1535,'SGW','MB-S2.105','W'),
	(491,1445,1535,'SGW','MB-3.255','M'),
	(492,1745,2015,'SGW','H-521','W'),
	(493,2030,2210,'SGW','H-632','W'),
	(494,2030,2210,'SGW','H-634','W'),
	(495,2030,2210,'SGW','H-634','M'),
	(496,1745,2015,'SGW','H-521','T'),
	(497,2030,2210,'SGW','H-633','T'),
	(498,2030,2210,'SGW','H-632','T'),
	(499,2030,2210,'SGW','H-634','T'),
	(500,1315,1430,'SGW','H-629','M,W'),
	(501,1445,1635,'SGW','H-625','M'),
	(502,1445,1635,'SGW','H-627','W'),
	(503,1745,2015,'SGW','H-459','M'),
	(504,1145,1335,'SGW','H-609','J'),
	(505,1145,1335,'SGW','H-529','T'),
	(506,1015,1130,'SGW','GN-M100','W,F'),
	(507,1145,1325,'SGW','H-540','F'),
	(508,1145,1325,'SGW','MB-S1.105','W'),
	(509,1015,1130,'SGW','H-423','W,F'),
	(510,1015,1155,'SGW','MB-S2.105','M'),
	(511,1145,1325,'SGW','H-529','W'),
	(512,1745,2015,'SGW','H-507','J'),
	(513,2030,2210,'SGW','H-507','J'),
	(514,1745,1925,'SGW','H-437','F'),
	(515,1745,2015,'SGW','H-631','F'),
	(516,1015,1155,'SGW','H-613','W'),
	(517,1145,1325,'SGW','MB-S2.445','M'),
	(518,1745,2015,'SGW','H-439','M'),
	(519,2030,2120,'SGW','H-632','M'),
	(520,2130,2220,'SGW','H-632','M'),
	(521,1145,1300,'SGW','H-540','T,J'),
	(522,1315,1405,'SGW','H-427','T'),
	(523,1315,1405,'SGW','H-441','J'),
	(524,1745,2015,'SGW','H-557','W'),
	(525,2030,2120,'SGW','H-557','W'),
	(526,2030,2120,'SGW','H-607','W'),
	(527,1445,1600,'SGW','H-629','M,W'),
	(528,1615,1705,'SGW','H-437','M'),
	(529,1615,1705,'SGW','H-540','W'),
	(530,1315,1430,'SGW','H-605','M,W'),
	(531,1615,1705,'SGW','MB-2.265','M'),
	(532,1615,1705,'SGW','MB-2.285','W'),
	(533,1315,1430,'SGW','H-603','M,W'),
	(534,1615,1705,'SGW','H-562','W'),
	(535,1615,1705,'SGW','H-544','W'),
	(536,1745,2015,'SGW','H-605','J'),
	(537,2030,2120,'SGW','H-603','J'),
	(538,2030,2120,'SGW','H-605','J'),
	(539,1145,1300,'SGW','FG-B080','T,J'),
	(540,1745,2015,'SGW','H-625','J'),
	(541,1445,1730,'SGW','MB-2.255','J'),
	(542,1145,1300,'SGW','H-439','T,J'),
	(543,1315,1405,'SGW','H-632','T'),
	(544,1315,1405,'SGW','H-562','J'),
	(545,1745,2015,'SGW','H-621','M'),
	(546,1315,1430,'SGW','H-501','M,W'),
	(547,1745,2015,'SGW','H-439','W'),
	(548,1745,2015,'SGW','H-621','W'),
	(549,1445,1600,'SGW','H-427','T,J'),
	(550,1315,1430,'SGW','H-562','M,W'),
	(551,1445,1600,'SGW','H-459','M,W'),
	(552,1615,1755,'SGW','H-427','W'),
	(553,1615,1755,'SGW','H-403','W'),
	(554,845,1000,'SGW','H-401','T,J'),
	(555,1015,1155,'SGW','H-623','T'),
	(556,1015,1155,'SGW','H-441','J'),
	(557,1445,1600,'SGW','H-509','T,J'),
	(558,1615,1755,'SGW','H-403','T'),
	(559,1615,1755,'SGW','H-401','J'),
	(560,1515,1655,'SGW','H-437','F'),
	(561,1615,1730,'SGW','H-544','T,J'),
	(562,1415,1605,'SGW','H-523','F'),
	(563,845,1000,'SGW','FG-B070','W,F'),
	(564,1215,1305,'SGW','H-627','F'),
	(565,1315,1405,'SGW','MB-2.265','F'),
	(566,1315,1430,'SGW','H-459','T,J'),
	(567,1445,1535,'SGW','H-523','J'),
	(568,1445,1535,'SGW','H-615','J'),
	(569,1015,1130,'SGW','H-633','W,F'),
	(570,1145,1235,'SGW','H-523','F'),
	(571,1145,1235,'SGW','H-441','F'),
	(572,1145,1300,'SGW','FG-B050','T,J'),
	(573,1045,1135,'SGW','FG-B055','T'),
	(574,1045,1135,'SGW','FG-C070','J'),
	(575,1045,1135,'SGW','H-400','M'),
	(576,1615,1755,'SGW','FG-B070','M'),
	(577,1815,1905,'SGW','H-529','M'),
	(578,1815,1905,'SGW','H-400','M'),
	(579,1745,2015,'SGW','MB-2.265','T'),
	(580,2030,2120,'SGW','MB-S2.135','T'),
	(581,1315,1430,'SGW','MB-S1.115','M,W'),
	(582,1445,1535,'SGW','MB-S1.255','W'),
	(583,1445,1535,'SGW','MB-S1.255','M'),
	(584,1315,1430,'SGW','H-439','M,W'),
	(585,1445,1625,'SGW','H-632','M'),
	(586,1445,1625,'SGW','H-609','W'),
	(587,1315,1430,'SGW','FG-B070','W,F'),
	(588,1015,1155,'SGW','H-615','T'),
	(589,1015,1155,'SGW','H-529','T'),
	(590,1315,1430,'SGW','FG-B030','M,W'),
	(591,1015,1155,'SGW','H-607','M'),
	(592,1015,1155,'SGW','H-631','W'),
	(593,845,1025,'SGW','H-633','F'),
	(594,845,1000,'SGW','H-605','M,W'),
	(595,845,1025,'SGW','H-632','F'),
	(596,1015,1155,'SGW','H-619','M'),
	(597,1015,1155,'SGW','H-619','W'),
	(598,1745,2015,'SGW','H-605','F'),
	(599,2030,2210,'SGW','H-632','F'),
	(600,2030,2210,'SGW','H-634','F'),
	(601,1745,1925,'SGW','H-427','M'),
	(602,1445,1600,'SGW','MB-3.210','M,W'),
	(603,1245,1425,'SGW','MB-2.265','M'),
	(604,1615,1755,'SGW','MB-2.285','W'),
	(605,1145,1300,'SGW','H-629','T,J'),
	(606,1315,1405,'SGW','H-523','T'),
	(607,1315,1405,'SGW','MB-2.285','J'),
	(608,1745,2015,'SGW','H-629','F'),
	(609,2030,2120,'SGW','H-537','T'),
	(610,2030,2120,'SGW','H-403','J'),
	(611,1015,1130,'SGW','H-540','M,W'),
	(612,1145,1335,'SGW','H-605','M'),
	(613,1315,1430,'SGW','H-565','M,W'),
	(614,1315,1505,'SGW','MB-3.255','F'),
	(615,1445,1605,'SGW','H-544','W'),
	(616,1615,1730,'SGW','H-603','M,W'),
	(617,1745,1935,'SGW','H-621','M'),
	(618,1745,1935,'SGW','H-627','M'),
	(619,1745,2015,'SGW','H-439','T'),
	(620,2030,2120,'SGW','H-632','T'),
	(621,2030,2120,'SGW','H-634','T'),
	(622,1745,2015,'SGW','H-613','J'),
	(623,2030,2120,'SGW','H-564','J'),
	(624,2030,2120,'SGW','H-603','J'),
	(625,845,1000,'SGW','H-561','M,W'),
	(626,1015,1105,'SGW','H-439','M'),
	(627,1015,1105,'SGW','H-400','M'),
	(628,1745,2015,'SGW','FG-C080','W'),
	(629,1445,1535,'SGW','MB-3.255','T'),
	(630,1445,1535,'SGW','MB-S2.455','J'),
	(631,1145,1300,'SGW','FG-B030','W,F'),
	(632,1445,1535,'SGW','H-529','F'),
	(633,1145,1235,'SGW','H-529','M'),
	(634,1315,1430,'SGW','H-403','W,F'),
	(635,1445,1535,'SGW','MB-2.265','T'),
	(636,1445,1535,'SGW','H-615','J'),
	(637,1445,1730,'SGW','H-403','W'),
	(638,915,1005,'SGW','MB-2.265','W'),
	(639,915,1005,'SGW','MB-2.255','F'),
	(640,1145,1300,'SGW','H-401','T,J'),
	(641,1315,1405,'SGW','H-609','T'),
	(642,1315,1405,'SGW','H-427','T'),
	(643,1745,2015,'SGW','H-539','F'),
	(644,2030,2120,'SGW','H-437','F'),
	(645,2030,2120,'SGW','H-529','F'),
	(646,1745,2015,'SGW','H-633','T'),
	(647,1745,2015,'SGW','H-629','J'),
	(648,1015,1130,'SGW','H-459','M,W'),
	(649,1745,2015,'SGW','H-529','T'),
	(650,1145,1300,'SGW','FG-B080','M,W'),
	(651,1745,2015,'SGW','H-523','J'),
	(652,1745,2015,'SGW','H-544','F'),
	(653,1745,2015,'SGW','H-562','F'),
	(654,1315,1430,'SGW','H-427','M,W'),
	(655,845,1000,'SGW','H-401','T,J'),
	(656,1015,1155,'SGW','H-400','T'),
	(657,1815,1955,'SGW','FG-C070','J'),
	(658,1015,1130,'SGW','H-501','W,F'),
	(659,1145,1235,'SGW','H-537','F'),
	(660,1245,1335,'SGW','H-437','F'),
	(661,1145,1300,'SGW','H-423','W,F'),
	(662,1545,1635,'SGW','H-621','F'),
	(663,1545,1635,'SGW','H-529','F'),
	(664,1315,1430,'SGW','MB-S2.115','W,F'),
	(665,1445,1535,'SGW','MB-S2.135','F'),
	(666,1445,1535,'SGW','MB-3.265','F'),
	(667,1015,1130,'SGW','H-509','W,F'),
	(668,915,1005,'SGW','H-615','F'),
	(669,915,1005,'SGW','H-400','F'),
	(670,1745,2015,'SGW','MB-2.265','W'),
	(671,2020,2105,'SGW','MB-1.301','W'),
	(672,1315,1430,'SGW','H-623','T,J'),
	(673,1445,1535,'SGW','H-403','T'),
	(674,1315,1430,'SGW','MB-5.265','M,W'),
	(675,1445,1535,'SGW','MB-S2.105','W'),
	(676,1445,1535,'SGW','MB-3.255','M'),
	(677,1745,2015,'SGW','H-521','W'),
	(678,2030,2210,'SGW','H-632','W'),
	(679,2030,2210,'SGW','H-634','W'),
	(680,2030,2210,'SGW','H-634','M'),
	(681,1745,2015,'SGW','H-521','T'),
	(682,2030,2210,'SGW','H-633','T'),
	(683,2030,2210,'SGW','H-632','T'),
	(684,2030,2210,'SGW','H-634','T'),
	(685,1315,1430,'SGW','H-629','M,W'),
	(686,1445,1635,'SGW','H-625','M'),
	(687,1445,1635,'SGW','H-627','W'),
	(688,1745,2015,'SGW','H-459','M'),
	(689,1145,1335,'SGW','H-609','J'),
	(690,1145,1335,'SGW','H-529','T'),
	(691,1015,1130,'SGW','GN-M100','W,F'),
	(692,1145,1325,'SGW','H-540','F'),
	(693,1145,1325,'SGW','MB-S1.105','W'),
	(694,1015,1130,'SGW','H-423','W,F'),
	(695,1015,1155,'SGW','MB-S2.105','M'),
	(696,1145,1325,'SGW','H-529','W'),
	(697,1745,2015,'SGW','H-507','J'),
	(698,2030,2210,'SGW','H-507','J'),
	(699,1745,1925,'SGW','H-437','F'),
	(700,1745,2015,'SGW','H-631','F'),
	(701,1015,1155,'SGW','H-613','W'),
	(702,1145,1325,'SGW','MB-S2.445','M'),
	(703,1745,2015,'SGW','H-439','M'),
	(704,2030,2120,'SGW','H-632','M'),
	(705,2130,2220,'SGW','H-632','M'),
	(706,1145,1300,'SGW','H-540','T,J'),
	(707,1315,1405,'SGW','H-427','T'),
	(708,1315,1405,'SGW','H-441','J'),
	(709,1745,2015,'SGW','H-557','W'),
	(710,2030,2120,'SGW','H-557','W'),
	(711,2030,2120,'SGW','H-607','W'),
	(712,1445,1600,'SGW','H-629','M,W'),
	(713,1615,1705,'SGW','H-437','M'),
	(714,1615,1705,'SGW','H-540','W'),
	(715,1315,1430,'SGW','H-605','M,W'),
	(716,1615,1705,'SGW','MB-2.265','M'),
	(717,1615,1705,'SGW','MB-2.285','W'),
	(718,1315,1430,'SGW','H-603','M,W'),
	(719,1615,1705,'SGW','H-562','W'),
	(720,1615,1705,'SGW','H-544','W'),
	(721,1745,2015,'SGW','H-605','J'),
	(722,2030,2120,'SGW','H-603','J'),
	(723,2030,2120,'SGW','H-605','J'),
	(724,1145,1300,'SGW','FG-B080','T,J'),
	(725,1745,2015,'SGW','H-625','J'),
	(726,1445,1730,'SGW','MB-2.255','J'),
	(727,1145,1300,'SGW','H-439','T,J'),
	(728,1315,1405,'SGW','H-632','T'),
	(729,1315,1405,'SGW','H-562','J'),
	(730,1745,2015,'SGW','H-621','M'),
	(731,1315,1430,'SGW','H-501','M,W'),
	(732,1745,2015,'SGW','H-439','W'),
	(733,1745,2015,'SGW','H-621','W'),
	(734,1445,1600,'SGW','H-427','T,J'),
	(735,1315,1430,'SGW','H-562','M,W'),
	(736,1445,1600,'SGW','H-459','M,W'),
	(737,1615,1755,'SGW','H-427','W'),
	(738,1615,1755,'SGW','H-403','W'),
	(739,845,1000,'SGW','H-401','T,J'),
	(740,1015,1155,'SGW','H-623','T'),
	(741,1015,1155,'SGW','H-441','J'),
	(742,1445,1600,'SGW','H-509','T,J'),
	(743,1615,1755,'SGW','H-403','T'),
	(744,1615,1755,'SGW','H-401','J'),
	(745,1515,1655,'SGW','H-437','F'),
	(746,1615,1730,'SGW','H-544','T,J'),
	(747,1415,1605,'SGW','H-523','F'),
	(748,845,1000,'SGW','FG-B070','W,F'),
	(749,1215,1305,'SGW','H-627','F'),
	(750,1315,1405,'SGW','MB-2.265','F'),
	(751,1315,1430,'SGW','H-459','T,J'),
	(752,1445,1535,'SGW','H-523','J'),
	(753,1445,1535,'SGW','H-615','J'),
	(754,1015,1130,'SGW','H-633','W,F'),
	(755,1145,1235,'SGW','H-523','F'),
	(756,1145,1235,'SGW','H-441','F'),
	(757,1145,1300,'SGW','FG-B050','T,J'),
	(758,1045,1135,'SGW','FG-B055','T'),
	(759,1045,1135,'SGW','FG-C070','J'),
	(760,1045,1135,'SGW','H-400','M'),
	(761,1615,1755,'SGW','FG-B070','M'),
	(762,1815,1905,'SGW','H-529','M'),
	(763,1815,1905,'SGW','H-400','M'),
	(764,NULL,NULL,NULL,NULL,'F'),
	(765,1315,1430,'SGW','MB-S1.115','M,W');

/*!40000 ALTER TABLE `time_locations` ENABLE KEYS */;
UNLOCK TABLES;


# Dump of table tutorials
# ------------------------------------------------------------

DROP TABLE IF EXISTS `tutorials`;

CREATE TABLE `tutorials` (
  `id` int(11) NOT NULL AUTO_INCREMENT,
  `section` varchar(4) NOT NULL,
  `lecture_id` int(11) NOT NULL,
  `time_location_id` int(11) NOT NULL,
  PRIMARY KEY (`id`)
) ENGINE=InnoDB DEFAULT CHARSET=latin1;

LOCK TABLES `tutorials` WRITE;
/*!40000 ALTER TABLE `tutorials` DISABLE KEYS */;

INSERT INTO `tutorials` (`id`, `section`, `lecture_id`, `time_location_id`)
VALUES
	(1,'AB',3,1),
	(2,'AB',3,1),
	(3,'JB',4,7),
	(4,'WB',5,6),
	(5,'LB',6,5),
	(6,'MB',7,4),
	(7,'IB',8,3),
	(8,'A',9,9),
	(9,'A',10,11),
	(10,'B',10,12),
	(11,'A',11,14),
	(12,'B',11,15),
	(13,'A',12,17),
	(14,'B',12,18),
	(15,'A',13,20),
	(16,'B',13,21),
	(17,'C',13,22),
	(18,'A',14,24),
	(19,'B',14,25),
	(20,'C',14,26),
	(21,'A',15,28),
	(22,'B',15,29),
	(23,'C',15,30),
	(24,'A',16,32),
	(25,'B',16,33),
	(26,'A',17,35),
	(27,'B',17,36),
	(28,'A',18,38),
	(29,'B',18,39),
	(30,'A',19,41),
	(31,'A',20,43),
	(32,'B',20,44),
	(33,'A',21,46),
	(34,'B',21,47),
	(35,'A',22,49),
	(36,'B',22,50),
	(37,'A',23,52),
	(38,'B',23,53),
	(39,'A',24,55),
	(40,'B',24,56),
	(41,'A',25,58),
	(42,'B',25,59),
	(43,'A',26,61),
	(44,'B',26,62),
	(45,'A',27,64),
	(46,'B',27,65),
	(47,'A',28,67),
	(48,'B',28,68),
	(49,'A',29,70),
	(50,'F',29,71),
	(51,'A',30,73),
	(52,'B',30,74),
	(53,'A',40,85),
	(54,'B',40,86),
	(55,'A',41,88),
	(56,'B',41,89),
	(57,'A',42,91),
	(58,'B',42,92),
	(59,'A',43,94),
	(60,'B',43,95),
	(61,'A',44,97),
	(62,'B',44,98),
	(63,'E',45,100),
	(64,'A',46,102),
	(65,'A',47,104),
	(66,'B',47,105),
	(67,'A',48,107),
	(68,'B',48,108),
	(69,'C',48,109),
	(70,'A',49,111),
	(71,'B',49,112),
	(72,'C',49,113),
	(73,'A',50,115),
	(74,'B',50,116),
	(75,'A',51,118),
	(76,'B',51,119),
	(77,'A',52,121),
	(78,'B',52,122),
	(79,'A',53,124),
	(80,'B',53,125),
	(81,'A',54,127),
	(82,'B',54,128),
	(83,'A',55,130),
	(84,'B',55,131),
	(85,'A',56,133),
	(86,'B',56,134),
	(87,'A',57,136),
	(88,'B',57,137),
	(89,'A',58,139),
	(90,'B',58,140),
	(91,'I',59,142),
	(92,'J',59,143),
	(93,'A',60,145),
	(94,'B',60,146),
	(95,'A',61,148),
	(96,'B',61,149),
	(97,'A',62,151),
	(98,'B',62,152),
	(99,'A',66,157),
	(100,'B',66,158),
	(101,'A',73,166),
	(102,'B',73,167),
	(103,'A',74,169),
	(104,'B',74,170),
	(105,'A',75,172),
	(106,'B',75,173),
	(107,'C',75,174),
	(108,'A',76,176),
	(109,'A',77,178),
	(110,'B',77,179),
	(111,'A',78,181),
	(112,'B',78,182),
	(113,'A',79,184),
	(114,'B',79,185),
	(115,'A',80,187),
	(116,'B',80,188),
	(117,'C',80,189),
	(118,'A',81,191),
	(119,'B',81,192),
	(120,'A',82,210),
	(121,'A',83,212),
	(122,'B',83,213),
	(123,'A',84,215),
	(124,'B',84,216),
	(125,'A',85,218),
	(126,'B',85,219),
	(127,'A',86,221),
	(128,'B',86,222),
	(129,'C',86,223),
	(130,'A',87,225),
	(131,'B',87,226),
	(132,'C',87,227),
	(133,'A',88,229),
	(134,'B',88,230),
	(135,'C',88,231),
	(136,'A',89,233),
	(137,'B',89,234),
	(138,'A',90,236),
	(139,'B',90,237),
	(140,'A',91,239),
	(141,'B',91,240),
	(142,'A',92,242),
	(143,'A',93,244),
	(144,'B',93,245),
	(145,'A',94,247),
	(146,'B',94,248),
	(147,'A',95,250),
	(148,'B',95,251),
	(149,'A',96,253),
	(150,'B',96,254),
	(151,'A',97,256),
	(152,'B',97,257),
	(153,'A',98,259),
	(154,'B',98,260),
	(155,'A',99,262),
	(156,'B',99,263),
	(157,'A',100,265),
	(158,'B',100,266),
	(159,'A',101,268),
	(160,'B',101,269),
	(161,'A',102,271),
	(162,'F',102,272),
	(163,'A',103,274),
	(164,'B',103,275),
	(165,'A',113,286),
	(166,'B',113,287),
	(167,'A',114,289),
	(168,'B',114,290),
	(169,'A',115,292),
	(170,'B',115,293),
	(171,'A',116,295),
	(172,'B',116,296),
	(173,'A',117,298),
	(174,'B',117,299),
	(175,'E',118,301),
	(176,'A',119,303),
	(177,'A',120,305),
	(178,'B',120,306),
	(179,'A',121,308),
	(180,'B',121,309),
	(181,'C',121,310),
	(182,'A',122,312),
	(183,'B',122,313),
	(184,'C',122,314),
	(185,'A',123,316),
	(186,'B',123,317),
	(187,'A',124,319),
	(188,'B',124,320),
	(189,'A',125,322),
	(190,'B',125,323),
	(191,'A',126,325),
	(192,'B',126,326),
	(193,'A',127,328),
	(194,'B',127,329),
	(195,'A',128,331),
	(196,'B',128,332),
	(197,'A',129,334),
	(198,'B',129,335),
	(199,'A',130,337),
	(200,'B',130,338),
	(201,'A',131,340),
	(202,'B',131,341),
	(203,'I',132,343),
	(204,'J',132,344),
	(205,'A',133,346),
	(206,'B',133,347),
	(207,'A',134,349),
	(208,'B',134,350),
	(209,'A',135,352),
	(210,'B',135,353),
	(211,'A',139,358),
	(212,'B',139,359),
	(213,'A',146,367),
	(214,'B',146,368),
	(215,'A',147,370),
	(216,'B',147,371),
	(217,'A',148,373),
	(218,'B',148,374),
	(219,'C',148,375),
	(220,'A',149,377),
	(221,'A',150,379),
	(222,'B',150,380),
	(223,'A',151,382),
	(224,'B',151,383),
	(225,'A',152,385),
	(226,'B',152,386),
	(227,'A',153,388),
	(228,'B',153,389),
	(229,'C',153,390),
	(230,'A',154,392),
	(231,'B',154,393),
	(232,'A',155,395),
	(233,'A',156,397),
	(234,'B',156,398),
	(235,'A',157,400),
	(236,'B',157,401),
	(237,'A',158,403),
	(238,'B',158,404),
	(239,'A',159,406),
	(240,'B',159,407),
	(241,'C',159,408),
	(242,'A',160,410),
	(243,'B',160,411),
	(244,'C',160,412),
	(245,'A',161,414),
	(246,'B',161,415),
	(247,'C',161,416),
	(248,'A',162,418),
	(249,'B',162,419),
	(250,'A',163,421),
	(251,'B',163,422),
	(252,'A',164,424),
	(253,'B',164,425),
	(254,'A',165,427),
	(255,'A',166,429),
	(256,'B',166,430),
	(257,'A',167,432),
	(258,'B',167,433),
	(259,'A',168,435),
	(260,'B',168,436),
	(261,'A',169,438),
	(262,'B',169,439),
	(263,'A',170,441),
	(264,'B',170,442),
	(265,'A',171,444),
	(266,'B',171,445),
	(267,'A',172,447),
	(268,'B',172,448),
	(269,'A',173,450),
	(270,'B',173,451),
	(271,'A',174,453),
	(272,'B',174,454),
	(273,'A',175,456),
	(274,'F',175,457),
	(275,'A',176,459),
	(276,'B',176,460),
	(277,'A',186,471),
	(278,'B',186,472),
	(279,'A',187,474),
	(280,'B',187,475),
	(281,'A',188,477),
	(282,'B',188,478),
	(283,'A',189,480),
	(284,'B',189,481),
	(285,'A',190,483),
	(286,'B',190,484),
	(287,'E',191,486),
	(288,'A',192,488),
	(289,'A',193,490),
	(290,'B',193,491),
	(291,'A',194,493),
	(292,'B',194,494),
	(293,'C',194,495),
	(294,'A',195,497),
	(295,'B',195,498),
	(296,'C',195,499),
	(297,'A',196,501),
	(298,'B',196,502),
	(299,'A',197,504),
	(300,'B',197,505),
	(301,'A',198,507),
	(302,'B',198,508),
	(303,'A',199,510),
	(304,'B',199,511),
	(305,'A',200,513),
	(306,'B',200,514),
	(307,'A',201,516),
	(308,'B',201,517),
	(309,'A',202,519),
	(310,'B',202,520),
	(311,'A',203,522),
	(312,'B',203,523),
	(313,'A',204,525),
	(314,'B',204,526),
	(315,'I',205,528),
	(316,'J',205,529),
	(317,'A',206,531),
	(318,'B',206,532),
	(319,'A',207,534),
	(320,'B',207,535),
	(321,'A',208,537),
	(322,'B',208,538),
	(323,'A',212,543),
	(324,'B',212,544),
	(325,'A',219,552),
	(326,'B',219,553),
	(327,'A',220,555),
	(328,'B',220,556),
	(329,'A',221,558),
	(330,'B',221,559),
	(331,'C',221,560),
	(332,'A',222,562),
	(333,'A',223,564),
	(334,'B',223,565),
	(335,'A',224,567),
	(336,'B',224,568),
	(337,'A',225,570),
	(338,'B',225,571),
	(339,'A',226,573),
	(340,'B',226,574),
	(341,'C',226,575),
	(342,'A',227,577),
	(343,'B',227,578),
	(344,'A',228,580),
	(345,'A',229,582),
	(346,'B',229,583),
	(347,'A',230,585),
	(348,'B',230,586),
	(349,'A',231,588),
	(350,'B',231,589),
	(351,'A',232,591),
	(352,'B',232,592),
	(353,'C',232,593),
	(354,'A',233,595),
	(355,'B',233,596),
	(356,'C',233,597),
	(357,'A',234,599),
	(358,'B',234,600),
	(359,'C',234,601),
	(360,'A',235,603),
	(361,'B',235,604),
	(362,'A',236,606),
	(363,'B',236,607),
	(364,'A',237,609),
	(365,'B',237,610),
	(366,'A',238,612),
	(367,'A',239,614),
	(368,'B',239,615),
	(369,'A',240,617),
	(370,'B',240,618),
	(371,'A',241,620),
	(372,'B',241,621),
	(373,'A',242,623),
	(374,'B',242,624),
	(375,'A',243,626),
	(376,'B',243,627),
	(377,'A',244,629),
	(378,'B',244,630),
	(379,'A',245,632),
	(380,'B',245,633),
	(381,'A',246,635),
	(382,'B',246,636),
	(383,'A',247,638),
	(384,'B',247,639),
	(385,'A',248,641),
	(386,'F',248,642),
	(387,'A',249,644),
	(388,'B',249,645),
	(389,'A',259,656),
	(390,'B',259,657),
	(391,'A',260,659),
	(392,'B',260,660),
	(393,'A',261,662),
	(394,'B',261,663),
	(395,'A',262,665),
	(396,'B',262,666),
	(397,'A',263,668),
	(398,'B',263,669),
	(399,'E',264,671),
	(400,'A',265,673),
	(401,'A',266,675),
	(402,'B',266,676),
	(403,'A',267,678),
	(404,'B',267,679),
	(405,'C',267,680),
	(406,'A',268,682),
	(407,'B',268,683),
	(408,'C',268,684),
	(409,'A',269,686),
	(410,'B',269,687),
	(411,'A',270,689),
	(412,'B',270,690),
	(413,'A',271,692),
	(414,'B',271,693),
	(415,'A',272,695),
	(416,'B',272,696),
	(417,'A',273,698),
	(418,'B',273,699),
	(419,'A',274,701),
	(420,'B',274,702),
	(421,'A',275,704),
	(422,'B',275,705),
	(423,'A',276,707),
	(424,'B',276,708),
	(425,'A',277,710),
	(426,'B',277,711),
	(427,'I',278,713),
	(428,'J',278,714),
	(429,'A',279,716),
	(430,'B',279,717),
	(431,'A',280,719),
	(432,'B',280,720),
	(433,'A',281,722),
	(434,'B',281,723),
	(435,'A',285,728),
	(436,'B',285,729),
	(437,'A',292,737),
	(438,'B',292,738),
	(439,'A',293,740),
	(440,'B',293,741),
	(441,'A',294,743),
	(442,'B',294,744),
	(443,'C',294,745),
	(444,'A',295,747),
	(445,'A',296,749),
	(446,'B',296,750),
	(447,'A',297,752),
	(448,'B',297,753),
	(449,'A',298,755),
	(450,'B',298,756),
	(451,'A',299,758),
	(452,'B',299,759),
	(453,'C',299,760),
	(454,'A',300,762),
	(455,'B',300,763);

/*!40000 ALTER TABLE `tutorials` ENABLE KEYS */;
UNLOCK TABLES;



/*!40111 SET SQL_NOTES=@OLD_SQL_NOTES */;
/*!40101 SET SQL_MODE=@OLD_SQL_MODE */;
/*!40014 SET FOREIGN_KEY_CHECKS=@OLD_FOREIGN_KEY_CHECKS */;
/*!40101 SET CHARACTER_SET_CLIENT=@OLD_CHARACTER_SET_CLIENT */;
/*!40101 SET CHARACTER_SET_RESULTS=@OLD_CHARACTER_SET_RESULTS */;
/*!40101 SET COLLATION_CONNECTION=@OLD_COLLATION_CONNECTION */;
