-- phpMyAdmin SQL Dump
-- version 3.4.5
-- http://www.phpmyadmin.net
--
-- Host: localhost
-- Generation Time: Apr 02, 2012 at 10:08 PM
-- Server version: 5.5.16
-- PHP Version: 5.3.8

SET SQL_MODE="NO_AUTO_VALUE_ON_ZERO";
SET time_zone = "+00:00";


/*!40101 SET @OLD_CHARACTER_SET_CLIENT=@@CHARACTER_SET_CLIENT */;
/*!40101 SET @OLD_CHARACTER_SET_RESULTS=@@CHARACTER_SET_RESULTS */;
/*!40101 SET @OLD_COLLATION_CONNECTION=@@COLLATION_CONNECTION */;
/*!40101 SET NAMES utf8 */;

--
-- Database: `pasta`
--

-- --------------------------------------------------------

--
-- Table structure for table `completed_courses`
--

DROP TABLE IF EXISTS `completed_courses`;
CREATE TABLE IF NOT EXISTS `completed_courses` (
  `id` int(11) NOT NULL AUTO_INCREMENT,
  `student_id` int(11) NOT NULL,
  `course_id` int(11) NOT NULL,
  PRIMARY KEY (`id`)
) ENGINE=InnoDB  DEFAULT CHARSET=latin1 AUTO_INCREMENT=519 ;

--
-- Dumping data for table `completed_courses`
--

INSERT INTO `completed_courses` (`id`, `student_id`, `course_id`) VALUES
(8, 4, 3),
(341, 4, 7),
(516, 3, 7),
(517, 3, 82),
(518, 3, 83);

-- --------------------------------------------------------

--
-- Table structure for table `courses`
--

DROP TABLE IF EXISTS `courses`;
CREATE TABLE IF NOT EXISTS `courses` (
  `id` int(11) NOT NULL AUTO_INCREMENT,
  `code` varchar(6) NOT NULL,
  `number` int(11) NOT NULL,
  `credit` float DEFAULT NULL,
  `title` varchar(128) DEFAULT NULL,
  PRIMARY KEY (`id`)
) ENGINE=InnoDB  DEFAULT CHARSET=latin1 AUTO_INCREMENT=398 ;

--
-- Dumping data for table `courses`
--

INSERT INTO `courses` (`id`, `code`, `number`, `credit`, `title`) VALUES
(186, 'COMP', 108, 3, 'COMP INDUS EXPER REF LRNG I'),
(187, 'COMP', 201, 3, 'INTRODUCTION TO COMPUTING'),
(188, 'COMP', 208, 3, 'COMP INDUS EXPER REF LRNG II'),
(189, 'COMP', 218, 3, 'FUNDAMENTALS OF PROGRAMMING'),
(190, 'COMP', 228, 3, 'SYSTEM HARDWARE'),
(191, 'COMP', 232, 3, 'MATH. FOR COMPUTER SCIENCE'),
(192, 'COMP', 233, 3, 'PROB. & STATS. FOR COMP. SC.'),
(193, 'COMP', 248, 3, 'OBJ-ORIENTED PROGRAMMING I'),
(194, 'COMP', 249, 3, 'OBJ-ORIENTED PROGRAMMING II'),
(195, 'COMP', 335, 3, 'INTRO/THEORETICAL COMP SCI'),
(196, 'COMP', 339, 3, 'COMBINATORICS'),
(197, 'COMP', 345, 3, 'ADVANCED PROGRAM DESIGN, C++'),
(198, 'COMP', 346, 4, 'OPERATING SYSTEMS'),
(199, 'COMP', 348, 3, 'PRIN./PROGRAMMING LANGUAGES'),
(200, 'COMP', 352, 3, 'DATA STRUCTURES + ALGORITHMS'),
(201, 'COMP', 353, 4, 'DATABASES'),
(202, 'COMP', 354, 4, 'SOFTWARE ENGINEERING I'),
(203, 'COMP', 361, 3, 'ELEMENTARY NUMERICAL METHODS'),
(204, 'COMP', 371, 4, 'COMPUTER GRAPHICS'),
(205, 'COMP', 376, 4, 'INTRO. TO GAME DEVELOPMENT'),
(206, 'COMP', 445, 4, 'DATA COMM + COMP NETWORKS'),
(207, 'COMP', 451, 4, 'DATABASE DESIGN'),
(208, 'COMP', 472, 4, 'ARTIFICIAL INTELLIGENCE'),
(209, 'COMP', 473, 4, 'PATTERN RECOGNITION'),
(210, 'COMP', 474, 4, 'INTELLIGENT SYSTEMS'),
(211, 'COMP', 478, 4, 'IMAGE PROCESSING'),
(212, 'COMP', 479, 4, 'INFO. RETRIEVAL & WEB SEARCH'),
(213, 'COMP', 490, 3, 'COMPUTER SCIENCE PROJECT I'),
(214, 'COMP', 492, 3, 'COMPUTER SCIENCE PROJECT II'),
(215, 'COMP', 495, 1, 'HONOURS SEMINAR'),
(216, 'SOEN', 287, 3, 'WEB PROGRAMMING'),
(217, 'SOEN', 341, 3, 'SOFTWARE PROCESS'),
(218, 'SOEN', 342, 3, 'SW REQUIREMENTS + SPECS.'),
(219, 'SOEN', 343, 3, 'S.W. ARCHITECURE & DESIGN I'),
(220, 'SOEN', 384, 3, 'MGMT+QUALITY CTRL./SW DEV.'),
(221, 'SOEN', 387, 3, 'WEB-BASED ENTER. APP DESIGN'),
(222, 'SOEN', 422, 4, 'EMBEDDED SYSTEMS/SOFTWARE'),
(223, 'SOEN', 423, 4, 'DISTRIBUTED SYSTEMS'),
(224, 'SOEN', 490, 4, 'CAPSTONE SW ENGR DESIGN PROJ'),
(225, 'BIOL', 226, 3, 'BIODIVERSITY AND ECOLOGY'),
(226, 'CHEM', 217, 3, 'INTRO ANALYTICAL CHEMISTRY I'),
(227, 'CHEM', 221, 3, 'INTRO - ORGANIC CHEMISTRY I'),
(228, 'CHEM', 234, 3, 'PHYS.CHEM I:THERMODYNAMICS'),
(229, 'GEOL', 208, 3, 'THE EARTH, MOON AND PLANETS'),
(230, 'PHYS', 253, 3, 'ELECTRICITY & MAGNETISM I'),
(231, 'PHYS', 334, 3, 'THERMODYNAMICS'),
(232, 'AHSC', 241, 3, 'REC&LEIS IN CONTEMPORARY SOC'),
(233, 'ECON', 201, 3, 'INTRODUCTION-MICROECONOMICS'),
(234, 'ECON', 203, 3, 'INTRODUCTION-MACROECONOMICS'),
(235, 'EDUC', 230, 3, 'INTRO TO PHILOSOPHY OF EDUC'),
(236, 'GEOG', 203, 3, 'CANADIAN ENVIRONM TAL ISSUES'),
(237, 'GEOG', 204, 3, 'GLOBAL ENVIRONMENTAL ISSUES'),
(238, 'GEOG', 220, 3, 'PLACE, SPACE AND IDENTITY'),
(239, 'INST', 250, 3, 'INTRO TO LIB RES PRACTICES'),
(240, 'LING', 222, 3, 'LANG & MIND: CHOMSKYAN PROG'),
(241, 'LING', 300, 3, 'SOCIOLINGUISTICS'),
(242, 'POLI', 202, 3, 'INTRO TO POLITICAL SCIENCE'),
(243, 'POLI', 213, 3, 'CONTEMP ISSUES GLOBAL POLI'),
(244, 'RELI', 215, 3, 'RELIGIONS OF ASIA'),
(245, 'RELI', 216, 3, 'ENCOUNTERING RELIGIONS'),
(246, 'RELI', 310, 3, 'SELF & OTHER:&nbsp;&nbsp; Special Subject: IDENTITY& ETHICALDEVELOPMENT'),
(247, 'SCPA', 215, 3, 'ECON FOR PUB POL&COM DEV'),
(248, 'WSDB', 290, 3, 'INTRO TO HIST.PRSCPCTV IN WS'),
(249, 'WSDB', 291, 3, 'INTRO CNTMPRY PRSCPCTV IN WS'),
(250, 'ARTH', 353, 3, 'TECHNOLOGY & CONTEMP. ART'),
(251, 'ARTH', 354, 3, 'STUDIES/INTERDISC.VISUAL ART'),
(252, 'CLAS', 266, 3, 'INTRO CLASSICAL ARCHAEOLOGY'),
(253, 'COMS', 360, 3, 'MASS COMMUNICATION'),
(254, 'ENGL', 224, 3, 'THE CREATIVE PROCESS'),
(255, 'ENGL', 233, 3, 'CRITICAL READING'),
(256, 'FLIT', 230, 3, 'INTRO CULTURE FRANCOPHONE'),
(257, 'FMST', 214, 3, 'ENGLISH-CANADIAN FILM'),
(258, 'HIST', 201, 3, 'INTRO:EUROPEAN HIST TO 1789'),
(259, 'HIST', 281, 3, 'FILM IN HISTORY'),
(260, 'PHIL', 201, 3, 'PROBLEMS OF PHILOSOPHY'),
(261, 'PHIL', 210, 3, 'CRITICAL THINKING'),
(262, 'PHIL', 232, 3, 'INTRO TO  ETHICS'),
(263, 'PHIL', 233, 3, 'APPLIED ETHICS'),
(264, 'PHIL', 235, 3, 'BIOMEDICAL ETHICS'),
(265, 'PHIL', 275, 3, 'MODERN TO POSTMODERN'),
(266, 'PHIL', 330, 3, 'CONTEMPORARY ETHICAL THEORY'),
(267, 'THEO', 202, 3, 'INTRO. TO BIBLICAL STUDIES'),
(268, 'ADMI', 201, 3, 'INTRO TO ADMINISTRATION'),
(269, 'ADMI', 202, 3, 'PERSPECTIVE ON CANADIAN BUS'),
(270, 'MANA', 300, 3, 'ENTRPSHP:LAUNCH''G YOUR BSNSS'),
(271, 'MARK', 201, 3, 'INTRODUCTION TO MARKETING'),
(272, 'URBS', 230, 3, 'URBAN DEVELOPMENT'),
(273, 'COMP', 345, 3, 'ADVANCED PROGRAM DESIGN, C++'),
(274, 'COMP', 371, 4, 'COMPUTER GRAPHICS'),
(275, 'COMP', 376, 4, 'INTRO. TO GAME DEVELOPMENT'),
(276, 'COMP', 472, 4, 'ARTIFICIAL INTELLIGENCE'),
(277, 'COMP', 353, 4, 'DATABASES'),
(278, 'COMP', 445, 4, 'DATA COMM + COMP NETWORKS'),
(279, 'COMP', 479, 4, 'INFO. RETRIEVAL & WEB SEARCH'),
(280, 'SOEN', 387, 3, 'WEB-BASED ENTER. APP DESIGN'),
(281, 'COEN', 317, 4, 'MICROPROCESSOR SYSTEMS'),
(282, 'COEN', 320, 3, 'INTRO TO REAL-TIME SYSTEMS'),
(283, 'COMP', 345, 3, 'ADVANCED PROGRAM DESIGN, C++'),
(284, 'SOEN', 422, 4, 'EMBEDDED SYSTEMS/SOFTWARE'),
(285, 'SOEN', 423, 4, 'DISTRIBUTED SYSTEMS'),
(286, 'MECH', 480, 3, 'FLIGHT CONTROL SYSTEMS'),
(287, 'MECH', 482, 3, 'AVIONIC NAVIGATION SYSTEMS'),
(288, 'COMP', 451, 4, 'DATABASE DESIGN'),
(289, 'COMP', 473, 4, 'PATTERN RECOGNITION'),
(290, 'COMP', 474, 4, 'INTELLIGENT SYSTEMS'),
(291, 'COMP', 478, 4, 'IMAGE PROCESSING'),
(292, 'SOEN', 423, 4, 'DISTRIBUTED SYSTEMS'),
(293, 'ENGR', 411, 1, 'SPECIAL TECHNICAL REPORT'),
(294, 'COMP', 232, 3, 'MATH. FOR COMPUTER SCIENCE'),
(295, 'COMP', 248, 3, 'OBJ-ORIENTED PROGRAMMING I'),
(296, 'ENGR', 201, 1, 'PROFESS L. PRACTICE+RESPONS.'),
(297, 'ENGR', 213, 3, 'APP.ORDINARY DIFF.EQUATIONS'),
(298, 'COMP', 249, 3, 'OBJ-ORIENTED PROGRAMMING II'),
(299, 'ENGR', 233, 3, 'APPLIED ADVANCED CALCULUS'),
(300, 'SOEN', 287, 3, 'WEB PROGRAMMING'),
(301, 'COMP', 348, 3, 'PRIN./PROGRAMMING LANGUAGES'),
(302, 'COMP', 352, 3, 'DATA STRUCTURES + ALGORITHMS'),
(303, 'ENCS', 282, 3, 'TECH. WRITING + COMMUNIC N.'),
(304, 'ENGR', 202, 1, 'SUSTAIN.DEV.+ENVIRO.STEWART.'),
(305, 'COMP', 346, 4, 'OPERATING SYSTEMS'),
(306, 'ELEC', 275, 3, 'PRINCIPLES OF ELEC. ENGG.'),
(307, 'ENGR', 371, 3, 'PROBABILITY+STATISTICS/ENGR.'),
(308, 'SOEN', 341, 3, 'SOFTWARE PROCESS'),
(309, 'COMP', 335, 3, 'INTRO/THEORETICAL COMP SCI'),
(310, 'SOEN', 342, 3, 'SW REQUIREMENTS + SPECS.'),
(311, 'SOEN', 343, 3, 'S.W. ARCHITECURE & DESIGN I'),
(312, 'SOEN', 384, 3, 'MGMT+QUALITY CTRL./SW DEV.'),
(313, 'ENGR', 301, 3, 'ENGR.MGMT.PRINCIP.+ECONOMICS'),
(314, 'ENGR', 391, 3, 'NUMERICAL METHODS IN ENGR'),
(315, 'SOEN', 490, 4, 'CAPSTONE SW ENGR DESIGN PROJ'),
(316, 'ENGR', 392, 3, 'IMPACT/TECHNOLOGY ON SOCIETY'),
(317, 'SOEN', 490, 4, 'CAPSTONE SW ENGR DESIGN PROJ'),
(318, 'COMP', 326, 3, 'COMPUTER ARCHITECTURE'),
(319, 'COMP', 367, 3, 'TECH./SYMBOLIC COMPUTATIONS'),
(320, 'COMP', 426, 4, 'MULTICORE PROGRAMMING'),
(321, 'COMP', 428, 4, 'PARALLEL PROGRAMMING'),
(322, 'COMP', 442, 4, 'COMPILER DESIGN'),
(323, 'COMP', 465, 3, 'DESIGN+ANALYSIS/ALGORITHMS'),
(324, 'COMP', 476, 4, 'ADVANCED GAME DEVELOPMENT'),
(325, 'COMP', 477, 4, 'ANIMATION FOR COMPUTER GAMES'),
(326, 'SOEN', 228, 4, 'SYSTEM HARDWARE'),
(327, 'SOEN', 331, 3, 'INTRO TO FML MTHDS FOR SOEN'),
(328, 'SOEN', 344, 3, 'S.W. ARCHITECURE & DESIGN II'),
(329, 'SOEN', 345, 3, 'S.W. TESTING, VERIF & QA'),
(330, 'SOEN', 357, 3, 'USER INTERFACE DESIGN'),
(331, 'SOEN', 385, 3, 'CONTROL SYSTEMS+APPLICATIONS'),
(332, 'SOEN', 390, 3, 'SOFTWARE ENGR. TEAM PROJECT'),
(333, 'SOEN', 487, 4, 'WEB SERVICES & APPLICATIONS'),
(334, 'BIOL', 206, 3, 'ELEMENTARY GENETICS'),
(335, 'CHEM', 209, 3, 'DISCOVERING BIOTECHNOLOGY'),
(336, 'PHYS', 252, 3, 'OPTICS'),
(337, 'PHYS', 354, 3, 'ELECTRICITY & MAGNETISM II'),
(338, 'ENCS', 283, 3, 'INN.&CRITICL THKNG SCI&TECH'),
(339, 'GEOG', 210, 3, 'GEOGRAPHY OF GLOBAL CHANGE'),
(340, 'RELI', 214, 3, 'RELIGIONS OF THE WEST'),
(341, 'RELI', 312, 3, 'JUSTICE & SOCIAL CONFLICT'),
(342, 'SOCI', 203, 3, 'INTRODUCTION TO SOCIETY'),
(343, 'FLIT', 240, 3, 'INTRO LITT FRANCOPHONE'),
(344, 'HIST', 202, 3, 'INTRO:EUROPEAN 1789-PRESENT'),
(345, 'HIST', 205, 3, 'CANADA: POST-CONFEDERATION'),
(346, 'THEO', 233, 3, 'RELG. PLURALISM/SECULAR CULT'),
(347, 'COMP', 476, 4, 'ADVANCED GAME DEVELOPMENT'),
(348, 'COMP', 477, 4, 'ANIMATION FOR COMPUTER GAMES'),
(349, 'SOEN', 487, 4, 'WEB SERVICES & APPLICATIONS'),
(350, 'COMP', 426, 4, 'MULTICORE PROGRAMMING'),
(351, 'COMP', 428, 4, 'PARALLEL PROGRAMMING'),
(352, 'COMP', 442, 4, 'COMPILER DESIGN'),
(353, 'COMP', 465, 3, 'DESIGN+ANALYSIS/ALGORITHMS'),
(354, 'SOEN', 228, 4, 'SYSTEM HARDWARE'),
(355, 'SOEN', 331, 3, 'INTRO TO FML MTHDS FOR SOEN'),
(356, 'SOEN', 344, 3, 'S.W. ARCHITECURE & DESIGN II'),
(357, 'SOEN', 345, 3, 'S.W. TESTING, VERIF & QA'),
(358, 'SOEN', 357, 3, 'USER INTERFACE DESIGN'),
(359, 'SOEN', 390, 3, 'SOFTWARE ENGR. TEAM PROJECT'),
(360, 'SOEN', 385, 3, 'CONTROL SYSTEMS+APPLICATIONS'),
(361, 'SOEN', 385, 3, 'CONTROL SYSTEMS+APPLICATIONS'),
(362, 'MATH', 201, NULL, NULL),
(363, 'MATH', 203, NULL, NULL),
(364, 'MATH', 209, NULL, NULL),
(365, 'MATH', 204, NULL, NULL),
(366, 'MATH', 208, NULL, NULL),
(367, 'MATH', 205, NULL, NULL),
(368, 'COEN', 231, NULL, NULL),
(369, 'COEN', 244, NULL, NULL),
(370, 'COEN', 352, NULL, NULL),
(371, 'comp', 371, NULL, NULL),
(372, 'COMP', 229, NULL, NULL),
(373, 'COEN', 311, NULL, NULL),
(374, 'SOEN', 337, NULL, NULL),
(375, 'BIOL', 201, NULL, NULL),
(376, 'CHEM', 205, NULL, NULL),
(377, 'PHYS', 204, NULL, NULL),
(378, 'PHYS', 205, NULL, NULL),
(379, 'MAST', 218, NULL, NULL),
(380, 'FRAN', 213, NULL, NULL),
(381, 'COEN', 312, NULL, NULL),
(382, 'COMP', 327, NULL, NULL),
(383, 'COEN', 346, NULL, NULL),
(384, 'ENGR', 372, NULL, NULL),
(385, 'MECH', 371, NULL, NULL),
(386, 'ELEC', 370, NULL, NULL),
(387, 'MECH', 370, NULL, NULL),
(388, 'ENCS', 281, NULL, NULL),
(389, 'ENCs', 272, NULL, NULL),
(390, 'COEN', 243, NULL, NULL),
(391, 'MECH', 215, NULL, NULL),
(392, 'BCEE', 231, NULL, NULL),
(393, 'COMP', 238, NULL, NULL),
(394, 'MAST', 217, NULL, NULL),
(395, 'MAST', 234, NULL, NULL),
(396, 'PHYS', 206, NULL, NULL),
(397, 'MAST', 219, NULL, NULL);

-- --------------------------------------------------------

--
-- Table structure for table `labs`
--

DROP TABLE IF EXISTS `labs`;
CREATE TABLE IF NOT EXISTS `labs` (
  `id` int(11) NOT NULL AUTO_INCREMENT,
  `section` varchar(4) NOT NULL,
  `tutorial_id` int(11) NOT NULL,
  `time_location_id` int(11) NOT NULL,
  PRIMARY KEY (`id`)
) ENGINE=InnoDB  DEFAULT CHARSET=latin1 AUTO_INCREMENT=9 ;

-- --------------------------------------------------------

--
-- Table structure for table `lectures`
--

DROP TABLE IF EXISTS `lectures`;
CREATE TABLE IF NOT EXISTS `lectures` (
  `id` int(11) NOT NULL AUTO_INCREMENT,
  `section` varchar(4) NOT NULL,
  `professor` varchar(255) NOT NULL,
  `season` int(11) NOT NULL,
  `course_id` int(11) NOT NULL,
  `time_location_id` int(11) NOT NULL,
  PRIMARY KEY (`id`)
) ENGINE=InnoDB  DEFAULT CHARSET=latin1 AUTO_INCREMENT=601 ;

--
-- Dumping data for table `lectures`
--

INSERT INTO `lectures` (`id`, `section`, `professor`, `season`, `course_id`, `time_location_id`) VALUES
(235, 'DD', 'T.B.A.', 2, 187, 528),
(236, 'F', 'T.B.A.', 2, 189, 530),
(237, 'U', 'T.B.A.', 2, 190, 533),
(238, 'Q', 'T.B.A.', 2, 294, 536),
(239, 'R', 'T.B.A.', 2, 294, 540),
(240, 'DD', 'T.B.A.', 2, 294, 543),
(241, 'Q', 'T.B.A.', 2, 192, 547),
(242, 'Q', 'T.B.A.', 2, 295, 550),
(243, 'R', 'T.B.A.', 2, 295, 554),
(244, 'EE', 'T.B.A.', 2, 295, 558),
(245, 'D', 'T.B.A.', 2, 298, 562),
(246, 'G', 'T.B.A.', 2, 309, 565),
(247, 'EE', 'T.B.A.', 2, 309, 568),
(248, 'F', 'T.B.A.', 2, 196, 571),
(249, 'D', 'T.B.A.', 2, 283, 573),
(250, 'N', 'T.B.A.', 2, 283, 576),
(251, 'DD', 'T.B.A.', 2, 305, 579),
(252, 'UU', 'T.B.A.', 2, 305, 582),
(253, 'U', 'T.B.A.', 2, 301, 585),
(254, 'DD', 'T.B.A.', 2, 301, 588),
(255, 'G', 'T.B.A.', 2, 302, 591),
(256, 'H', 'T.B.A.', 2, 302, 594),
(257, 'F', 'T.B.A.', 2, 277, 597),
(258, 'E', 'T.B.A.', 2, 202, 600),
(259, 'DD', 'T.B.A.', 2, 203, 603),
(260, 'UU', 'T.B.A.', 2, 274, 606),
(261, 'XX', 'T.B.A.', 2, 275, 607),
(262, 'D', 'T.B.A.', 2, 278, 608),
(263, 'NN', 'T.B.A.', 2, 288, 609),
(264, 'F', 'T.B.A.', 2, 276, 610),
(265, 'DD', 'T.B.A.', 2, 289, 611),
(266, 'DD', 'T.B.A.', 2, 290, 612),
(267, 'DD', 'T.B.A.', 2, 291, 613),
(268, 'D', 'T.B.A.', 2, 279, 614),
(269, 'C', 'T.B.A.', 2, 213, 615),
(270, 'DD', 'T.B.A.', 2, 214, 616),
(271, 'C', 'T.B.A.', 2, 215, 617),
(272, 'Q', 'T.B.A.', 2, 300, 618),
(273, 'H', 'T.B.A.', 2, 308, 621),
(274, 'H', 'T.B.A.', 2, 310, 624),
(275, 'H', 'T.B.A.', 2, 311, 627),
(276, 'F', 'T.B.A.', 2, 312, 630),
(277, 'F', 'T.B.A.', 2, 280, 633),
(278, 'MM', 'T.B.A.', 2, 284, 636),
(279, 'H', 'T.B.A.', 2, 292, 638),
(280, 'SS', 'T.B.A.', 2, 317, 640),
(281, '01', 'GRANT, JAMES          ', 2, 225, 641),
(282, '01', 'T.B.A.', 2, 226, 642),
(283, '51', 'T.B.A.', 2, 226, 643),
(284, '01', 'T.B.A.', 2, 227, 644),
(285, '51', 'T.B.A.', 2, 227, 645),
(286, '01', 'LAWRENCE, MARCUS', 2, 228, 646),
(287, '51', 'LAMOUREUX, GUILLAUME', 2, 228, 647),
(288, 'AA', 'T.B.A.', 2, 229, 648),
(289, '01', 'SHIN, JOSEPH          ', 2, 230, 649),
(290, '01', 'KALMAN, LASZLO        ', 2, 231, 650),
(291, '01', 'T.B.A.', 2, 232, 651),
(292, 'A', 'T.B.A.', 2, 233, 652),
(293, 'B', 'T.B.A.', 2, 233, 654),
(294, 'C', 'T.B.A.', 2, 233, 656),
(295, 'D', 'T.B.A.', 2, 233, 658),
(296, 'V', 'T.B.A.', 2, 233, 660),
(297, 'X', 'T.B.A.', 2, 233, 662),
(298, 'Y', 'T.B.A.', 2, 233, 664),
(299, 'Z', 'T.B.A.', 2, 233, 666),
(300, 'A', 'T.B.A.', 2, 234, 668),
(301, 'B', 'T.B.A.', 2, 234, 670),
(302, 'W', 'T.B.A.', 2, 234, 672),
(303, 'X', 'T.B.A.', 2, 234, 674),
(304, 'Y', 'T.B.A.', 2, 234, 676),
(305, 'Z', 'T.B.A.', 2, 234, 678),
(306, 'BB', 'T.B.A.', 2, 235, 680),
(307, 'A', 'T.B.A.', 2, 236, 681),
(308, 'AA', 'T.B.A.', 2, 237, 682),
(309, 'A', 'GOULD, KEVIN          ', 2, 238, 683),
(310, 'AA', 'T.B.A.', 2, 239, 684),
(311, 'A', 'ISAC, DANIELA         ', 2, 240, 685),
(312, 'AA', 'TEFFETELLER, ANNETTE  ', 2, 241, 686),
(313, 'A', 'T.B.A.', 2, 243, 687),
(314, 'A', 'T.B.A.', 2, 244, 688),
(315, 'A', 'LALONDE, MARC', 2, 246, 689),
(316, 'A', 'T.B.A.', 2, 247, 690),
(317, 'B', 'MAILLÉ, CHANTAL       ', 2, 248, 691),
(318, 'AA', 'T.B.A.', 2, 248, 692),
(319, 'A', 'MAHROUSE, GADA        ', 2, 249, 693),
(320, 'A', 'T.B.A.', 2, 250, 694),
(321, 'A', 'T.B.A.', 2, 251, 695),
(322, 'A', 'T.B.A.', 2, 252, 696),
(323, '51', 'T.B.A.', 2, 253, 697),
(324, 'A', 'T.B.A.', 2, 254, 698),
(325, 'B', 'T.B.A.', 2, 254, 699),
(326, 'C', 'T.B.A.', 2, 254, 700),
(327, 'A', 'T.B.A.', 2, 255, 701),
(328, 'A', 'VADEAN, MIRELLA ALINA', 2, 256, 702),
(329, 'A', 'T.B.A.', 2, 257, 703),
(330, 'X', 'MCCORMICK, TED        ', 2, 258, 704),
(331, 'Y', 'MCSHEFFREY, SHANNON   ', 2, 258, 705),
(332, 'XX', 'T.B.A.', 2, 258, 706),
(333, 'AA', 'BODE, FREDERICK       ', 2, 259, 707),
(334, 'A', 'T.B.A.', 2, 260, 708),
(335, 'A', 'GILABERT, PABLO       ', 2, 262, 709),
(336, 'A', 'T.B.A.', 2, 263, 710),
(337, 'A', 'T.B.A.', 2, 265, 711),
(338, 'A', 'GILABERT, PABLO       ', 2, 266, 712),
(339, 'A', 'T.B.A.', 2, 267, 713),
(340, 'A', 'T.B.A.', 2, 268, 714),
(341, 'A', 'T.B.A.', 2, 269, 715),
(342, 'A', 'T.B.A.', 2, 270, 716),
(343, 'A', 'T.B.A.', 2, 271, 717),
(344, 'B', 'T.B.A.', 2, 271, 718),
(345, 'C', 'T.B.A.', 2, 271, 719),
(346, '01', 'T.B.A.', 2, 271, 720),
(347, '51', 'T.B.A.', 2, 271, 721),
(348, 'AA', 'T.B.A.', 2, 271, 722),
(349, 'A', 'TOWNSEND, CRAIG       ', 2, 272, 723),
(350, 'D', 'T.B.A.', 2, 283, 724),
(351, 'N', 'T.B.A.', 2, 283, 727),
(352, 'UU', 'T.B.A.', 2, 274, 730),
(353, 'XX', 'T.B.A.', 2, 275, 731),
(354, 'F', 'T.B.A.', 2, 276, 732),
(355, 'F', 'T.B.A.', 2, 277, 733),
(356, 'D', 'T.B.A.', 2, 278, 736),
(357, 'D', 'T.B.A.', 2, 279, 737),
(358, 'F', 'T.B.A.', 2, 280, 738),
(359, 'U', 'T.B.A.', 2, 281, 741),
(360, 'S', 'T.B.A.', 2, 282, 742),
(361, 'D', 'T.B.A.', 2, 283, 745),
(362, 'N', 'T.B.A.', 2, 283, 748),
(363, 'MM', 'T.B.A.', 2, 284, 751),
(364, 'H', 'T.B.A.', 2, 292, 753),
(365, 'XX', 'T.B.A.', 2, 286, 755),
(366, 'M', 'T.B.A.', 2, 287, 756),
(367, 'NN', 'T.B.A.', 2, 288, 757),
(368, 'DD', 'T.B.A.', 2, 289, 758),
(369, 'DD', 'T.B.A.', 2, 290, 759),
(370, 'DD', 'T.B.A.', 2, 291, 760),
(371, 'H', 'T.B.A.', 2, 292, 761),
(372, 'F', 'T.B.A.', 2, 293, 763),
(373, 'Q', 'T.B.A.', 2, 294, 764),
(374, 'R', 'T.B.A.', 2, 294, 768),
(375, 'DD', 'T.B.A.', 2, 294, 771),
(376, 'Q', 'T.B.A.', 2, 295, 775),
(377, 'R', 'T.B.A.', 2, 295, 779),
(378, 'EE', 'T.B.A.', 2, 295, 783),
(379, 'G', 'T.B.A.', 2, 296, 787),
(380, 'H', 'T.B.A.', 2, 296, 792),
(381, 'P', 'T.B.A.', 2, 297, 797),
(382, 'R', 'T.B.A.', 2, 297, 800),
(383, 'T', 'T.B.A.', 2, 297, 803),
(384, 'U', 'T.B.A.', 2, 297, 806),
(385, 'V', 'T.B.A.', 2, 297, 809),
(386, 'X', 'T.B.A.', 2, 297, 812),
(387, 'XX', 'T.B.A.', 2, 297, 815),
(388, 'D', 'T.B.A.', 2, 298, 818),
(389, 'P', 'T.B.A.', 2, 299, 821),
(390, 'Q', 'T.B.A.', 2, 299, 824),
(391, 'Q', 'T.B.A.', 2, 300, 827),
(392, 'U', 'T.B.A.', 2, 301, 830),
(393, 'DD', 'T.B.A.', 2, 301, 833),
(394, 'G', 'T.B.A.', 2, 302, 836),
(395, 'H', 'T.B.A.', 2, 302, 839),
(396, 'A', 'T.B.A.', 2, 303, 842),
(397, 'B', 'T.B.A.', 2, 303, 846),
(398, 'BB', 'T.B.A.', 2, 303, 850),
(399, 'G', 'T.B.A.', 2, 304, 854),
(400, 'H', 'T.B.A.', 2, 304, 855),
(401, 'DD', 'T.B.A.', 2, 305, 856),
(402, 'UU', 'T.B.A.', 2, 305, 859),
(403, 'T', 'T.B.A.', 2, 306, 862),
(404, 'V', 'T.B.A.', 2, 306, 865),
(405, 'R', 'T.B.A.', 2, 307, 868),
(406, 'S', 'T.B.A.', 2, 307, 872),
(407, 'V', 'T.B.A.', 2, 307, 876),
(408, 'FF', 'T.B.A.', 2, 307, 879),
(409, 'H', 'T.B.A.', 2, 308, 883),
(410, 'G', 'T.B.A.', 2, 309, 886),
(411, 'EE', 'T.B.A.', 2, 309, 889),
(412, 'H', 'T.B.A.', 2, 310, 892),
(413, 'H', 'T.B.A.', 2, 311, 895),
(414, 'F', 'T.B.A.', 2, 312, 898),
(415, 'G', 'T.B.A.', 2, 313, 901),
(416, 'H', 'T.B.A.', 2, 313, 906),
(417, 'FF', 'T.B.A.', 2, 313, 911),
(418, 'II', 'T.B.A.', 2, 313, 916),
(419, 'F', 'T.B.A.', 2, 314, 921),
(420, 'S', 'T.B.A.', 2, 314, 924),
(421, 'SS', 'T.B.A.', 2, 317, 927),
(422, 'D', 'T.B.A.', 2, 316, 928),
(423, 'F', 'T.B.A.', 2, 316, 929),
(424, 'EE', 'T.B.A.', 2, 316, 930),
(425, 'SS', 'T.B.A.', 2, 317, 931),
(426, 'QQ', 'T.B.A.', 4, 187, 932),
(427, 'W', 'T.B.A.', 4, 189, 934),
(428, 'DD', 'T.B.A.', 4, 190, 937),
(429, 'PP', 'T.B.A.', 4, 190, 941),
(430, 'S', 'T.B.A.', 4, 294, 945),
(431, 'NN', 'T.B.A.', 4, 294, 948),
(432, 'N', 'T.B.A.', 4, 192, 951),
(433, 'DD', 'T.B.A.', 4, 192, 954),
(434, 'U', 'T.B.A.', 4, 295, 957),
(435, 'U', 'T.B.A.', 4, 298, 960),
(436, 'PP', 'T.B.A.', 4, 298, 963),
(437, 'SS', 'T.B.A.', 4, 298, 966),
(438, 'DD', 'T.B.A.', 4, 318, 969),
(439, 'N', 'T.B.A.', 4, 309, 972),
(440, 'S', 'T.B.A.', 4, 283, 975),
(441, 'NN', 'T.B.A.', 4, 305, 978),
(442, 'E', 'T.B.A.', 4, 301, 981),
(443, 'X', 'T.B.A.', 4, 302, 984),
(444, 'X', 'T.B.A.', 4, 277, 987),
(445, 'PP', 'T.B.A.', 4, 202, 990),
(446, 'NN', 'T.B.A.', 4, 203, 993),
(447, 'A', 'T.B.A.', 4, 319, 996),
(448, 'WW', 'T.B.A.', 4, 274, 997),
(449, 'N', 'T.B.A.', 4, 350, 998),
(450, 'N', 'T.B.A.', 4, 351, 999),
(451, 'NN', 'T.B.A.', 4, 352, 1002),
(452, 'W', 'T.B.A.', 4, 278, 1003),
(453, 'N', 'T.B.A.', 4, 353, 1004),
(454, 'NN', 'T.B.A.', 4, 276, 1007),
(455, 'UU', 'T.B.A.', 4, 290, 1008),
(456, 'N', 'T.B.A.', 4, 347, 1009),
(457, 'N', 'T.B.A.', 4, 348, 1010),
(458, 'P', 'T.B.A.', 4, 213, 1011),
(459, 'P', 'T.B.A.', 4, 214, 1012),
(460, 'P', 'T.B.A.', 4, 215, 1013),
(461, 'H', 'T.B.A.', 4, 354, 1014),
(462, 'S', 'T.B.A.', 4, 300, 1017),
(463, 'U', 'T.B.A.', 4, 300, 1020),
(464, 'U', 'T.B.A.', 4, 355, 1024),
(465, 'S', 'T.B.A.', 4, 308, 1026),
(466, 'S', 'T.B.A.', 4, 356, 1029),
(467, 'S', 'T.B.A.', 4, 357, 1032),
(468, 'S', 'T.B.A.', 4, 358, 1035),
(469, 'S', 'T.B.A.', 4, 361, 1038),
(470, 'S', 'T.B.A.', 4, 359, 1042),
(471, 'NN', 'T.B.A.', 4, 349, 1045),
(472, '01', 'T.B.A.', 4, 334, 1047),
(473, '02', 'WELADJI, ROBERT       ', 4, 225, 1048),
(474, 'AA', 'JOYCE, PAUL', 4, 335, 1049),
(475, '02', 'T.B.A.', 4, 227, 1050),
(476, '52', 'OH, JUNG', 4, 227, 1051),
(477, '02', 'LAMOUREUX, GUILLAUME', 4, 228, 1052),
(478, '01', 'ZAZUBOVITS, VALTER    ', 4, 336, 1053),
(479, '01', 'SHIN, JOSEPH          ', 4, 337, 1054),
(480, '02', 'T.B.A.', 4, 232, 1055),
(481, 'E', 'T.B.A.', 4, 233, 1056),
(482, 'F', 'T.B.A.', 4, 233, 1058),
(483, 'W', 'T.B.A.', 4, 233, 1060),
(484, 'Y', 'T.B.A.', 4, 233, 1062),
(485, 'Z', 'T.B.A.', 4, 233, 1064),
(486, 'C', 'T.B.A.', 4, 234, 1066),
(487, 'D', 'T.B.A.', 4, 234, 1068),
(488, 'E', 'T.B.A.', 4, 234, 1070),
(489, 'V', 'T.B.A.', 4, 234, 1072),
(490, 'W', 'T.B.A.', 4, 234, 1074),
(491, 'X', 'T.B.A.', 4, 234, 1076),
(492, 'Y', 'T.B.A.', 4, 234, 1078),
(493, 'CC', 'T.B.A.', 4, 235, 1080),
(494, 'WW', 'T.B.A.', 4, 338, 1081),
(495, 'AA', 'T.B.A.', 4, 237, 1082),
(496, 'A', 'T.B.A.', 4, 339, 1083),
(497, 'A', 'NASH, ALAN            ', 4, 238, 1084),
(498, 'AA', 'T.B.A.', 4, 238, 1085),
(499, '51', 'T.B.A.', 4, 239, 1086),
(500, 'B', 'REISS, CHARLES        ', 4, 240, 1087),
(501, 'A', 'SCALA,FRANCESCA       ', 4, 242, 1088),
(502, 'A', 'T.B.A.', 4, 340, 1089),
(503, 'BB', 'T.B.A.', 4, 244, 1090),
(504, 'A', 'T.B.A.', 4, 341, 1091),
(505, 'C', 'T.B.A.', 4, 342, 1092),
(506, 'D', 'T.B.A.', 4, 342, 1093),
(507, 'BB', 'T.B.A.', 4, 342, 1094),
(508, 'A', 'T.B.A.', 4, 248, 1095),
(509, 'B', 'MAILLÉ, CHANTAL       ', 4, 249, 1096),
(510, 'AA', 'T.B.A.', 4, 249, 1097),
(511, 'AA', 'T.B.A.', 4, 250, 1098),
(512, 'AA', 'T.B.A.', 4, 252, 1099),
(513, '01', 'T.B.A.', 4, 253, 1100),
(514, 'D', 'T.B.A.', 4, 254, 1101),
(515, 'AA', 'T.B.A.', 4, 254, 1102),
(516, 'B', 'T.B.A.', 4, 255, 1103),
(517, 'A', 'T.B.A.', 4, 343, 1104),
(518, 'X', 'BERGHOLZ, MAX         ', 4, 344, 1105),
(519, 'Y', 'ROWLEY, ALISON        ', 4, 344, 1106),
(520, 'XX', 'T.B.A.', 4, 344, 1107),
(521, 'A', 'GOSSAGE, PETER        ', 4, 345, 1108),
(522, 'AA', 'T.B.A.', 4, 345, 1109),
(523, 'B', 'T.B.A.', 4, 260, 1110),
(524, 'B', 'T.B.A.', 4, 262, 1111),
(525, 'A', 'T.B.A.', 4, 267, 1112),
(526, 'A', 'T.B.A.', 4, 346, 1113),
(527, 'B', 'T.B.A.', 4, 268, 1114),
(528, 'AA', 'T.B.A.', 4, 268, 1115),
(529, 'B', 'T.B.A.', 4, 269, 1116),
(530, 'B', 'T.B.A.', 4, 270, 1117),
(531, 'D', 'T.B.A.', 4, 271, 1118),
(532, 'E', 'T.B.A.', 4, 271, 1119),
(533, 'F', 'T.B.A.', 4, 271, 1120),
(534, '02', 'T.B.A.', 4, 271, 1121),
(535, 'BB', 'T.B.A.', 4, 271, 1122),
(536, 'A', 'TOWNSEND, CRAIG       ', 4, 272, 1123),
(537, 'S', 'T.B.A.', 4, 283, 1124),
(538, 'WW', 'T.B.A.', 4, 274, 1127),
(539, 'NN', 'T.B.A.', 4, 276, 1128),
(540, 'N', 'T.B.A.', 4, 347, 1129),
(541, 'N', 'T.B.A.', 4, 348, 1130),
(542, 'X', 'T.B.A.', 4, 277, 1131),
(543, 'W', 'T.B.A.', 4, 278, 1134),
(544, 'NN', 'T.B.A.', 4, 349, 1135),
(545, 'S', 'T.B.A.', 4, 283, 1137),
(546, 'N', 'T.B.A.', 4, 350, 1140),
(547, 'N', 'T.B.A.', 4, 351, 1141),
(548, 'NN', 'T.B.A.', 4, 352, 1144),
(549, 'N', 'T.B.A.', 4, 353, 1145),
(550, 'UU', 'T.B.A.', 4, 290, 1148),
(551, 'W', 'T.B.A.', 4, 293, 1149),
(552, 'S', 'T.B.A.', 4, 294, 1150),
(553, 'NN', 'T.B.A.', 4, 294, 1153),
(554, 'U', 'T.B.A.', 4, 295, 1156),
(555, 'Q', 'T.B.A.', 4, 296, 1159),
(556, 'S', 'T.B.A.', 4, 296, 1164),
(557, 'F', 'T.B.A.', 4, 297, 1169),
(558, 'G', 'T.B.A.', 4, 297, 1172),
(559, 'J', 'T.B.A.', 4, 297, 1175),
(560, 'U', 'T.B.A.', 4, 298, 1178),
(561, 'PP', 'T.B.A.', 4, 298, 1181),
(562, 'SS', 'T.B.A.', 4, 298, 1184),
(563, 'J', 'T.B.A.', 4, 299, 1187),
(564, 'R', 'T.B.A.', 4, 299, 1190),
(565, 'S', 'T.B.A.', 4, 299, 1193),
(566, 'T', 'T.B.A.', 4, 299, 1196),
(567, 'U', 'T.B.A.', 4, 299, 1199),
(568, 'V', 'T.B.A.', 4, 299, 1202),
(569, 'X', 'T.B.A.', 4, 299, 1205),
(570, 'H', 'T.B.A.', 4, 354, 1208),
(571, 'S', 'T.B.A.', 4, 300, 1211),
(572, 'U', 'T.B.A.', 4, 300, 1214),
(573, 'E', 'T.B.A.', 4, 301, 1218),
(574, 'X', 'T.B.A.', 4, 302, 1221),
(575, 'Y', 'T.B.A.', 4, 303, 1224),
(576, 'EE', 'T.B.A.', 4, 303, 1228),
(577, 'R', 'T.B.A.', 4, 304, 1232),
(578, 'SS', 'T.B.A.', 4, 304, 1233),
(579, 'NN', 'T.B.A.', 4, 305, 1234),
(580, 'JJ', 'T.B.A.', 4, 306, 1237),
(581, 'T', 'T.B.A.', 4, 307, 1241),
(582, 'W', 'T.B.A.', 4, 307, 1245),
(583, 'UU', 'T.B.A.', 4, 307, 1249),
(584, 'U', 'T.B.A.', 4, 355, 1253),
(585, 'S', 'T.B.A.', 4, 308, 1255),
(586, 'N', 'T.B.A.', 4, 309, 1258),
(587, 'S', 'T.B.A.', 4, 356, 1261),
(588, 'S', 'T.B.A.', 4, 357, 1264),
(589, 'S', 'T.B.A.', 4, 358, 1267),
(590, 'S', 'T.B.A.', 4, 359, 1270),
(591, 'S', 'T.B.A.', 4, 361, 1273),
(592, 'R', 'T.B.A.', 4, 313, 1277),
(593, 'SS', 'T.B.A.', 4, 313, 1282),
(594, 'V', 'T.B.A.', 4, 314, 1287),
(595, 'X', 'T.B.A.', 4, 314, 1291),
(596, 'UU', 'T.B.A.', 4, 314, 1295),
(597, 'S', 'T.B.A.', 4, 361, 1299),
(598, 'P', 'T.B.A.', 4, 316, 1303),
(599, 'Q', 'T.B.A.', 4, 316, 1304),
(600, 'RR', 'T.B.A.', 4, 316, 1305);

-- --------------------------------------------------------

--
-- Table structure for table `logins`
--

DROP TABLE IF EXISTS `logins`;
CREATE TABLE IF NOT EXISTS `logins` (
  `id` int(11) unsigned NOT NULL AUTO_INCREMENT,
  `student_id` int(7) unsigned DEFAULT NULL,
  `password` char(40) DEFAULT NULL,
  `first_name` varchar(20) DEFAULT NULL,
  `last_name` varchar(20) DEFAULT NULL,
  `program` enum('soft_eng','mech_eng') DEFAULT 'soft_eng',
  PRIMARY KEY (`id`)
) ENGINE=InnoDB  DEFAULT CHARSET=latin1 AUTO_INCREMENT=12 ;

--
-- Dumping data for table `logins`
--

INSERT INTO `logins` (`id`, `student_id`, `password`, `first_name`, `last_name`, `program`) VALUES
(2, 5682061, '12345678', 'Charles', 'Yang', 'soft_eng'),
(3, 5682062, '7c222fb2927d828af22f592134e8932480637c0d', 'John', 'Doe', 'soft_eng'),
(4, 5682063, '7c222fb2927d828af22f592134e8932480637c0d', 'Charles', 'JuniorI', 'soft_eng'),
(5, 5682067, '7c222fb2927d828af22f592134e8932480637c0d', 'Charles Cho', 'Hello World', 'soft_eng'),
(6, 5682070, '7c222fb2927d828af22f592134e8932480637c0d', 'Charles Cho 54', 'Hello World', 'soft_eng'),
(7, 5682073, '7c222fb2927d828af22f592134e8932480637c0d', 'Jeremy', 'Lin', 'soft_eng'),
(8, 4758383, '7c222fb2927d828af22f592134e8932480637c0d', 'Eric', 'Chan', 'soft_eng'),
(9, 6666666, '7c222fb2927d828af22f592134e8932480637c0d', 'Joh', 'Hdo', 'soft_eng'),
(10, 1111111, '7c222fb2927d828af22f592134e8932480637c0d', 'Fake', 'User', 'soft_eng'),
(11, 4444444, '7c222fb2927d828af22f592134e8932480637c0d', 'Chao ', 'Yang', 'soft_eng');

-- --------------------------------------------------------

--
-- Table structure for table `prerequisites`
--

DROP TABLE IF EXISTS `prerequisites`;
CREATE TABLE IF NOT EXISTS `prerequisites` (
  `id` int(11) NOT NULL AUTO_INCREMENT,
  `course_id` int(11) NOT NULL,
  `required_course_id` int(11) NOT NULL,
  PRIMARY KEY (`id`)
) ENGINE=InnoDB  DEFAULT CHARSET=latin1 AUTO_INCREMENT=582 ;

--
-- Dumping data for table `prerequisites`
--

INSERT INTO `prerequisites` (`id`, `course_id`, `required_course_id`) VALUES
(268, 189, 362),
(269, 190, 295),
(270, 192, 294),
(271, 295, 365),
(272, 295, 366),
(273, 298, 294),
(274, 298, 295),
(275, 298, 363),
(276, 298, 364),
(277, 298, 365),
(278, 298, 366),
(279, 309, 294),
(280, 309, 298),
(281, 196, 294),
(282, 283, 302),
(283, 305, 190),
(284, 305, 354),
(285, 305, 302),
(286, 301, 298),
(287, 302, 294),
(288, 302, 298),
(289, 277, 302),
(290, 202, 302),
(291, 202, 303),
(292, 203, 294),
(293, 203, 298),
(294, 274, 283),
(295, 274, 369),
(296, 274, 302),
(297, 278, 305),
(298, 288, 277),
(299, 276, 302),
(300, 289, 302),
(301, 290, 302),
(302, 291, 302),
(303, 279, 192),
(304, 279, 307),
(305, 213, 303),
(306, 214, 213),
(307, 215, 303),
(308, 300, 295),
(309, 308, 302),
(310, 308, 303),
(311, 310, 308),
(312, 311, 308),
(313, 311, 310),
(314, 312, 303),
(315, 280, 277),
(316, 280, 202),
(317, 280, 308),
(318, 280, 300),
(319, 284, 305),
(320, 292, 305),
(321, 317, 374),
(322, 317, 310),
(323, 317, 311),
(324, 317, 356),
(325, 317, 359),
(326, 226, 363),
(327, 227, 376),
(328, 228, 376),
(329, 228, 377),
(330, 228, 363),
(331, 228, 367),
(332, 231, 377),
(333, 231, 379),
(334, 266, 262),
(335, 283, 302),
(336, 274, 283),
(337, 274, 369),
(338, 274, 302),
(339, 274, 370),
(340, 275, 371),
(341, 276, 302),
(342, 277, 302),
(343, 278, 305),
(344, 279, 192),
(345, 279, 307),
(346, 280, 277),
(347, 280, 202),
(348, 280, 308),
(349, 280, 300),
(350, 281, 373),
(351, 281, 190),
(352, 281, 354),
(353, 282, 305),
(354, 283, 302),
(355, 284, 305),
(356, 292, 305),
(357, 286, 361),
(358, 287, 361),
(359, 288, 277),
(360, 289, 302),
(361, 290, 302),
(362, 291, 302),
(363, 292, 305),
(364, 293, 303),
(365, 295, 365),
(366, 295, 366),
(367, 297, 365),
(368, 297, 367),
(369, 298, 294),
(370, 298, 295),
(371, 298, 363),
(372, 298, 364),
(373, 298, 365),
(374, 298, 366),
(375, 298, 367),
(376, 299, 365),
(377, 299, 367),
(378, 300, 295),
(379, 301, 298),
(380, 302, 294),
(381, 302, 298),
(382, 305, 190),
(383, 305, 354),
(384, 305, 302),
(385, 306, 297),
(386, 306, 378),
(387, 307, 297),
(388, 307, 365),
(389, 308, 372),
(390, 308, 373),
(391, 308, 302),
(392, 308, 303),
(393, 309, 294),
(394, 309, 368),
(395, 309, 298),
(396, 309, 369),
(397, 310, 308),
(398, 311, 308),
(399, 311, 310),
(400, 312, 303),
(401, 312, 374),
(402, 314, 297),
(403, 314, 295),
(404, 317, 374),
(405, 317, 310),
(406, 317, 311),
(407, 317, 356),
(408, 317, 359),
(409, 316, 303),
(410, 316, 296),
(411, 317, 374),
(412, 317, 310),
(413, 317, 311),
(414, 317, 356),
(415, 317, 359),
(416, 187, 362),
(417, 189, 362),
(418, 190, 295),
(419, 190, 363),
(420, 190, 364),
(421, 190, 365),
(422, 190, 366),
(423, 192, 294),
(424, 295, 365),
(425, 295, 366),
(426, 298, 294),
(427, 298, 295),
(428, 298, 363),
(429, 298, 364),
(430, 298, 365),
(431, 298, 366),
(432, 298, 367),
(433, 318, 305),
(434, 309, 294),
(435, 309, 368),
(436, 309, 298),
(437, 309, 369),
(438, 283, 302),
(439, 305, 190),
(440, 305, 354),
(441, 305, 302),
(442, 301, 298),
(443, 302, 294),
(444, 302, 298),
(445, 277, 302),
(446, 202, 302),
(447, 202, 303),
(448, 203, 294),
(449, 203, 298),
(450, 319, 295),
(451, 274, 283),
(452, 274, 369),
(453, 274, 302),
(454, 274, 370),
(455, 350, 305),
(456, 351, 305),
(457, 352, 372),
(458, 352, 373),
(459, 352, 309),
(460, 352, 302),
(461, 278, 305),
(462, 353, 309),
(463, 353, 302),
(464, 276, 302),
(465, 290, 302),
(466, 347, 203),
(467, 347, 314),
(468, 348, 203),
(469, 348, 314),
(470, 213, 303),
(471, 214, 213),
(472, 215, 303),
(473, 354, 363),
(474, 354, 364),
(475, 354, 365),
(476, 354, 366),
(477, 300, 295),
(478, 355, 294),
(479, 355, 298),
(480, 308, 372),
(481, 308, 373),
(482, 308, 302),
(483, 308, 303),
(484, 356, 311),
(485, 357, 308),
(486, 357, 311),
(487, 358, 310),
(488, 361, 297),
(489, 361, 299),
(490, 359, 356),
(491, 359, 358),
(492, 349, 280),
(493, 225, 375),
(494, 227, 376),
(495, 228, 376),
(496, 228, 377),
(497, 228, 363),
(498, 228, 367),
(499, 337, 230),
(500, 343, 380),
(501, 283, 302),
(502, 274, 283),
(503, 274, 369),
(504, 274, 302),
(505, 274, 370),
(506, 276, 302),
(507, 347, 203),
(508, 347, 314),
(509, 348, 203),
(510, 348, 314),
(511, 277, 302),
(512, 278, 305),
(513, 349, 280),
(514, 283, 302),
(515, 350, 305),
(516, 351, 305),
(517, 352, 372),
(518, 352, 373),
(519, 352, 309),
(520, 352, 302),
(521, 353, 309),
(522, 353, 302),
(523, 290, 302),
(524, 293, 388),
(525, 293, 303),
(526, 295, 365),
(527, 295, 366),
(528, 297, 365),
(529, 297, 367),
(530, 298, 294),
(531, 298, 295),
(532, 298, 363),
(533, 298, 364),
(534, 298, 365),
(535, 298, 366),
(536, 298, 367),
(537, 299, 365),
(538, 299, 367),
(539, 354, 363),
(540, 354, 364),
(541, 354, 365),
(542, 354, 366),
(543, 300, 295),
(544, 301, 298),
(545, 302, 294),
(546, 302, 298),
(547, 303, 389),
(548, 305, 190),
(549, 305, 354),
(550, 305, 302),
(551, 306, 297),
(552, 306, 378),
(553, 307, 297),
(554, 307, 365),
(555, 355, 294),
(556, 355, 298),
(557, 308, 372),
(558, 308, 373),
(559, 308, 302),
(560, 308, 303),
(561, 309, 294),
(562, 309, 368),
(563, 309, 298),
(564, 309, 369),
(565, 356, 311),
(566, 357, 308),
(567, 357, 311),
(568, 358, 310),
(569, 359, 356),
(570, 359, 358),
(571, 361, 297),
(572, 361, 299),
(573, 314, 297),
(574, 314, 295),
(575, 314, 390),
(576, 314, 391),
(577, 314, 392),
(578, 361, 297),
(579, 361, 299),
(580, 316, 303),
(581, 316, 296);

-- --------------------------------------------------------

--
-- Table structure for table `scheduled_courses`
--

DROP TABLE IF EXISTS `scheduled_courses`;
CREATE TABLE IF NOT EXISTS `scheduled_courses` (
  `id` int(11) unsigned NOT NULL AUTO_INCREMENT,
  `schedule_id` int(11) unsigned NOT NULL,
  `course_id` int(11) unsigned NOT NULL,
  `lecture_id` int(11) unsigned NOT NULL,
  `tutorial_id` int(11) unsigned DEFAULT NULL,
  `lab_id` int(11) unsigned DEFAULT NULL,
  PRIMARY KEY (`id`)
) ENGINE=InnoDB  DEFAULT CHARSET=latin1 AUTO_INCREMENT=11 ;

--
-- Dumping data for table `scheduled_courses`
--

INSERT INTO `scheduled_courses` (`id`, `schedule_id`, `course_id`, `lecture_id`, `tutorial_id`, `lab_id`) VALUES
(1, 7, 8, 234, NULL, NULL),
(2, 7, 23, 234, NULL, NULL),
(3, 7, 20, 234, NULL, NULL),
(4, 7, 24, 234, NULL, NULL),
(5, 7, 25, 234, NULL, NULL),
(6, 7, 26, 234, NULL, NULL),
(7, 7, 27, 234, NULL, NULL),
(8, 3, 28, 234, NULL, NULL),
(9, 3, 29, 234, NULL, NULL),
(10, 3, 30, 234, NULL, NULL);

-- --------------------------------------------------------

--
-- Table structure for table `schedules`
--

DROP TABLE IF EXISTS `schedules`;
CREATE TABLE IF NOT EXISTS `schedules` (
  `id` int(11) unsigned NOT NULL AUTO_INCREMENT,
  `student_id` int(11) unsigned NOT NULL,
  `season` int(11) unsigned NOT NULL,
  `year` int(11) unsigned NOT NULL,
  PRIMARY KEY (`id`)
) ENGINE=InnoDB  DEFAULT CHARSET=latin1 AUTO_INCREMENT=11 ;

-- --------------------------------------------------------

--
-- Table structure for table `time_locations`
--

DROP TABLE IF EXISTS `time_locations`;
CREATE TABLE IF NOT EXISTS `time_locations` (
  `id` int(11) NOT NULL AUTO_INCREMENT,
  `start_time` int(11) unsigned DEFAULT NULL,
  `end_time` int(11) unsigned DEFAULT NULL,
  `campus` varchar(6) DEFAULT NULL,
  `room` varchar(10) DEFAULT NULL,
  `day` set('M','T','W','J','F') DEFAULT NULL,
  PRIMARY KEY (`id`)
) ENGINE=InnoDB  DEFAULT CHARSET=latin1 AUTO_INCREMENT=1306 ;

--
-- Dumping data for table `time_locations`
--

INSERT INTO `time_locations` (`id`, `start_time`, `end_time`, `campus`, `room`, `day`) VALUES
(528, 1745, 2015, 'SGW', 'MB-2.265', 'T'),
(529, 2030, 2120, 'SGW', 'MB-S2.135', 'T'),
(530, 1315, 1430, 'SGW', 'MB-S1.115', 'M,W'),
(531, 1445, 1535, 'SGW', 'MB-S1.255', 'W'),
(532, 1445, 1535, 'SGW', 'MB-S1.255', 'M'),
(533, 1315, 1430, 'SGW', 'H-439', 'M,W'),
(534, 1445, 1625, 'SGW', 'H-632', 'M'),
(535, 1445, 1625, 'SGW', 'H-609', 'W'),
(536, 1315, 1430, 'SGW', 'H-557', 'T,J'),
(537, 1615, 1755, 'SGW', 'H-437', 'T'),
(538, 1445, 1625, 'SGW', 'H-611', 'J'),
(539, 2030, 2210, 'SGW', 'H-529', 'W'),
(540, 1315, 1430, 'SGW', 'H-459', 'T,J'),
(541, 1615, 1755, 'SGW', 'H-627', 'T'),
(542, 1445, 1625, 'SGW', 'H-529', 'J'),
(543, 1745, 2015, 'SGW', 'H-520', 'W'),
(544, 2030, 2210, 'SGW', 'H-437', 'W'),
(545, 2030, 2210, 'SGW', 'H-520', 'W'),
(546, 2030, 2210, 'SGW', 'H-400', 'W'),
(547, 1315, 1430, 'SGW', 'FG-B070', 'W,F'),
(548, 1015, 1155, 'SGW', 'H-615', 'T'),
(549, 1015, 1155, 'SGW', 'H-529', 'T'),
(550, 1315, 1430, 'SGW', 'FG-B030', 'M,W'),
(551, 1015, 1155, 'SGW', 'H-607', 'M'),
(552, 1015, 1155, 'SGW', 'H-631', 'W'),
(553, 845, 1025, 'SGW', 'H-633', 'F'),
(554, 845, 1000, 'SGW', 'H-605', 'M,W'),
(555, 845, 1025, 'SGW', 'H-632', 'F'),
(556, 1015, 1155, 'SGW', 'H-619', 'M'),
(557, 1015, 1155, 'SGW', 'H-619', 'W'),
(558, 1745, 2015, 'SGW', 'H-605', 'F'),
(559, 2030, 2210, 'SGW', 'H-632', 'F'),
(560, 2030, 2210, 'SGW', 'H-634', 'F'),
(561, 1745, 1925, 'SGW', 'H-427', 'M'),
(562, 1445, 1600, 'SGW', 'MB-3.210', 'M,W'),
(563, 1245, 1425, 'SGW', 'MB-2.265', 'M'),
(564, 1615, 1755, 'SGW', 'MB-2.285', 'W'),
(565, 1145, 1300, 'SGW', 'H-629', 'T,J'),
(566, 1315, 1405, 'SGW', 'H-523', 'T'),
(567, 1315, 1405, 'SGW', 'MB-2.285', 'J'),
(568, 1745, 2015, 'SGW', 'H-629', 'F'),
(569, 2030, 2120, 'SGW', 'H-537', 'T'),
(570, 2030, 2120, 'SGW', 'H-403', 'J'),
(571, 1015, 1130, 'SGW', 'H-540', 'M,W'),
(572, 1145, 1335, 'SGW', 'H-605', 'M'),
(573, 1315, 1430, 'SGW', 'H-565', 'M,W'),
(574, 1315, 1505, 'SGW', 'MB-3.255', 'F'),
(575, 1445, 1605, 'SGW', 'H-544', 'W'),
(576, 1615, 1730, 'SGW', 'H-603', 'M,W'),
(577, 1745, 1935, 'SGW', 'H-621', 'M'),
(578, 1745, 1935, 'SGW', 'H-627', 'M'),
(579, 1745, 2015, 'SGW', 'H-439', 'T'),
(580, 2030, 2120, 'SGW', 'H-632', 'T'),
(581, 2030, 2120, 'SGW', 'H-634', 'T'),
(582, 1745, 2015, 'SGW', 'H-613', 'J'),
(583, 2030, 2120, 'SGW', 'H-564', 'J'),
(584, 2030, 2120, 'SGW', 'H-603', 'J'),
(585, 845, 1000, 'SGW', 'H-561', 'M,W'),
(586, 1015, 1105, 'SGW', 'H-439', 'M'),
(587, 1015, 1105, 'SGW', 'H-400', 'M'),
(588, 1745, 2015, 'SGW', 'FG-C080', 'W'),
(589, 1445, 1535, 'SGW', 'H-603', 'T'),
(590, 1445, 1535, 'SGW', 'MB-S2.455', 'J'),
(591, 1145, 1300, 'SGW', 'FG-B030', 'W,F'),
(592, 1445, 1535, 'SGW', 'H-529', 'F'),
(593, 1145, 1235, 'SGW', 'H-529', 'M'),
(594, 1315, 1430, 'SGW', 'H-403', 'W,F'),
(595, 1445, 1535, 'SGW', 'MB-2.265', 'T'),
(596, 1445, 1535, 'SGW', 'H-615', 'J'),
(597, 1445, 1730, 'SGW', 'H-403', 'W'),
(598, 915, 1005, 'SGW', 'MB-2.265', 'W'),
(599, 915, 1005, 'SGW', 'MB-2.255', 'F'),
(600, 1145, 1300, 'SGW', 'H-401', 'T,J'),
(601, 1315, 1405, 'SGW', 'H-609', 'T'),
(602, 1315, 1405, 'SGW', 'H-427', 'T'),
(603, 1745, 2015, 'SGW', 'H-539', 'F'),
(604, 2030, 2120, 'SGW', 'H-437', 'F'),
(605, 2030, 2120, 'SGW', 'H-529', 'F'),
(606, 1745, 2015, 'SGW', 'H-633', 'T'),
(607, 1745, 2015, 'SGW', 'H-629', 'J'),
(608, 1015, 1130, 'SGW', 'H-459', 'M,W'),
(609, 1745, 2015, 'SGW', 'H-529', 'T'),
(610, 1145, 1300, 'SGW', 'FG-B080', 'M,W'),
(611, 1745, 2015, 'SGW', 'H-523', 'J'),
(612, 1745, 2015, 'SGW', 'H-544', 'F'),
(613, 1745, 2015, 'SGW', 'H-562', 'F'),
(614, 1315, 1430, 'SGW', 'H-427', 'M,W'),
(615, 0, 0, 'SGW', '', ''),
(616, 0, 0, 'SGW', '', ''),
(617, 0, 0, 'SGW', '', ''),
(618, 845, 1000, 'SGW', 'H-401', 'T,J'),
(619, 1015, 1155, 'SGW', 'H-400', 'T'),
(620, 1815, 1955, 'SGW', 'FG-C070', 'J'),
(621, 1015, 1130, 'SGW', 'H-501', 'W,F'),
(622, 1145, 1235, 'SGW', 'H-537', 'F'),
(623, 1245, 1335, 'SGW', 'H-437', 'F'),
(624, 1145, 1300, 'SGW', 'H-423', 'W,F'),
(625, 1545, 1635, 'SGW', 'H-621', 'F'),
(626, 1545, 1635, 'SGW', 'H-529', 'F'),
(627, 1315, 1430, 'SGW', 'MB-S2.115', 'W,F'),
(628, 1445, 1535, 'SGW', 'MB-S2.135', 'F'),
(629, 1445, 1535, 'SGW', 'MB-3.265', 'F'),
(630, 1015, 1130, 'SGW', 'H-509', 'W,F'),
(631, 915, 1005, 'SGW', 'H-615', 'F'),
(632, 915, 1005, 'SGW', 'H-400', 'F'),
(633, 1145, 1300, 'SGW', 'H-401', 'M,W'),
(634, 1145, 1235, 'SGW', 'MB-S2.465', 'F'),
(635, 1145, 1235, 'SGW', 'H-437', 'F'),
(636, 1745, 2015, 'SGW', 'MB-2.265', 'W'),
(637, 2020, 2105, 'SGW', 'MB-1.301', 'W'),
(638, 1315, 1430, 'SGW', 'H-623', 'T,J'),
(639, 1445, 1535, 'SGW', 'H-403', 'T'),
(640, 1825, 2015, 'SGW', '', 'W,F'),
(641, 1145, 1300, 'LOY', 'SP-S110', 'T,J'),
(642, 1015, 1130, 'LOY', '', 'W,F'),
(643, 1800, 2015, 'LOY', 'CC-320', 'W'),
(644, 1145, 1300, 'LOY', 'HC-112', 'W,F'),
(645, 1800, 2015, 'LOY', 'CC-321', 'J'),
(646, 845, 1000, 'LOY', 'CC-111', 'W,F'),
(647, 1800, 2015, 'LOY', 'CC-314', 'J'),
(648, 1800, 2015, 'SGW', 'H-937', 'T'),
(649, 1315, 1430, 'LOY', 'CC-301', 'W,F'),
(650, 1445, 1600, 'LOY', 'CC-301', 'T,J'),
(651, 845, 1130, 'LOY', 'VE-226', 'M'),
(652, 1315, 1430, 'SGW', '', 'M,W'),
(653, 900, 1000, 'SGW', 'H-535', 'W'),
(654, 1445, 1600, 'SGW', '', 'M,W'),
(655, 900, 1000, 'SGW', 'MB-3.270', 'W'),
(656, 1015, 1130, 'SGW', '', 'M,W'),
(657, 900, 1000, 'SGW', 'FG-C080', 'W'),
(658, 1145, 1300, 'SGW', 'MB-1.210', 'M,W'),
(659, 900, 1000, 'SGW', 'H-415', 'W'),
(660, 1615, 1730, 'SGW', 'MB-5.215', 'M,W'),
(661, 1015, 1115, 'SGW', 'FG-C070', 'W'),
(662, 1445, 1600, 'SGW', 'H-509', 'M,W'),
(663, 1015, 1115, 'SGW', 'FG-C070', 'W'),
(664, 1015, 1130, 'SGW', 'MB-S1.235', 'M,W'),
(665, 900, 1000, 'SGW', 'H-435', 'W'),
(666, 1315, 1430, 'SGW', 'H-407', 'M,W'),
(667, 900, 1000, 'SGW', 'H-435', 'W'),
(668, 1145, 1300, 'SGW', '', 'T,J'),
(669, 1015, 1115, 'SGW', 'FG-C070', 'J'),
(670, 845, 1000, 'SGW', 'MB-1.210', 'T,J'),
(671, 1015, 1115, 'SGW', 'H-535', 'T'),
(672, 1445, 1600, 'SGW', 'H-937', 'T,J'),
(673, 1015, 1115, 'SGW', 'H-535', 'J'),
(674, 1145, 1300, 'SGW', 'H-561', 'T,J'),
(675, 1015, 1115, 'SGW', 'H-535', 'J'),
(676, 845, 1000, 'SGW', 'MB-S2.115', 'T,J'),
(677, 1315, 1415, 'SGW', 'MB-S1.115', 'T'),
(678, 1015, 1130, 'SGW', '', 'T,J'),
(679, 1315, 1415, 'SGW', 'MB-S1.115', 'T'),
(680, 2030, 2245, 'SGW', 'H-411', 'T'),
(681, 1015, 1130, 'SGW', 'H-937', 'T,J'),
(682, 1800, 2015, 'SGW', '', 'M'),
(683, 1315, 1430, 'SGW', 'H-937', 'T,J'),
(684, 1800, 2015, 'SGW', '', 'W'),
(685, 1145, 1300, 'SGW', 'H-415', 'T,J'),
(686, 1800, 2015, 'SGW', 'H-411', 'J'),
(687, 1445, 1715, 'SGW', 'H-507', 'W'),
(688, 1145, 1300, 'SGW', '', 'W,F'),
(689, 1445, 1600, 'SGW', 'H-535', 'T,J'),
(690, 1445, 1715, 'SGW', 'CI-104', 'M'),
(691, 1315, 1600, 'SGW', 'H-401', 'T'),
(692, 1800, 2015, 'SGW', '', 'W'),
(693, 1315, 1600, 'SGW', 'H-401', 'J'),
(694, 1300, 1515, 'SGW', 'EV-1.605', 'M'),
(695, 1015, 1230, 'SGW', 'EV-1.605', 'W'),
(696, 1445, 1600, 'SGW', 'H-920', 'M,W'),
(697, 1800, 2045, 'LOY', 'CJ-1.114', 'W'),
(698, 1615, 1730, 'SGW', 'H-620', 'M,W'),
(699, 1445, 1600, 'SGW', 'H-561', 'T,J'),
(700, 1315, 1600, 'SGW', 'FG-B040', 'F'),
(701, 845, 1000, 'SGW', 'H-565', 'T,J'),
(702, 845, 1100, 'SGW', 'MB-S2.455', 'T'),
(703, 1315, 1715, 'SGW', 'VA-114', 'J'),
(704, 1015, 1130, 'SGW', 'H-415', 'M,W'),
(705, 1315, 1430, 'SGW', 'H-420', 'T,J'),
(706, 1800, 2015, 'SGW', 'H-920', 'J'),
(707, 1800, 2045, 'SGW', 'FG-B060', 'T'),
(708, 1445, 1600, 'SGW', 'H-507', 'T,J'),
(709, 1015, 1230, 'SGW', 'H-920', 'M'),
(710, 845, 1000, 'SGW', 'MB-S1.430', 'T,J'),
(711, 1015, 1300, 'SGW', 'FG-B040', 'W'),
(712, 1015, 1300, 'SGW', 'H-403', 'W'),
(713, 1315, 1430, 'SGW', 'FG-B040', 'M,W'),
(714, 1445, 1730, 'SGW', 'MB-S2.210', 'M'),
(715, 1445, 1730, 'SGW', 'MB-5.265', 'T'),
(716, 1445, 1730, 'SGW', 'MB-3.270', 'M'),
(717, 1145, 1430, 'SGW', 'MB-3.210', 'M'),
(718, 1445, 1730, 'SGW', 'MB-3.270', 'T'),
(719, 845, 1130, 'SGW', 'MB-3.270', 'F'),
(720, 1445, 1730, 'LOY', 'HB-130', 'J'),
(721, 1745, 2015, 'LOY', 'SP-S110', 'M'),
(722, 1745, 2015, 'SGW', 'MB-2.270', 'J'),
(723, 1615, 1730, 'SGW', 'FG-C080', 'M,W'),
(724, 1315, 1430, 'SGW', 'H-565', 'M,W'),
(725, 1315, 1505, 'SGW', 'MB-3.255', 'F'),
(726, 1445, 1605, 'SGW', 'H-544', 'W'),
(727, 1615, 1730, 'SGW', 'H-603', 'M,W'),
(728, 1745, 1935, 'SGW', 'H-621', 'M'),
(729, 1745, 1935, 'SGW', 'H-627', 'M'),
(730, 1745, 2015, 'SGW', 'H-633', 'T'),
(731, 1745, 2015, 'SGW', 'H-629', 'J'),
(732, 1145, 1300, 'SGW', 'FG-B080', 'M,W'),
(733, 1445, 1730, 'SGW', 'H-403', 'W'),
(734, 915, 1005, 'SGW', 'MB-2.265', 'W'),
(735, 915, 1005, 'SGW', 'MB-2.255', 'F'),
(736, 1015, 1130, 'SGW', 'H-459', 'M,W'),
(737, 1315, 1430, 'SGW', 'H-427', 'M,W'),
(738, 1145, 1300, 'SGW', 'H-401', 'M,W'),
(739, 1145, 1235, 'SGW', 'MB-S2.465', 'F'),
(740, 1145, 1235, 'SGW', 'H-437', 'F'),
(741, 1145, 1300, 'SGW', 'H-557', 'T,J'),
(742, 1615, 1730, 'SGW', 'H-420', 'M,W'),
(743, 1445, 1535, 'SGW', 'MB-S2.135', 'W'),
(744, 1015, 1105, 'SGW', 'H-529', 'J'),
(745, 1315, 1430, 'SGW', 'H-565', 'M,W'),
(746, 1315, 1505, 'SGW', 'MB-3.255', 'F'),
(747, 1445, 1605, 'SGW', 'H-544', 'W'),
(748, 1615, 1730, 'SGW', 'H-603', 'M,W'),
(749, 1745, 1935, 'SGW', 'H-621', 'M'),
(750, 1745, 1935, 'SGW', 'H-627', 'M'),
(751, 1745, 2015, 'SGW', 'MB-2.265', 'W'),
(752, 2020, 2105, 'SGW', 'MB-1.301', 'W'),
(753, 1315, 1430, 'SGW', 'H-623', 'T,J'),
(754, 1445, 1535, 'SGW', 'H-403', 'T'),
(755, 1745, 2015, 'SGW', 'H-521', 'J'),
(756, 1445, 1730, 'SGW', 'H-605', 'M'),
(757, 1745, 2015, 'SGW', 'H-529', 'T'),
(758, 1745, 2015, 'SGW', 'H-523', 'J'),
(759, 1745, 2015, 'SGW', 'H-544', 'F'),
(760, 1745, 2015, 'SGW', 'H-562', 'F'),
(761, 1315, 1430, 'SGW', 'H-623', 'T,J'),
(762, 1445, 1535, 'SGW', 'H-403', 'T'),
(763, 0, 0, 'SGW', '', ''),
(764, 1315, 1430, 'SGW', 'H-557', 'T,J'),
(765, 1615, 1755, 'SGW', 'H-437', 'T'),
(766, 1445, 1625, 'SGW', 'H-611', 'J'),
(767, 2030, 2210, 'SGW', 'H-529', 'W'),
(768, 1315, 1430, 'SGW', 'H-459', 'T,J'),
(769, 1615, 1755, 'SGW', 'H-627', 'T'),
(770, 1445, 1625, 'SGW', 'H-529', 'J'),
(771, 1745, 2015, 'SGW', 'H-520', 'W'),
(772, 2030, 2210, 'SGW', 'H-437', 'W'),
(773, 2030, 2210, 'SGW', 'H-520', 'W'),
(774, 2030, 2210, 'SGW', 'H-400', 'W'),
(775, 1315, 1430, 'SGW', 'FG-B030', 'M,W'),
(776, 1015, 1155, 'SGW', 'H-607', 'M'),
(777, 1015, 1155, 'SGW', 'H-631', 'W'),
(778, 845, 1025, 'SGW', 'H-633', 'F'),
(779, 845, 1000, 'SGW', 'H-605', 'M,W'),
(780, 845, 1025, 'SGW', 'H-632', 'F'),
(781, 1015, 1155, 'SGW', 'H-619', 'M'),
(782, 1015, 1155, 'SGW', 'H-619', 'W'),
(783, 1745, 2015, 'SGW', 'H-605', 'F'),
(784, 2030, 2210, 'SGW', 'H-632', 'F'),
(785, 2030, 2210, 'SGW', 'H-634', 'F'),
(786, 1745, 1925, 'SGW', 'H-427', 'M'),
(787, 1615, 1730, 'SGW', 'H-937', 'T'),
(788, 845, 935, 'SGW', 'H-403', 'W'),
(789, 845, 935, 'SGW', 'H-403', 'W'),
(790, 1615, 1705, 'SGW', 'H-459', 'W,J'),
(791, 1615, 1705, 'SGW', 'H-459', 'W,J'),
(792, 1615, 1730, 'SGW', 'H-937', 'J'),
(793, 1745, 1835, 'SGW', 'H-820', 'W,J'),
(794, 1745, 1835, 'SGW', 'H-820', 'W,J'),
(795, 1615, 1705, 'SGW', 'H-423', 'T,W'),
(796, 845, 935, 'SGW', 'FG-B055', 'M,W'),
(797, 1145, 1300, 'SGW', 'H-420', 'M,W'),
(798, 1315, 1455, 'SGW', 'H-523', 'F'),
(799, 1315, 1455, 'SGW', 'H-537', 'F'),
(800, 845, 1000, 'SGW', 'H-420', 'W,F'),
(801, 820, 1000, 'SGW', 'H-537', 'M'),
(802, 820, 1000, 'SGW', 'H-544', 'M'),
(803, 1015, 1130, 'SGW', 'H-1070', 'T,J'),
(804, 1315, 1455, 'SGW', 'H-564', 'M'),
(805, 1315, 1455, 'SGW', 'H-562', 'M'),
(806, 1145, 1300, 'SGW', 'H-920', 'W,F'),
(807, 1415, 1555, 'SGW', 'H-562', 'F'),
(808, 1415, 1555, 'SGW', 'H-544', 'F'),
(809, 845, 1000, 'SGW', 'H-520', 'W,F'),
(810, 1345, 1525, 'SGW', 'H-544', 'J'),
(811, 1345, 1525, 'SGW', 'H-540', 'J'),
(812, 1015, 1130, 'SGW', 'H-420', 'T,J'),
(813, 1315, 1455, 'SGW', 'H-420', 'M'),
(814, 1315, 1455, 'SGW', 'H-540', 'M'),
(815, 1745, 2015, 'SGW', 'FG-B040', 'F'),
(816, 1545, 1725, 'SGW', 'H-537', 'F'),
(817, 1545, 1725, 'SGW', 'H-540', 'F'),
(818, 1445, 1600, 'SGW', 'MB-3.210', 'M,W'),
(819, 1245, 1425, 'SGW', 'MB-2.265', 'M'),
(820, 1615, 1755, 'SGW', 'MB-2.285', 'W'),
(821, 1315, 1430, 'SGW', 'H-520', 'T,J'),
(822, 1045, 1225, 'SGW', 'H-623', 'M'),
(823, 1045, 1225, 'SGW', 'H-625', 'M'),
(824, 1315, 1430, 'SGW', 'H-501', 'T,J'),
(825, 1045, 1225, 'SGW', 'MB-2.265', 'M'),
(826, 1045, 1225, 'SGW', 'MB-S2.455', 'M'),
(827, 845, 1000, 'SGW', 'H-401', 'T,J'),
(828, 1015, 1155, 'SGW', 'H-400', 'T'),
(829, 1815, 1955, 'SGW', 'FG-C070', 'J'),
(830, 845, 1000, 'SGW', 'H-561', 'M,W'),
(831, 1015, 1105, 'SGW', 'H-439', 'M'),
(832, 1015, 1105, 'SGW', 'H-400', 'M'),
(833, 1745, 2015, 'SGW', 'FG-C080', 'W'),
(834, 1445, 1535, 'SGW', 'H-603', 'T'),
(835, 1445, 1535, 'SGW', 'MB-S2.455', 'J'),
(836, 1145, 1300, 'SGW', 'FG-B030', 'W,F'),
(837, 1445, 1535, 'SGW', 'H-529', 'F'),
(838, 1145, 1235, 'SGW', 'H-529', 'M'),
(839, 1315, 1430, 'SGW', 'H-403', 'W,F'),
(840, 1445, 1535, 'SGW', 'MB-2.265', 'T'),
(841, 1445, 1535, 'SGW', 'H-615', 'J'),
(842, 1615, 1730, 'SGW', 'H-407', 'M,W'),
(843, 820, 1000, 'SGW', 'H-400', 'M'),
(844, 820, 1000, 'SGW', 'H-615', 'M'),
(845, 820, 1000, 'SGW', 'MB-1.301', 'M'),
(846, 1445, 1600, 'SGW', 'H-407', 'M,W'),
(847, 1615, 1755, 'SGW', 'H-529', 'W'),
(848, 1615, 1755, 'SGW', 'H-615', 'W'),
(849, 1615, 1755, 'SGW', 'H-400', 'W'),
(850, 1745, 2015, 'SGW', 'FG-C080', 'T'),
(851, 1615, 1755, 'SGW', 'H-400', 'F'),
(852, 1615, 1755, 'SGW', 'H-615', 'F'),
(853, 1615, 1755, 'SGW', 'H-427', 'F'),
(854, 1615, 1730, 'SGW', 'FG-B060', 'F'),
(855, 1615, 1730, 'SGW', 'MB-3.210', 'J'),
(856, 1745, 2015, 'SGW', 'H-439', 'T'),
(857, 2030, 2120, 'SGW', 'H-632', 'T'),
(858, 2030, 2120, 'SGW', 'H-634', 'T'),
(859, 1745, 2015, 'SGW', 'H-613', 'J'),
(860, 2030, 2120, 'SGW', 'H-564', 'J'),
(861, 2030, 2120, 'SGW', 'H-603', 'J'),
(862, 1145, 1300, 'SGW', 'H-433', 'W,F'),
(863, 1315, 1455, 'SGW', 'H-625', 'F'),
(864, 1315, 1455, 'SGW', 'H-634', 'F'),
(865, 845, 1000, 'SGW', 'H-521', 'T,J'),
(866, 1445, 1625, 'SGW', 'H-537', 'W'),
(867, 1445, 1625, 'SGW', 'H-607', 'W'),
(868, 1315, 1430, 'SGW', 'H-531', 'T,J'),
(869, 1145, 1235, 'SGW', 'H-540', 'M'),
(870, 1015, 1105, 'SGW', 'H-544', 'M'),
(871, 1615, 1705, 'SGW', 'H-564', 'J'),
(872, 1315, 1430, 'SGW', 'H-531', 'M,W'),
(873, 1315, 1405, 'SGW', 'H-540', 'T'),
(874, 1315, 1405, 'SGW', 'H-562', 'J'),
(875, 1315, 1405, 'SGW', 'H-427', 'J'),
(876, 845, 1000, 'SGW', 'H-539', 'W,F'),
(877, 1315, 1405, 'SGW', 'FG-B030', 'J'),
(878, 1315, 1405, 'SGW', 'MB-S2.210', 'J'),
(879, 1745, 2015, 'SGW', 'MB-S2.210', 'M'),
(880, 1745, 1835, 'SGW', 'H-427', 'T'),
(881, 1745, 1835, 'SGW', 'H-423', 'W'),
(882, 1845, 1935, 'SGW', '', 'W'),
(883, 1015, 1130, 'SGW', 'H-501', 'W,F'),
(884, 1145, 1235, 'SGW', 'H-537', 'F'),
(885, 1245, 1335, 'SGW', 'H-437', 'F'),
(886, 1145, 1300, 'SGW', 'H-629', 'T,J'),
(887, 1315, 1405, 'SGW', 'H-523', 'T'),
(888, 1315, 1405, 'SGW', 'MB-2.285', 'J'),
(889, 1745, 2015, 'SGW', 'H-629', 'F'),
(890, 2030, 2120, 'SGW', 'H-537', 'T'),
(891, 2030, 2120, 'SGW', 'H-403', 'J'),
(892, 1145, 1300, 'SGW', 'H-423', 'W,F'),
(893, 1545, 1635, 'SGW', 'H-621', 'F'),
(894, 1545, 1635, 'SGW', 'H-529', 'F'),
(895, 1315, 1430, 'SGW', 'MB-S2.115', 'W,F'),
(896, 1445, 1535, 'SGW', 'MB-S2.135', 'F'),
(897, 1445, 1535, 'SGW', 'MB-3.265', 'F'),
(898, 1015, 1130, 'SGW', 'H-509', 'W,F'),
(899, 915, 1005, 'SGW', 'H-615', 'F'),
(900, 915, 1005, 'SGW', 'H-400', 'F'),
(901, 1615, 1730, 'SGW', 'H-553', 'T,J'),
(902, 1745, 1835, 'SGW', 'EV-1.162', 'T'),
(903, 1845, 1935, 'SGW', 'EV-1.162', 'T'),
(904, 1745, 1835, 'SGW', 'EV-3.309', 'T'),
(905, 1845, 1935, 'SGW', 'EV-1.162', 'J'),
(906, 1615, 1730, 'SGW', 'H-407', 'T,J'),
(907, 1745, 1835, 'SGW', 'EV-1.162', 'J'),
(908, 1945, 2035, 'SGW', 'EV-1.162', 'J'),
(909, 1945, 2035, 'SGW', 'EV-1.162', 'T'),
(910, 1945, 2035, 'SGW', 'EV-3.309', 'T'),
(911, 1745, 2015, 'SGW', 'FG-B060', 'F'),
(912, 1745, 1835, 'SGW', 'EV-1.162', 'M'),
(913, 1845, 1935, 'SGW', 'EV-1.162', 'M'),
(914, 1745, 1835, 'SGW', 'EV-3.309', 'M'),
(915, 1845, 1935, 'SGW', 'EV-3.309', 'W'),
(916, 1745, 2015, 'SGW', 'H-507', 'F'),
(917, 1745, 1835, 'SGW', 'EV-1.162', 'W'),
(918, 1845, 1935, 'SGW', 'EV-1.162', 'W'),
(919, 1745, 1835, 'SGW', 'EV-3.309', 'W'),
(920, 1845, 1935, 'SGW', 'EV-3.309', 'M'),
(921, 1615, 1730, 'SGW', 'FG-B040', 'T,J'),
(922, 1415, 1505, 'SGW', 'H-427', 'F'),
(923, 1615, 1705, 'SGW', 'H-562', 'F'),
(924, 1615, 1730, 'SGW', 'H-820', 'T,J'),
(925, 1415, 1505, 'SGW', 'H-564', 'F'),
(926, 1615, 1705, 'SGW', 'H-623', 'F'),
(927, 1825, 2015, 'SGW', '', 'W,F'),
(928, 845, 1115, 'SGW', 'FG-B080', 'F'),
(929, 1615, 1730, 'SGW', 'H-459', 'M,W'),
(930, 1745, 2015, 'SGW', 'FG-B055', 'J'),
(931, 1825, 2015, 'SGW', '', 'W,F'),
(932, 2030, 2300, 'SGW', '', 'J'),
(933, 1315, 1405, 'SGW', 'MB-3.285', 'T'),
(934, 1315, 1430, 'SGW', 'MB-5.265', 'M,W'),
(935, 1445, 1535, 'SGW', 'MB-S2.105', 'W'),
(936, 1445, 1535, 'SGW', 'MB-3.255', 'M'),
(937, 1745, 2015, 'SGW', 'H-521', 'W'),
(938, 2030, 2210, 'SGW', 'H-632', 'W'),
(939, 2030, 2210, 'SGW', 'H-634', 'W'),
(940, 2030, 2210, 'SGW', 'H-634', 'M'),
(941, 1745, 2015, 'SGW', 'H-521', 'T'),
(942, 2030, 2210, 'SGW', 'H-633', 'T'),
(943, 2030, 2210, 'SGW', 'H-632', 'T'),
(944, 2030, 2210, 'SGW', 'H-634', 'T'),
(945, 1315, 1430, 'SGW', 'H-629', 'T,J'),
(946, 1445, 1625, 'SGW', 'H-523', 'T'),
(947, 1615, 1755, 'SGW', 'H-529', 'J'),
(948, 1745, 2015, 'SGW', 'H-561', 'W'),
(949, 2030, 2210, 'SGW', 'H-562', 'W'),
(950, 2030, 2210, 'SGW', 'H-564', 'W'),
(951, 1315, 1430, 'SGW', 'H-629', 'M,W'),
(952, 1445, 1635, 'SGW', 'H-625', 'M'),
(953, 1445, 1635, 'SGW', 'H-627', 'W'),
(954, 1745, 2015, 'SGW', 'H-459', 'M'),
(955, 1145, 1335, 'SGW', 'H-609', 'J'),
(956, 1145, 1335, 'SGW', 'H-529', 'T'),
(957, 1015, 1130, 'SGW', 'GN-M100', 'W,F'),
(958, 1145, 1325, 'SGW', 'H-540', 'F'),
(959, 1145, 1325, 'SGW', 'MB-S1.105', 'W'),
(960, 1015, 1130, 'SGW', 'H-423', 'W,F'),
(961, 1015, 1155, 'SGW', 'MB-S2.105', 'M'),
(962, 1145, 1325, 'SGW', 'H-529', 'W'),
(963, 1745, 2015, 'SGW', 'H-507', 'J'),
(964, 2030, 2210, 'SGW', 'H-507', 'J'),
(965, 1745, 1925, 'SGW', 'H-437', 'F'),
(966, 1745, 2015, 'SGW', 'H-631', 'F'),
(967, 1015, 1155, 'SGW', 'H-613', 'W'),
(968, 1145, 1325, 'SGW', 'MB-S2.445', 'M'),
(969, 1745, 2015, 'SGW', 'H-439', 'M'),
(970, 2030, 2120, 'SGW', 'H-632', 'M'),
(971, 2130, 2220, 'SGW', 'H-632', 'M'),
(972, 1145, 1300, 'SGW', 'H-540', 'T,J'),
(973, 1315, 1405, 'SGW', 'H-427', 'T'),
(974, 1315, 1405, 'SGW', 'H-441', 'J'),
(975, 1445, 1600, 'SGW', 'H-403', 'W,F'),
(976, 1615, 1805, 'SGW', '', 'W'),
(977, 1615, 1805, 'SGW', '', 'W'),
(978, 1745, 2015, 'SGW', 'H-557', 'W'),
(979, 2030, 2120, 'SGW', 'H-557', 'W'),
(980, 2030, 2120, 'SGW', 'H-607', 'W'),
(981, 1445, 1600, 'SGW', 'H-629', 'M,W'),
(982, 1615, 1705, 'SGW', 'H-437', 'M'),
(983, 1615, 1705, 'SGW', 'H-540', 'W'),
(984, 1315, 1430, 'SGW', 'H-605', 'M,W'),
(985, 1615, 1705, 'SGW', 'MB-2.265', 'M'),
(986, 1615, 1705, 'SGW', 'MB-2.285', 'W'),
(987, 1315, 1430, 'SGW', 'H-603', 'M,W'),
(988, 1615, 1705, 'SGW', 'H-562', 'W'),
(989, 1615, 1705, 'SGW', 'H-544', 'W'),
(990, 1745, 2015, 'SGW', 'H-605', 'J'),
(991, 2030, 2120, 'SGW', 'H-603', 'J'),
(992, 2030, 2120, 'SGW', 'H-605', 'J'),
(993, 1745, 2015, 'SGW', 'H-501', 'M'),
(994, 1745, 1835, 'SGW', '', 'W'),
(995, 1845, 1935, 'SGW', 'MB-S2.135', 'W'),
(996, 1145, 1300, 'SGW', 'FG-B080', 'T,J'),
(997, 1745, 2015, 'SGW', 'H-625', 'J'),
(998, 1445, 1730, 'SGW', 'MB-2.255', 'J'),
(999, 1145, 1300, 'SGW', 'H-439', 'T,J'),
(1000, 1315, 1405, 'SGW', 'H-632', 'T'),
(1001, 1315, 1405, 'SGW', 'H-562', 'J'),
(1002, 1745, 2015, 'SGW', 'H-621', 'M'),
(1003, 1315, 1430, 'SGW', 'H-501', 'M,W'),
(1004, 1445, 1600, 'SGW', 'H-564', 'T,J'),
(1005, 2030, 2125, 'SGW', '', 'T'),
(1006, 2030, 2125, 'SGW', 'H-634', 'J'),
(1007, 1745, 2015, 'SGW', 'H-439', 'W'),
(1008, 1745, 2015, 'SGW', 'H-621', 'W'),
(1009, 1445, 1600, 'SGW', 'H-427', 'T,J'),
(1010, 1315, 1430, 'SGW', 'H-562', 'M,W'),
(1011, 0, 0, 'SGW', '', ''),
(1012, 0, 0, 'SGW', '', ''),
(1013, 0, 0, 'SGW', '', ''),
(1014, 1445, 1600, 'SGW', 'H-459', 'M,W'),
(1015, 1615, 1755, 'SGW', 'H-427', 'W'),
(1016, 1615, 1755, 'SGW', 'H-403', 'W'),
(1017, 845, 1000, 'SGW', 'H-401', 'T,J'),
(1018, 1015, 1155, 'SGW', 'H-623', 'T'),
(1019, 1015, 1155, 'SGW', 'H-441', 'J'),
(1020, 1445, 1600, 'SGW', 'H-509', 'T,J'),
(1021, 1615, 1755, 'SGW', 'H-403', 'T'),
(1022, 1615, 1755, 'SGW', 'H-401', 'J'),
(1023, 1515, 1655, 'SGW', 'H-437', 'F'),
(1024, 1615, 1730, 'SGW', 'H-544', 'T,J'),
(1025, 1415, 1605, 'SGW', 'H-523', 'F'),
(1026, 845, 1000, 'SGW', 'FG-B070', 'W,F'),
(1027, 1215, 1305, 'SGW', 'H-627', 'F'),
(1028, 1315, 1405, 'SGW', 'MB-2.265', 'F'),
(1029, 1315, 1430, 'SGW', 'H-459', 'T,J'),
(1030, 1445, 1535, 'SGW', 'H-523', 'J'),
(1031, 1445, 1535, 'SGW', 'H-615', 'J'),
(1032, 1445, 1600, 'SGW', 'MB-3.430', 'M,W'),
(1033, 1615, 1705, 'SGW', '', 'W'),
(1034, 1745, 1835, 'SGW', '', 'W'),
(1035, 1015, 1130, 'SGW', 'H-633', 'W,F'),
(1036, 1145, 1235, 'SGW', 'H-523', 'F'),
(1037, 1145, 1235, 'SGW', 'H-441', 'F'),
(1038, 1145, 1300, 'SGW', 'FG-B050', 'T,J'),
(1039, 1045, 1135, 'SGW', 'FG-B055', 'T'),
(1040, 1045, 1135, 'SGW', 'FG-C070', 'J'),
(1041, 1045, 1135, 'SGW', 'H-400', 'M'),
(1042, 1615, 1755, 'SGW', 'MB-3.430', 'M'),
(1043, 1815, 1905, 'SGW', 'H-529', 'M'),
(1044, 1815, 1905, 'SGW', 'H-400', 'M'),
(1045, 1745, 2015, 'SGW', 'MB-1.301', 'W'),
(1046, 1615, 1705, 'SGW', '', 'W'),
(1047, 1445, 1600, 'LOY', 'HC-112', 'T,J'),
(1048, 845, 1000, 'LOY', 'HB-130', 'T,J'),
(1049, 1800, 2015, 'SGW', 'FG-C070', 'T'),
(1050, 1015, 1130, 'LOY', 'CC-308', 'T,J'),
(1051, 1800, 2015, 'LOY', 'CC-320', 'J'),
(1052, 1015, 1130, 'LOY', 'CC-320', 'W,F'),
(1053, 1015, 1130, 'LOY', 'CJ-1.129', 'T,J'),
(1054, 1145, 1300, 'LOY', 'CJ-1.129', 'W,F'),
(1055, 845, 1130, 'LOY', 'VE-226', 'M'),
(1056, 1145, 1300, 'SGW', 'MB-1.210', 'M,W'),
(1057, 900, 1000, 'SGW', 'H-507', 'W'),
(1058, 1615, 1730, 'SGW', 'MB-1.210', 'M,W'),
(1059, 1315, 1415, 'SGW', 'FG-B060', 'W'),
(1060, 1615, 1730, 'SGW', 'H-521', 'M,W'),
(1061, 900, 1000, 'SGW', 'H-420', 'M'),
(1062, 1315, 1430, 'SGW', 'FG-C080', 'M,W'),
(1063, 900, 1000, 'SGW', 'H-420', 'M'),
(1064, 1015, 1130, 'SGW', 'FG-C070', 'M,W'),
(1065, 1145, 1245, 'SGW', 'MB-2.430', 'M'),
(1066, 1015, 1130, 'SGW', 'MB-1.210', 'T,J'),
(1067, 900, 1000, 'SGW', 'H-407', 'T'),
(1068, 1615, 1730, 'SGW', 'MB-1.210', 'T,J'),
(1069, 1315, 1415, 'SGW', 'H-435', 'T'),
(1070, 1445, 1600, 'SGW', 'H-937', 'T,J'),
(1071, 1315, 1415, 'SGW', 'H-407', 'J'),
(1072, 1445, 1600, 'SGW', 'GN-M100', 'T,J'),
(1073, 1315, 1415, 'SGW', 'H-521', 'T'),
(1074, 1015, 1130, 'SGW', 'H-557', 'T,J'),
(1075, 1145, 1245, 'SGW', 'H-521', 'T'),
(1076, 1315, 1430, 'SGW', '', 'T,J'),
(1077, 1145, 1245, 'SGW', 'H-521', 'T'),
(1078, 1145, 1300, 'SGW', 'H-433', 'T,J'),
(1079, 1315, 1415, 'SGW', 'H-521', 'T'),
(1080, 1800, 2015, 'SGW', '', 'T'),
(1081, 1745, 2015, 'SGW', 'EV-1.162', 'M'),
(1082, 1800, 2015, 'SGW', 'H-937', 'W'),
(1083, 845, 1000, 'SGW', 'H-937', 'T,J'),
(1084, 1145, 1300, 'SGW', 'H-937', 'M,W'),
(1085, 1800, 2015, 'SGW', 'H-937', 'T'),
(1086, 1800, 2015, 'LOY', 'CC-106', 'M'),
(1087, 1315, 1430, 'SGW', 'H-507', 'T,J'),
(1088, 1315, 1545, 'SGW', 'H-920', 'W'),
(1089, 1015, 1130, 'SGW', '', 'W,F'),
(1090, 1800, 2015, 'SGW', '', 'T'),
(1091, 1015, 1130, 'SGW', '', 'W,F'),
(1092, 845, 1130, 'SGW', 'H-553', 'F'),
(1093, 845, 1130, 'SGW', 'H-553', 'W'),
(1094, 1800, 2015, 'SGW', 'H-531', 'T'),
(1095, 1315, 1600, 'SGW', 'H-403', 'J'),
(1096, 1315, 1600, 'SGW', 'H-403', 'T'),
(1097, 1800, 2015, 'SGW', '', 'W'),
(1098, 1800, 2015, 'SGW', 'EV-1.605', 'T'),
(1099, 1800, 2015, 'SGW', 'H-620', 'T'),
(1100, 1615, 1900, 'LOY', 'CJ-1.114', 'M'),
(1101, 1315, 1430, 'SGW', 'H-561', 'T,J'),
(1102, 2030, 2245, 'SGW', 'H-553', 'W'),
(1103, 1615, 1730, 'SGW', 'H-1011', 'W,F'),
(1104, 845, 1130, 'SGW', 'MB-S1.255', 'M'),
(1105, 1315, 1430, 'SGW', 'H-520', 'M,W'),
(1106, 1315, 1430, 'SGW', 'H-820', 'T,J'),
(1107, 1800, 2015, 'SGW', 'H-820', 'J'),
(1108, 845, 1000, 'SGW', 'H-620', 'T,J'),
(1109, 1800, 2015, 'SGW', 'H-820', 'W'),
(1110, 845, 1000, 'SGW', 'FG-B040', 'T,J'),
(1111, 1445, 1700, 'SGW', 'FG-B040', 'T'),
(1112, 845, 1000, 'SGW', 'H-820', 'M,W'),
(1113, 1015, 1130, 'SGW', 'H-540', 'W,F'),
(1114, 1445, 1730, 'SGW', 'MB-3.270', 'J'),
(1115, 1745, 2015, 'SGW', 'MB-3.430', 'J'),
(1116, 1445, 1730, 'SGW', 'MB-2.435', 'M'),
(1117, 1145, 1430, 'SGW', 'MB-S2.210', 'T'),
(1118, 845, 1130, 'SGW', 'MB-S2.330', 'M'),
(1119, 1145, 1430, 'SGW', 'MB-S2.330', 'T'),
(1120, 1145, 1430, 'SGW', 'MB-S2.330', 'F'),
(1121, 1445, 1730, 'LOY', 'HB-130', 'J'),
(1122, 1745, 2015, 'SGW', 'MB-3.210', 'M'),
(1123, 1145, 1300, 'SGW', 'H-435', 'T,J'),
(1124, 1445, 1600, 'SGW', 'H-403', 'W,F'),
(1125, 1615, 1805, 'SGW', '', 'W'),
(1126, 1615, 1805, 'SGW', '', 'W'),
(1127, 1745, 2015, 'SGW', 'H-625', 'J'),
(1128, 1745, 2015, 'SGW', 'H-439', 'W'),
(1129, 1445, 1600, 'SGW', 'H-427', 'T,J'),
(1130, 1315, 1430, 'SGW', 'H-562', 'M,W'),
(1131, 1315, 1430, 'SGW', 'H-603', 'M,W'),
(1132, 1615, 1705, 'SGW', 'H-562', 'W'),
(1133, 1615, 1705, 'SGW', 'H-544', 'W'),
(1134, 1315, 1430, 'SGW', 'H-501', 'M,W'),
(1135, 1745, 2015, 'SGW', 'MB-1.301', 'W'),
(1136, 1615, 1705, 'SGW', '', 'W'),
(1137, 1445, 1600, 'SGW', 'H-403', 'W,F'),
(1138, 1615, 1805, 'SGW', '', 'W'),
(1139, 1615, 1805, 'SGW', '', 'W'),
(1140, 1445, 1730, 'SGW', 'MB-2.255', 'J'),
(1141, 1145, 1300, 'SGW', 'H-439', 'T,J'),
(1142, 1315, 1405, 'SGW', 'H-632', 'T'),
(1143, 1315, 1405, 'SGW', 'H-562', 'J'),
(1144, 1745, 2015, 'SGW', 'H-621', 'M'),
(1145, 1445, 1600, 'SGW', 'H-564', 'T,J'),
(1146, 2030, 2125, 'SGW', '', 'T'),
(1147, 2030, 2125, 'SGW', 'H-634', 'J'),
(1148, 1745, 2015, 'SGW', 'H-621', 'W'),
(1149, 0, 0, 'SGW', '', ''),
(1150, 1315, 1430, 'SGW', 'H-629', 'T,J'),
(1151, 1445, 1625, 'SGW', 'H-523', 'T'),
(1152, 1615, 1755, 'SGW', 'H-529', 'J'),
(1153, 1745, 2015, 'SGW', 'H-561', 'W'),
(1154, 2030, 2210, 'SGW', 'H-562', 'W'),
(1155, 2030, 2210, 'SGW', 'H-564', 'W'),
(1156, 1015, 1130, 'SGW', 'GN-M100', 'W,F'),
(1157, 1145, 1325, 'SGW', 'H-540', 'F'),
(1158, 1145, 1325, 'SGW', 'MB-S1.105', 'W'),
(1159, 1615, 1730, 'SGW', 'H-937', 'T'),
(1160, 845, 935, 'SGW', 'H-435', 'W'),
(1161, 845, 935, 'SGW', 'H-435', 'W'),
(1162, 1615, 1705, 'SGW', 'H-411', 'W,J'),
(1163, 1615, 1705, 'SGW', 'H-411', 'W,J'),
(1164, 1615, 1730, 'SGW', 'H-937', 'J'),
(1165, 845, 935, 'SGW', 'H-507', 'W,F'),
(1166, 845, 935, 'SGW', 'H-507', 'W,F'),
(1167, 1615, 1705, 'SGW', 'H-411', 'T,W'),
(1168, 1615, 1705, 'SGW', 'H-411', 'T,W'),
(1169, 1445, 1600, 'SGW', 'H-535', 'T,J'),
(1170, 1800, 1940, 'SGW', 'H-520', 'M'),
(1171, 1745, 1925, 'SGW', 'FG-B080', 'F'),
(1172, 1445, 1600, 'SGW', 'FG-C080', 'T,J'),
(1173, 1610, 1750, 'SGW', 'H-603', 'M'),
(1174, 1745, 1925, 'SGW', 'H-627', 'F'),
(1175, 1445, 1600, 'SGW', 'MB-S2.330', 'T,J'),
(1176, 1545, 1725, 'SGW', 'H-625', 'F'),
(1177, 1545, 1725, 'SGW', 'H-623', 'F'),
(1178, 1015, 1130, 'SGW', 'H-423', 'W,F'),
(1179, 1015, 1155, 'SGW', 'MB-S2.105', 'M'),
(1180, 1145, 1325, 'SGW', 'H-529', 'W'),
(1181, 1745, 2015, 'SGW', 'H-507', 'J'),
(1182, 2030, 2210, 'SGW', 'H-507', 'J'),
(1183, 1745, 1925, 'SGW', 'H-437', 'F'),
(1184, 1745, 2015, 'SGW', 'H-631', 'F'),
(1185, 1015, 1155, 'SGW', 'H-613', 'W'),
(1186, 1145, 1325, 'SGW', 'MB-S2.445', 'M'),
(1187, 1615, 1730, 'SGW', 'H-1070', 'M,W'),
(1188, 1745, 1925, 'SGW', 'H-609', 'M'),
(1189, 1940, 2120, 'SGW', 'H-609', 'M'),
(1190, 1145, 1300, 'SGW', 'H-1070', 'T,J'),
(1191, 1415, 1555, 'SGW', 'H-621', 'F'),
(1192, 1415, 1555, 'SGW', 'H-564', 'F'),
(1193, 845, 1000, 'SGW', 'H-1070', 'W,F'),
(1194, 820, 1000, 'SGW', 'H-623', 'M'),
(1195, 1315, 1455, 'SGW', 'H-537', 'W'),
(1196, 1015, 1130, 'SGW', 'H-1070', 'W,F'),
(1197, 945, 1125, 'SGW', 'FG-B080', 'J'),
(1198, 945, 1125, 'SGW', 'H-625', 'J'),
(1199, 845, 1000, 'SGW', 'H-1070', 'T,J'),
(1200, 945, 1125, 'SGW', 'H-625', 'M'),
(1201, 1315, 1455, 'SGW', 'H-537', 'M'),
(1202, 845, 1000, 'SGW', 'H-420', 'T,J'),
(1203, 820, 1000, 'SGW', 'H-627', 'M'),
(1204, 820, 1000, 'SGW', 'H-621', 'M'),
(1205, 1015, 1130, 'SGW', 'H-420', 'W,F'),
(1206, 1415, 1555, 'SGW', 'H-540', 'F'),
(1207, 1415, 1555, 'SGW', 'H-537', 'F'),
(1208, 1445, 1600, 'SGW', 'H-459', 'M,W'),
(1209, 1615, 1755, 'SGW', 'H-427', 'W'),
(1210, 1615, 1755, 'SGW', 'H-403', 'W'),
(1211, 845, 1000, 'SGW', 'H-401', 'T,J'),
(1212, 1015, 1155, 'SGW', 'H-623', 'T'),
(1213, 1015, 1155, 'SGW', 'H-441', 'J'),
(1214, 1445, 1600, 'SGW', 'H-509', 'T,J'),
(1215, 1615, 1755, 'SGW', 'H-403', 'T'),
(1216, 1615, 1755, 'SGW', 'H-401', 'J'),
(1217, 1515, 1655, 'SGW', 'H-437', 'F'),
(1218, 1445, 1600, 'SGW', 'H-629', 'M,W'),
(1219, 1615, 1705, 'SGW', 'H-437', 'M'),
(1220, 1615, 1705, 'SGW', 'H-540', 'W'),
(1221, 1315, 1430, 'SGW', 'H-605', 'M,W'),
(1222, 1615, 1705, 'SGW', 'MB-2.265', 'M'),
(1223, 1615, 1705, 'SGW', 'MB-2.285', 'W'),
(1224, 1445, 1600, 'SGW', 'H-507', 'T,J'),
(1225, 1615, 1755, 'SGW', 'H-615', 'F'),
(1226, 1615, 1755, 'SGW', 'H-400', 'T'),
(1227, 1615, 1755, 'SGW', 'MB-2.255', 'M'),
(1228, 1745, 2015, 'SGW', 'FG-B060', 'T'),
(1229, 1615, 1755, 'SGW', 'H-615', 'M'),
(1230, 1615, 1755, 'SGW', 'H-400', 'J'),
(1231, 1615, 1755, 'SGW', 'H-427', 'F'),
(1232, 1615, 1730, 'SGW', 'H-407', 'J'),
(1233, 1745, 1900, 'SGW', 'H-531', 'W'),
(1234, 1745, 2015, 'SGW', 'H-557', 'W'),
(1235, 2030, 2120, 'SGW', 'H-557', 'W'),
(1236, 2030, 2120, 'SGW', 'H-607', 'W'),
(1237, 1745, 2015, 'SGW', 'H-407', 'T'),
(1238, 945, 1125, 'SGW', 'H-634', 'W'),
(1239, 1015, 1155, 'SGW', 'H-625', 'W'),
(1240, 1015, 1155, 'SGW', 'H-623', 'W'),
(1241, 1445, 1600, 'SGW', 'H-411', 'T,J'),
(1242, 1015, 1105, 'SGW', 'H-562', 'F'),
(1243, 1015, 1105, 'SGW', 'H-544', 'F'),
(1244, 1015, 1105, 'SGW', 'MB-1.301', 'F'),
(1245, 1015, 1130, 'SGW', 'FG-B060', 'W,F'),
(1246, 845, 935, 'SGW', 'H-400', 'W'),
(1247, 845, 935, 'SGW', 'H-400', 'F'),
(1248, 845, 935, 'SGW', 'H-615', 'W'),
(1249, 1745, 2015, 'SGW', 'H-411', 'F'),
(1250, 1445, 1535, 'SGW', 'MB-3.255', 'F'),
(1251, 1445, 1535, 'SGW', 'MB-2.265', 'F'),
(1252, 1445, 1535, 'SGW', 'MB-3.265', 'M'),
(1253, 1615, 1730, 'SGW', 'H-544', 'T,J'),
(1254, 1415, 1605, 'SGW', 'H-523', 'F'),
(1255, 845, 1000, 'SGW', 'FG-B070', 'W,F'),
(1256, 1215, 1305, 'SGW', 'H-627', 'F'),
(1257, 1315, 1405, 'SGW', 'MB-2.265', 'F'),
(1258, 1145, 1300, 'SGW', 'H-540', 'T,J'),
(1259, 1315, 1405, 'SGW', 'H-427', 'T'),
(1260, 1315, 1405, 'SGW', 'H-441', 'J'),
(1261, 1315, 1430, 'SGW', 'H-459', 'T,J'),
(1262, 1445, 1535, 'SGW', 'H-523', 'J'),
(1263, 1445, 1535, 'SGW', 'H-615', 'J'),
(1264, 1445, 1600, 'SGW', 'MB-3.430', 'M,W'),
(1265, 1615, 1705, 'SGW', '', 'W'),
(1266, 1745, 1835, 'SGW', '', 'W'),
(1267, 1015, 1130, 'SGW', 'H-633', 'W,F'),
(1268, 1145, 1235, 'SGW', 'H-523', 'F'),
(1269, 1145, 1235, 'SGW', 'H-441', 'F'),
(1270, 1615, 1755, 'SGW', 'MB-3.430', 'M'),
(1271, 1815, 1905, 'SGW', 'H-529', 'M'),
(1272, 1815, 1905, 'SGW', 'H-400', 'M'),
(1273, 1145, 1300, 'SGW', 'FG-B050', 'T,J'),
(1274, 1045, 1135, 'SGW', 'FG-B055', 'T'),
(1275, 1045, 1135, 'SGW', 'FG-C070', 'J'),
(1276, 1045, 1135, 'SGW', 'H-400', 'M'),
(1277, 1615, 1730, 'SGW', 'H-553', 'T,J'),
(1278, 1745, 1835, 'SGW', 'EV-1.162', 'T'),
(1279, 1745, 1835, 'SGW', 'EV-3.309', 'T'),
(1280, 1845, 1935, 'SGW', 'EV-1.162', 'J'),
(1281, 1845, 1935, 'SGW', 'EV-3.309', 'J'),
(1282, 1745, 2015, 'SGW', 'FG-B060', 'M'),
(1283, 1745, 1835, 'SGW', 'EV-1.162', 'J'),
(1284, 1745, 1835, 'SGW', 'EV-3.309', 'J'),
(1285, 1845, 1935, 'SGW', 'EV-1.162', 'T'),
(1286, 1845, 1935, 'SGW', 'EV-3.309', 'T'),
(1287, 1315, 1430, 'SGW', 'MB-2.270', 'T,J'),
(1288, 1145, 1235, 'SGW', 'H-625', 'F'),
(1289, 1315, 1405, 'SGW', 'H-623', 'F'),
(1290, 1145, 1235, 'SGW', 'H-623', 'F'),
(1291, 845, 1000, 'SGW', 'FG-B060', 'W,F'),
(1292, 1315, 1405, 'SGW', 'H-621', 'F'),
(1293, 1515, 1605, 'SGW', 'H-627', 'F'),
(1294, 1315, 1405, 'SGW', 'MB-2.255', 'F'),
(1295, 1745, 2015, 'SGW', 'H-407', 'J'),
(1296, 2030, 2120, 'SGW', 'H-615', 'J'),
(1297, 2030, 2120, 'SGW', 'H-400', 'J'),
(1298, 1745, 1835, 'SGW', 'MB-S1.255', 'T'),
(1299, 1145, 1300, 'SGW', 'FG-B050', 'T,J'),
(1300, 1045, 1135, 'SGW', 'FG-B055', 'T'),
(1301, 1045, 1135, 'SGW', 'FG-C070', 'J'),
(1302, 1045, 1135, 'SGW', 'H-400', 'M'),
(1303, 1145, 1300, 'SGW', 'H-459', 'T,J'),
(1304, 1615, 1730, 'SGW', 'FG-B080', 'M,W'),
(1305, 1745, 2015, 'SGW', 'FG-B080', 'T');

-- --------------------------------------------------------

--
-- Table structure for table `tutorials`
--

DROP TABLE IF EXISTS `tutorials`;
CREATE TABLE IF NOT EXISTS `tutorials` (
  `id` int(11) NOT NULL AUTO_INCREMENT,
  `section` varchar(4) NOT NULL,
  `lecture_id` int(11) NOT NULL,
  `time_location_id` int(11) NOT NULL,
  PRIMARY KEY (`id`)
) ENGINE=InnoDB  DEFAULT CHARSET=latin1 AUTO_INCREMENT=715 ;

--
-- Dumping data for table `tutorials`
--

INSERT INTO `tutorials` (`id`, `section`, `lecture_id`, `time_location_id`) VALUES
(303, 'A', 235, 529),
(304, 'A', 236, 531),
(305, 'B', 236, 532),
(306, 'A', 237, 534),
(307, 'B', 237, 535),
(308, 'A', 238, 537),
(309, 'B', 238, 538),
(310, 'C', 238, 539),
(311, 'A', 239, 541),
(312, 'B', 239, 542),
(313, 'A', 240, 544),
(314, 'B', 240, 545),
(315, 'C', 240, 546),
(316, 'A', 241, 548),
(317, 'B', 241, 549),
(318, 'A', 242, 551),
(319, 'B', 242, 552),
(320, 'C', 242, 553),
(321, 'A', 243, 555),
(322, 'B', 243, 556),
(323, 'C', 243, 557),
(324, 'A', 244, 559),
(325, 'B', 244, 560),
(326, 'C', 244, 561),
(327, 'A', 245, 563),
(328, 'B', 245, 564),
(329, 'A', 246, 566),
(330, 'B', 246, 567),
(331, 'A', 247, 569),
(332, 'B', 247, 570),
(333, 'A', 248, 572),
(334, 'A', 249, 574),
(335, 'B', 249, 575),
(336, 'A', 250, 577),
(337, 'B', 250, 578),
(338, 'A', 251, 580),
(339, 'B', 251, 581),
(340, 'A', 252, 583),
(341, 'B', 252, 584),
(342, 'A', 253, 586),
(343, 'B', 253, 587),
(344, 'A', 254, 589),
(345, 'B', 254, 590),
(346, 'A', 255, 592),
(347, 'B', 255, 593),
(348, 'A', 256, 595),
(349, 'B', 256, 596),
(350, 'A', 257, 598),
(351, 'B', 257, 599),
(352, 'A', 258, 601),
(353, 'F', 258, 602),
(354, 'A', 259, 604),
(355, 'B', 259, 605),
(356, 'A', 272, 619),
(357, 'B', 272, 620),
(358, 'A', 273, 622),
(359, 'B', 273, 623),
(360, 'A', 274, 625),
(361, 'B', 274, 626),
(362, 'A', 275, 628),
(363, 'B', 275, 629),
(364, 'A', 276, 631),
(365, 'B', 276, 632),
(366, 'A', 277, 634),
(367, 'B', 277, 635),
(368, 'E', 278, 637),
(369, 'A', 279, 639),
(370, ' ', 292, 653),
(371, ' ', 293, 655),
(372, ' ', 294, 657),
(373, ' ', 295, 659),
(374, ' ', 296, 661),
(375, ' ', 297, 663),
(376, ' ', 298, 665),
(377, ' ', 299, 667),
(378, ' ', 300, 669),
(379, ' ', 301, 671),
(380, ' ', 302, 673),
(381, ' ', 303, 675),
(382, ' ', 304, 677),
(383, ' ', 305, 679),
(384, 'A', 350, 725),
(385, 'B', 350, 726),
(386, 'A', 351, 728),
(387, 'B', 351, 729),
(388, 'A', 355, 734),
(389, 'B', 355, 735),
(390, 'A', 358, 739),
(391, 'B', 358, 740),
(392, 'A', 360, 743),
(393, 'B', 360, 744),
(394, 'A', 361, 746),
(395, 'B', 361, 747),
(396, 'A', 362, 749),
(397, 'B', 362, 750),
(398, 'E', 363, 752),
(399, 'A', 364, 754),
(400, 'A', 371, 762),
(401, 'A', 373, 765),
(402, 'B', 373, 766),
(403, 'C', 373, 767),
(404, 'A', 374, 769),
(405, 'B', 374, 770),
(406, 'A', 375, 772),
(407, 'B', 375, 773),
(408, 'C', 375, 774),
(409, 'A', 376, 776),
(410, 'B', 376, 777),
(411, 'C', 376, 778),
(412, 'A', 377, 780),
(413, 'B', 377, 781),
(414, 'C', 377, 782),
(415, 'A', 378, 784),
(416, 'B', 378, 785),
(417, 'C', 378, 786),
(418, 'A', 379, 788),
(419, 'B', 379, 789),
(420, 'C', 379, 790),
(421, 'D', 379, 791),
(422, 'A', 380, 793),
(423, 'B', 380, 794),
(424, 'C', 380, 795),
(425, 'D', 380, 796),
(426, 'A', 381, 798),
(427, 'B', 381, 799),
(428, 'A', 382, 801),
(429, 'B', 382, 802),
(430, 'A', 383, 804),
(431, 'B', 383, 805),
(432, 'A', 384, 807),
(433, 'B', 384, 808),
(434, 'A', 385, 810),
(435, 'B', 385, 811),
(436, 'A', 386, 813),
(437, 'B', 386, 814),
(438, 'E', 387, 816),
(439, 'F', 387, 817),
(440, 'A', 388, 819),
(441, 'B', 388, 820),
(442, 'A', 389, 822),
(443, 'B', 389, 823),
(444, 'A', 390, 825),
(445, 'B', 390, 826),
(446, 'A', 391, 828),
(447, 'B', 391, 829),
(448, 'A', 392, 831),
(449, 'B', 392, 832),
(450, 'A', 393, 834),
(451, 'B', 393, 835),
(452, 'A', 394, 837),
(453, 'B', 394, 838),
(454, 'A', 395, 840),
(455, 'B', 395, 841),
(456, 'L', 396, 843),
(457, 'M', 396, 844),
(458, 'N', 396, 845),
(459, 'A', 397, 847),
(460, 'B', 397, 848),
(461, 'C', 397, 849),
(462, 'N', 398, 851),
(463, 'O', 398, 852),
(464, 'P', 398, 853),
(465, 'A', 401, 857),
(466, 'B', 401, 858),
(467, 'A', 402, 860),
(468, 'B', 402, 861),
(469, 'A', 403, 863),
(470, 'B', 403, 864),
(471, 'A', 404, 866),
(472, 'B', 404, 867),
(473, 'A', 405, 869),
(474, 'B', 405, 870),
(475, 'C', 405, 871),
(476, 'A', 406, 873),
(477, 'B', 406, 874),
(478, 'C', 406, 875),
(479, 'A', 407, 877),
(480, 'B', 407, 878),
(481, 'A', 408, 880),
(482, 'B', 408, 881),
(483, 'C', 408, 882),
(484, 'A', 409, 884),
(485, 'B', 409, 885),
(486, 'A', 410, 887),
(487, 'B', 410, 888),
(488, 'A', 411, 890),
(489, 'B', 411, 891),
(490, 'A', 412, 893),
(491, 'B', 412, 894),
(492, 'A', 413, 896),
(493, 'B', 413, 897),
(494, 'A', 414, 899),
(495, 'B', 414, 900),
(496, 'A', 415, 902),
(497, 'B', 415, 903),
(498, 'C', 415, 904),
(499, 'D', 415, 905),
(500, 'A', 416, 907),
(501, 'B', 416, 908),
(502, 'C', 416, 909),
(503, 'D', 416, 910),
(504, 'A', 417, 912),
(505, 'B', 417, 913),
(506, 'C', 417, 914),
(507, 'D', 417, 915),
(508, 'A', 418, 917),
(509, 'B', 418, 918),
(510, 'C', 418, 919),
(511, 'D', 418, 920),
(512, 'A', 419, 922),
(513, 'B', 419, 923),
(514, 'A', 420, 925),
(515, 'B', 420, 926),
(516, 'A', 426, 933),
(517, 'A', 427, 935),
(518, 'B', 427, 936),
(519, 'A', 428, 938),
(520, 'B', 428, 939),
(521, 'C', 428, 940),
(522, 'A', 429, 942),
(523, 'B', 429, 943),
(524, 'C', 429, 944),
(525, 'A', 430, 946),
(526, 'B', 430, 947),
(527, 'A', 431, 949),
(528, 'B', 431, 950),
(529, 'A', 432, 952),
(530, 'B', 432, 953),
(531, 'A', 433, 955),
(532, 'B', 433, 956),
(533, 'A', 434, 958),
(534, 'B', 434, 959),
(535, 'A', 435, 961),
(536, 'B', 435, 962),
(537, 'A', 436, 964),
(538, 'B', 436, 965),
(539, 'A', 437, 967),
(540, 'B', 437, 968),
(541, 'A', 438, 970),
(542, 'B', 438, 971),
(543, 'A', 439, 973),
(544, 'B', 439, 974),
(545, 'A', 440, 976),
(546, 'B', 440, 977),
(547, 'A', 441, 979),
(548, 'B', 441, 980),
(549, 'I', 442, 982),
(550, 'J', 442, 983),
(551, 'A', 443, 985),
(552, 'B', 443, 986),
(553, 'A', 444, 988),
(554, 'B', 444, 989),
(555, 'A', 445, 991),
(556, 'B', 445, 992),
(557, 'A', 446, 994),
(558, 'B', 446, 995),
(559, 'A', 450, 1000),
(560, 'B', 450, 1001),
(561, 'A', 453, 1005),
(562, 'B', 453, 1006),
(563, 'A', 461, 1015),
(564, 'B', 461, 1016),
(565, 'A', 462, 1018),
(566, 'B', 462, 1019),
(567, 'A', 463, 1021),
(568, 'B', 463, 1022),
(569, 'C', 463, 1023),
(570, 'A', 464, 1025),
(571, 'A', 465, 1027),
(572, 'B', 465, 1028),
(573, 'A', 466, 1030),
(574, 'B', 466, 1031),
(575, 'A', 467, 1033),
(576, 'B', 467, 1034),
(577, 'A', 468, 1036),
(578, 'B', 468, 1037),
(579, 'A', 469, 1039),
(580, 'B', 469, 1040),
(581, 'C', 469, 1041),
(582, 'A', 470, 1043),
(583, 'B', 470, 1044),
(584, 'A', 471, 1046),
(585, ' ', 481, 1057),
(586, ' ', 482, 1059),
(587, ' ', 483, 1061),
(588, ' ', 484, 1063),
(589, ' ', 485, 1065),
(590, ' ', 486, 1067),
(591, ' ', 487, 1069),
(592, ' ', 488, 1071),
(593, ' ', 489, 1073),
(594, ' ', 490, 1075),
(595, ' ', 491, 1077),
(596, ' ', 492, 1079),
(597, 'A', 537, 1125),
(598, 'B', 537, 1126),
(599, 'A', 542, 1132),
(600, 'B', 542, 1133),
(601, 'A', 544, 1136),
(602, 'A', 545, 1138),
(603, 'B', 545, 1139),
(604, 'A', 547, 1142),
(605, 'B', 547, 1143),
(606, 'A', 549, 1146),
(607, 'B', 549, 1147),
(608, 'A', 552, 1151),
(609, 'B', 552, 1152),
(610, 'A', 553, 1154),
(611, 'B', 553, 1155),
(612, 'A', 554, 1157),
(613, 'B', 554, 1158),
(614, 'A', 555, 1160),
(615, 'B', 555, 1161),
(616, 'E', 555, 1162),
(617, 'F', 555, 1163),
(618, 'A', 556, 1165),
(619, 'B', 556, 1166),
(620, 'C', 556, 1167),
(621, 'D', 556, 1168),
(622, 'A', 557, 1170),
(623, 'B', 557, 1171),
(624, 'A', 558, 1173),
(625, 'B', 558, 1174),
(626, 'A', 559, 1176),
(627, 'B', 559, 1177),
(628, 'A', 560, 1179),
(629, 'B', 560, 1180),
(630, 'A', 561, 1182),
(631, 'B', 561, 1183),
(632, 'A', 562, 1185),
(633, 'B', 562, 1186),
(634, 'A', 563, 1188),
(635, 'B', 563, 1189),
(636, 'A', 564, 1191),
(637, 'B', 564, 1192),
(638, 'A', 565, 1194),
(639, 'B', 565, 1195),
(640, 'A', 566, 1197),
(641, 'B', 566, 1198),
(642, 'A', 567, 1200),
(643, 'B', 567, 1201),
(644, 'A', 568, 1203),
(645, 'B', 568, 1204),
(646, 'A', 569, 1206),
(647, 'B', 569, 1207),
(648, 'A', 570, 1209),
(649, 'B', 570, 1210),
(650, 'A', 571, 1212),
(651, 'B', 571, 1213),
(652, 'A', 572, 1215),
(653, 'B', 572, 1216),
(654, 'C', 572, 1217),
(655, 'I', 573, 1219),
(656, 'J', 573, 1220),
(657, 'A', 574, 1222),
(658, 'B', 574, 1223),
(659, 'A', 575, 1225),
(660, 'B', 575, 1226),
(661, 'C', 575, 1227),
(662, 'N', 576, 1229),
(663, 'O', 576, 1230),
(664, 'P', 576, 1231),
(665, 'A', 579, 1235),
(666, 'B', 579, 1236),
(667, 'A', 580, 1238),
(668, 'B', 580, 1239),
(669, 'C', 580, 1240),
(670, 'A', 581, 1242),
(671, 'B', 581, 1243),
(672, 'C', 581, 1244),
(673, 'A', 582, 1246),
(674, 'B', 582, 1247),
(675, 'C', 582, 1248),
(676, 'A', 583, 1250),
(677, 'B', 583, 1251),
(678, 'C', 583, 1252),
(679, 'A', 584, 1254),
(680, 'A', 585, 1256),
(681, 'B', 585, 1257),
(682, 'A', 586, 1259),
(683, 'B', 586, 1260),
(684, 'A', 587, 1262),
(685, 'B', 587, 1263),
(686, 'A', 588, 1265),
(687, 'B', 588, 1266),
(688, 'A', 589, 1268),
(689, 'B', 589, 1269),
(690, 'A', 590, 1271),
(691, 'B', 590, 1272),
(692, 'A', 591, 1274),
(693, 'B', 591, 1275),
(694, 'C', 591, 1276),
(695, 'A', 592, 1278),
(696, 'B', 592, 1279),
(697, 'C', 592, 1280),
(698, 'D', 592, 1281),
(699, 'A', 593, 1283),
(700, 'B', 593, 1284),
(701, 'C', 593, 1285),
(702, 'D', 593, 1286),
(703, 'A', 594, 1288),
(704, 'B', 594, 1289),
(705, 'C', 594, 1290),
(706, 'A', 595, 1292),
(707, 'B', 595, 1293),
(708, 'C', 595, 1294),
(709, 'A', 596, 1296),
(710, 'B', 596, 1297),
(711, 'C', 596, 1298),
(712, 'A', 597, 1300),
(713, 'B', 597, 1301),
(714, 'C', 597, 1302);

/*!40101 SET CHARACTER_SET_CLIENT=@OLD_CHARACTER_SET_CLIENT */;
/*!40101 SET CHARACTER_SET_RESULTS=@OLD_CHARACTER_SET_RESULTS */;
/*!40101 SET COLLATION_CONNECTION=@OLD_COLLATION_CONNECTION */;
