-- phpMyAdmin SQL Dump
-- version 3.4.5
-- http://www.phpmyadmin.net
--
-- Host: localhost
-- Generation Time: Mar 23, 2012 at 12:26 AM
-- Server version: 5.5.16
-- PHP Version: 5.3.8

SET SQL_MODE="NO_AUTO_VALUE_ON_ZERO";
SET time_zone = "+00:00";


/*!40101 SET @OLD_CHARACTER_SET_CLIENT=@@CHARACTER_SET_CLIENT */;
/*!40101 SET @OLD_CHARACTER_SET_RESULTS=@@CHARACTER_SET_RESULTS */;
/*!40101 SET @OLD_COLLATION_CONNECTION=@@COLLATION_CONNECTION */;
/*!40101 SET NAMES utf8 */;

--
-- Database: `pasta`
--

-- --------------------------------------------------------

--
-- Table structure for table `completed_courses`
--

DROP TABLE IF EXISTS `completed_courses`;
CREATE TABLE IF NOT EXISTS `completed_courses` (
  `id` int(11) NOT NULL AUTO_INCREMENT,
  `student_id` int(11) NOT NULL,
  `course_id` int(11) NOT NULL,
  PRIMARY KEY (`id`)
) ENGINE=InnoDB  DEFAULT CHARSET=latin1 AUTO_INCREMENT=9 ;

--
-- Dumping data for table `completed_courses`
--

INSERT INTO `completed_courses` (`id`, `student_id`, `course_id`) VALUES
(1, 3, 2),
(2, 3, 4),
(3, 3, 5),
(4, 3, 7),
(5, 3, 9),
(6, 3, 10),
(7, 3, 11),
(8, 4, 3);

-- --------------------------------------------------------

--
-- Table structure for table `courses`
--

DROP TABLE IF EXISTS `courses`;
CREATE TABLE IF NOT EXISTS `courses` (
  `id` int(11) NOT NULL AUTO_INCREMENT,
  `code` varchar(6) NOT NULL,
  `number` int(11) NOT NULL,
  `credit` float NOT NULL,
  PRIMARY KEY (`id`)
) ENGINE=InnoDB  DEFAULT CHARSET=latin1 AUTO_INCREMENT=83 ;

--
-- Dumping data for table `courses`
--

INSERT INTO `courses` (`id`, `code`, `number`, `credit`) VALUES
(1, 'COMP', 348, 4),
(2, 'COMP', 249, 3),
(3, 'ENGR', 234, 4),
(4, 'ENGR', 201, 2),
(5, 'SOEN', 228, 4),
(6, 'ELEC', 275, 4),
(7, 'ENGR', 202, 1.5),
(8, 'SOEN', 490, 4),
(9, 'COMP', 248, 3),
(10, 'ENGR', 213, 3),
(11, 'ENGR', 232, 3),
(12, 'ENGR', 233, 3),
(13, 'SOEN', 341, 3),
(14, 'COMP', 352, 3),
(15, 'COMP', 108, 3),
(16, 'COMP', 201, 3),
(17, 'COMP', 208, 3),
(18, 'COMP', 218, 3),
(19, 'COMP', 228, 3),
(20, 'COMP', 233, 3),
(21, 'COMP', 248, 3),
(22, 'COMP', 249, 3),
(23, 'COMP', 335, 3),
(24, 'COMP', 339, 3),
(25, 'COMP', 345, 3),
(26, 'COMP', 346, 4),
(27, 'COMP', 348, 3),
(28, 'COMP', 352, 3),
(29, 'COMP', 353, 4),
(30, 'COMP', 354, 4),
(31, 'COMP', 361, 3),
(32, 'COMP', 371, 4),
(33, 'COMP', 376, 4),
(34, 'COMP', 445, 4),
(35, 'COMP', 451, 4),
(36, 'COMP', 472, 4),
(37, 'COMP', 473, 4),
(38, 'COMP', 474, 4),
(39, 'COMP', 478, 4),
(40, 'COMP', 479, 4),
(41, 'SOEN', 287, 3),
(42, 'SOEN', 341, 3),
(43, 'SOEN', 342, 3),
(44, 'SOEN', 343, 3),
(45, 'SOEN', 384, 3),
(46, 'SOEN', 422, 4),
(47, 'SOEN', 423, 4),
(48, 'COMP', 326, 3),
(49, 'COMP', 367, 3),
(50, 'COMP', 426, 4),
(51, 'COMP', 428, 4),
(52, 'COMP', 442, 4),
(53, 'COMP', 476, 4),
(54, 'COMP', 477, 4),
(55, 'SOEN', 228, 4),
(56, 'SOEN', 331, 3),
(57, 'SOEN', 344, 3),
(58, 'SOEN', 357, 3),
(59, 'SOEN', 385, 3),
(60, 'SOEN', 390, 3),
(61, 'MATH', 201, -1),
(62, 'MATH', 203, -1),
(63, 'MATH', 209, -1),
(64, 'MATH', 204, -1),
(65, 'MATH', 208, -1),
(66, 'COMP', 232, -1),
(67, 'MATH', 205, -1),
(68, 'COEN', 231, -1),
(69, 'COEN', 244, -1),
(70, 'ENCS', 282, -1),
(71, 'COEN', 352, -1),
(72, 'comp', 371, -1),
(73, 'ENGR', 371, -1),
(74, 'COMP', 229, -1),
(75, 'COEN', 311, -1),
(76, 'SOEN', 337, -1),
(77, 'COMP', 238, -1),
(78, 'MAST', 217, -1),
(79, 'MAST', 234, -1),
(80, 'ENGR', 391, -1),
(81, 'ENGR', 213, -1),
(82, 'ENGR', 233, -1);

-- --------------------------------------------------------

--
-- Table structure for table `labs`
--

DROP TABLE IF EXISTS `labs`;
CREATE TABLE IF NOT EXISTS `labs` (
  `id` int(11) NOT NULL AUTO_INCREMENT,
  `section` varchar(4) NOT NULL,
  `tutorial_id` int(11) NOT NULL,
  `time_location_id` int(11) NOT NULL,
  PRIMARY KEY (`id`)
) ENGINE=InnoDB  DEFAULT CHARSET=latin1 AUTO_INCREMENT=9 ;

--
-- Dumping data for table `labs`
--

INSERT INTO `labs` (`id`, `section`, `tutorial_id`, `time_location_id`) VALUES
(1, 'AC', 1, 1),
(2, 'AC', 1, 1),
(3, 'JC', 2, 2),
(4, 'JC', 3, 3),
(5, 'WC', 4, 4),
(6, 'LC', 5, 5),
(7, 'MC', 6, 6),
(8, 'IC', 7, 7);

-- --------------------------------------------------------

--
-- Table structure for table `lectures`
--

DROP TABLE IF EXISTS `lectures`;
CREATE TABLE IF NOT EXISTS `lectures` (
  `id` int(11) NOT NULL AUTO_INCREMENT,
  `section` varchar(4) NOT NULL,
  `professor` varchar(255) NOT NULL,
  `season` int(11) NOT NULL,
  `course_id` int(11) NOT NULL,
  `time_location_id` int(11) NOT NULL,
  PRIMARY KEY (`id`)
) ENGINE=InnoDB  DEFAULT CHARSET=latin1 AUTO_INCREMENT=82 ;

--
-- Dumping data for table `lectures`
--

INSERT INTO `lectures` (`id`, `section`, `professor`, `season`, `course_id`, `time_location_id`) VALUES
(3, 'AA', 'AIMAN HANNA', 2, 2, 1),
(4, 'JJ', 'JOHN SMITH', 2, 3, 2),
(5, 'WW', 'JOHN LEE', 2, 4, 5),
(6, 'LL', 'JACKIE CHAN', 2, 5, 6),
(7, 'MM', 'LIONEL MESSI', 2, 6, 7),
(8, 'II', 'JOHN PEACH', 2, 7, 8),
(9, 'DD', 'T.B.A.', 2, 16, 8),
(10, 'F', 'T.B.A.', 2, 18, 10),
(11, 'U', 'T.B.A.', 2, 19, 13),
(12, 'Q', 'T.B.A.', 2, 20, 16),
(13, 'Q', 'T.B.A.', 2, 21, 19),
(14, 'R', 'T.B.A.', 2, 21, 23),
(15, 'EE', 'T.B.A.', 2, 21, 27),
(16, 'D', 'T.B.A.', 2, 22, 31),
(17, 'G', 'T.B.A.', 2, 23, 34),
(18, 'EE', 'T.B.A.', 2, 23, 37),
(19, 'F', 'T.B.A.', 2, 24, 40),
(20, 'D', 'T.B.A.', 2, 25, 42),
(21, 'N', 'T.B.A.', 2, 25, 45),
(22, 'DD', 'T.B.A.', 2, 26, 48),
(23, 'UU', 'T.B.A.', 2, 26, 51),
(24, 'U', 'T.B.A.', 2, 27, 54),
(25, 'DD', 'T.B.A.', 2, 27, 57),
(26, 'G', 'T.B.A.', 2, 28, 60),
(27, 'H', 'T.B.A.', 2, 28, 63),
(28, 'F', 'T.B.A.', 2, 29, 66),
(29, 'E', 'T.B.A.', 2, 30, 69),
(30, 'DD', 'T.B.A.', 2, 31, 72),
(31, 'UU', 'T.B.A.', 2, 32, 75),
(32, 'XX', 'T.B.A.', 2, 33, 76),
(33, 'D', 'T.B.A.', 2, 34, 77),
(34, 'NN', 'T.B.A.', 2, 35, 78),
(35, 'F', 'T.B.A.', 2, 36, 79),
(36, 'DD', 'T.B.A.', 2, 37, 80),
(37, 'DD', 'T.B.A.', 2, 38, 81),
(38, 'DD', 'T.B.A.', 2, 39, 82),
(39, 'D', 'T.B.A.', 2, 40, 83),
(40, 'Q', 'T.B.A.', 2, 41, 84),
(41, 'H', 'T.B.A.', 2, 42, 87),
(42, 'H', 'T.B.A.', 2, 43, 90),
(43, 'H', 'T.B.A.', 2, 44, 93),
(44, 'F', 'T.B.A.', 2, 45, 96),
(45, 'MM', 'T.B.A.', 2, 46, 99),
(46, 'H', 'T.B.A.', 2, 47, 101),
(47, 'W', 'T.B.A.', 4, 18, 103),
(48, 'DD', 'T.B.A.', 4, 19, 106),
(49, 'PP', 'T.B.A.', 4, 19, 110),
(50, 'N', 'T.B.A.', 4, 20, 114),
(51, 'DD', 'T.B.A.', 4, 20, 117),
(52, 'U', 'T.B.A.', 4, 21, 120),
(53, 'U', 'T.B.A.', 4, 22, 123),
(54, 'PP', 'T.B.A.', 4, 22, 126),
(55, 'SS', 'T.B.A.', 4, 22, 129),
(56, 'DD', 'T.B.A.', 4, 48, 132),
(57, 'N', 'T.B.A.', 4, 23, 135),
(58, 'NN', 'T.B.A.', 4, 26, 138),
(59, 'E', 'T.B.A.', 4, 27, 141),
(60, 'X', 'T.B.A.', 4, 28, 144),
(61, 'X', 'T.B.A.', 4, 29, 147),
(62, 'PP', 'T.B.A.', 4, 30, 150),
(63, 'A', 'T.B.A.', 4, 49, 153),
(64, 'WW', 'T.B.A.', 4, 32, 154),
(65, 'N', 'T.B.A.', 4, 50, 155),
(66, 'N', 'T.B.A.', 4, 51, 156),
(67, 'NN', 'T.B.A.', 4, 52, 159),
(68, 'W', 'T.B.A.', 4, 34, 160),
(69, 'NN', 'T.B.A.', 4, 36, 161),
(70, 'UU', 'T.B.A.', 4, 38, 162),
(71, 'N', 'T.B.A.', 4, 53, 163),
(72, 'N', 'T.B.A.', 4, 54, 164),
(73, 'H', 'T.B.A.', 4, 55, 165),
(74, 'S', 'T.B.A.', 4, 41, 168),
(75, 'U', 'T.B.A.', 4, 41, 171),
(76, 'U', 'T.B.A.', 4, 56, 175),
(77, 'S', 'T.B.A.', 4, 42, 177),
(78, 'S', 'T.B.A.', 4, 57, 180),
(79, 'S', 'T.B.A.', 4, 58, 183),
(80, 'S', 'T.B.A.', 4, 59, 186),
(81, 'S', 'T.B.A.', 4, 60, 190);

-- --------------------------------------------------------

--
-- Table structure for table `logins`
--

DROP TABLE IF EXISTS `logins`;
CREATE TABLE IF NOT EXISTS `logins` (
  `id` int(11) unsigned NOT NULL AUTO_INCREMENT,
  `student_id` int(7) unsigned DEFAULT NULL,
  `password` char(40) DEFAULT NULL,
  `first_name` varchar(20) DEFAULT NULL,
  `last_name` varchar(20) DEFAULT NULL,
  `program` enum('soft_eng','mech_eng') DEFAULT 'soft_eng',
  PRIMARY KEY (`id`)
) ENGINE=InnoDB  DEFAULT CHARSET=latin1 AUTO_INCREMENT=9 ;

--
-- Dumping data for table `logins`
--

INSERT INTO `logins` (`id`, `student_id`, `password`, `first_name`, `last_name`, `program`) VALUES
(2, 5682061, '12345678', 'Charles', 'Yang', 'soft_eng'),
(3, 5682062, '7c222fb2927d828af22f592134e8932480637c0d', 'John', 'Doe', 'soft_eng'),
(4, 5682063, '7c222fb2927d828af22f592134e8932480637c0d', 'Charles', 'JuniorI', 'soft_eng'),
(5, 5682067, '7c222fb2927d828af22f592134e8932480637c0d', 'Charles Cho', 'Hello World', 'soft_eng'),
(6, 5682070, '7c222fb2927d828af22f592134e8932480637c0d', 'Charles Cho 54', 'Hello World', 'soft_eng'),
(7, 5682073, '7c222fb2927d828af22f592134e8932480637c0d', 'Jeremy', 'Lin', 'soft_eng'),
(8, 4758383, '7c222fb2927d828af22f592134e8932480637c0d', 'Eric', 'Chan', 'soft_eng');

-- --------------------------------------------------------

--
-- Table structure for table `prerequisites`
--

DROP TABLE IF EXISTS `prerequisites`;
CREATE TABLE IF NOT EXISTS `prerequisites` (
  `id` int(11) NOT NULL AUTO_INCREMENT,
  `course_id` int(11) NOT NULL,
  `required_course_id` int(11) NOT NULL,
  PRIMARY KEY (`id`)
) ENGINE=InnoDB  DEFAULT CHARSET=latin1 AUTO_INCREMENT=110 ;

--
-- Dumping data for table `prerequisites`
--

INSERT INTO `prerequisites` (`id`, `course_id`, `required_course_id`) VALUES
(1, 2, 9),
(2, 10, 12),
(3, 13, 8),
(4, 13, 1),
(5, 18, 61),
(6, 19, 21),
(7, 21, 64),
(8, 21, 65),
(9, 22, 66),
(10, 22, 21),
(11, 22, 62),
(12, 22, 63),
(13, 22, 64),
(14, 22, 65),
(15, 23, 66),
(16, 23, 22),
(17, 24, 66),
(18, 25, 28),
(19, 26, 19),
(20, 26, 55),
(21, 26, 28),
(22, 27, 22),
(23, 28, 66),
(24, 28, 22),
(25, 29, 28),
(26, 30, 28),
(27, 31, 66),
(28, 31, 22),
(29, 32, 25),
(30, 32, 69),
(31, 32, 28),
(32, 34, 26),
(33, 35, 29),
(34, 36, 28),
(35, 37, 28),
(36, 38, 28),
(37, 39, 28),
(38, 40, 20),
(39, 41, 21),
(40, 42, 28),
(41, 42, 70),
(42, 43, 42),
(43, 44, 42),
(44, 44, 43),
(45, 45, 70),
(46, 46, 26),
(47, 47, 26),
(48, 18, 61),
(49, 19, 21),
(50, 19, 62),
(51, 19, 63),
(52, 19, 64),
(53, 19, 65),
(54, 20, 66),
(55, 21, 64),
(56, 21, 65),
(57, 22, 66),
(58, 22, 21),
(59, 22, 62),
(60, 22, 63),
(61, 22, 64),
(62, 22, 65),
(63, 22, 67),
(64, 48, 26),
(65, 23, 66),
(66, 23, 68),
(67, 23, 22),
(68, 23, 69),
(69, 26, 19),
(70, 26, 55),
(71, 26, 28),
(72, 27, 22),
(73, 28, 66),
(74, 28, 22),
(75, 29, 28),
(76, 30, 28),
(77, 30, 70),
(78, 49, 21),
(79, 32, 25),
(80, 32, 69),
(81, 32, 28),
(82, 32, 71),
(83, 50, 26),
(84, 51, 26),
(85, 52, 74),
(86, 52, 75),
(87, 52, 23),
(88, 52, 28),
(89, 34, 26),
(90, 36, 28),
(91, 38, 28),
(92, 53, 31),
(93, 54, 31),
(94, 54, 80),
(95, 55, 62),
(96, 55, 63),
(97, 55, 64),
(98, 55, 65),
(99, 41, 21),
(100, 56, 66),
(101, 56, 22),
(102, 42, 74),
(103, 42, 75),
(104, 42, 28),
(105, 42, 70),
(106, 57, 44),
(107, 58, 43),
(108, 60, 57),
(109, 60, 58);

-- --------------------------------------------------------

--
-- Table structure for table `schedules`
--

DROP TABLE IF EXISTS `schedules`;
CREATE TABLE IF NOT EXISTS `schedules` (
  `id` int(11) NOT NULL AUTO_INCREMENT,
  `student_id` int(11) NOT NULL,
  `season` int(11) NOT NULL,
  `year` int(11) NOT NULL,
  `course_id` int(11) NOT NULL,
  `lecture_id` int(11) NOT NULL,
  `tutorial_id` int(11) NOT NULL,
  `lab_id` int(11) NOT NULL,
  PRIMARY KEY (`id`)
) ENGINE=InnoDB DEFAULT CHARSET=latin1 AUTO_INCREMENT=1 ;

-- --------------------------------------------------------

--
-- Table structure for table `time_locations`
--

DROP TABLE IF EXISTS `time_locations`;
CREATE TABLE IF NOT EXISTS `time_locations` (
  `id` int(11) NOT NULL AUTO_INCREMENT,
  `start_time` int(11) NOT NULL,
  `end_time` int(11) NOT NULL,
  `campus` varchar(6) NOT NULL,
  `room` varchar(10) NOT NULL,
  `day` set('M','T','W','J','F') NOT NULL,
  PRIMARY KEY (`id`)
) ENGINE=InnoDB  DEFAULT CHARSET=latin1 AUTO_INCREMENT=193 ;

--
-- Dumping data for table `time_locations`
--

INSERT INTO `time_locations` (`id`, `start_time`, `end_time`, `campus`, `room`, `day`) VALUES
(1, 1345, 1430, 'SGW', 'H-400', 'M,W'),
(2, 845, 1015, 'sgw', 'H-626', 'T,J'),
(3, 845, 1015, 'sgw', 'H-626', 'T,J'),
(4, 915, 1145, 'SGW', 'MB-11.55', 'T,J'),
(5, 1215, 1330, 'sgw', 'H-110', 'M,T'),
(6, 1745, 2015, 'SGW', 'H-820', 'T,J'),
(7, 1545, 1700, 'SGW', 'EV-15.100', 'W,J'),
(8, 1745, 2015, 'SGW', 'MB-2.265', 'T'),
(9, 2030, 2120, 'SGW', 'MB-S2.135', 'T'),
(10, 1315, 1430, 'SGW', 'MB-S1.115', 'M,W'),
(11, 1445, 1535, 'SGW', 'MB-S1.255', 'W'),
(12, 1445, 1535, 'SGW', 'MB-S1.255', 'M'),
(13, 1315, 1430, 'SGW', 'H-439', 'M,W'),
(14, 1445, 1625, 'SGW', 'H-632', 'M'),
(15, 1445, 1625, 'SGW', 'H-609', 'W'),
(16, 1315, 1430, 'SGW', 'FG-B070', 'W,F'),
(17, 1015, 1155, 'SGW', 'H-615', 'T'),
(18, 1015, 1155, 'SGW', 'H-529', 'T'),
(19, 1315, 1430, 'SGW', 'FG-B030', 'M,W'),
(20, 1015, 1155, 'SGW', 'H-607', 'M'),
(21, 1015, 1155, 'SGW', 'H-631', 'W'),
(22, 845, 1025, 'SGW', 'H-633', 'F'),
(23, 845, 1000, 'SGW', 'H-605', 'M,W'),
(24, 845, 1025, 'SGW', 'H-632', 'F'),
(25, 1015, 1155, 'SGW', 'H-619', 'M'),
(26, 1015, 1155, 'SGW', 'H-619', 'W'),
(27, 1745, 2015, 'SGW', 'H-605', 'F'),
(28, 2030, 2210, 'SGW', 'H-632', 'F'),
(29, 2030, 2210, 'SGW', 'H-634', 'F'),
(30, 1745, 1925, 'SGW', 'H-427', 'M'),
(31, 1445, 1600, 'SGW', 'MB-3.210', 'M,W'),
(32, 1245, 1425, 'SGW', 'MB-2.265', 'M'),
(33, 1615, 1755, 'SGW', 'MB-2.285', 'W'),
(34, 1145, 1300, 'SGW', 'H-629', 'T,J'),
(35, 1315, 1405, 'SGW', 'H-523', 'T'),
(36, 1315, 1405, 'SGW', 'MB-2.285', 'J'),
(37, 1745, 2015, 'SGW', 'H-629', 'F'),
(38, 2030, 2120, 'SGW', 'H-537', 'T'),
(39, 2030, 2120, 'SGW', 'H-403', 'J'),
(40, 1015, 1130, 'SGW', 'H-540', 'M,W'),
(41, 1145, 1335, 'SGW', 'H-605', 'M'),
(42, 1315, 1430, 'SGW', 'H-565', 'M,W'),
(43, 1315, 1505, 'SGW', 'MB-3.255', 'F'),
(44, 1445, 1605, 'SGW', 'H-544', 'W'),
(45, 1615, 1730, 'SGW', 'H-603', 'M,W'),
(46, 1745, 1935, 'SGW', 'H-621', 'M'),
(47, 1745, 1935, 'SGW', 'H-627', 'M'),
(48, 1745, 2015, 'SGW', 'H-439', 'T'),
(49, 2030, 2120, 'SGW', 'H-632', 'T'),
(50, 2030, 2120, 'SGW', 'H-634', 'T'),
(51, 1745, 2015, 'SGW', 'H-613', 'J'),
(52, 2030, 2120, 'SGW', 'H-564', 'J'),
(53, 2030, 2120, 'SGW', 'H-603', 'J'),
(54, 845, 1000, 'SGW', 'H-561', 'M,W'),
(55, 1015, 1105, 'SGW', 'H-439', 'M'),
(56, 1015, 1105, 'SGW', 'H-400', 'M'),
(57, 1745, 2015, 'SGW', 'FG-C080', 'W'),
(58, 1445, 1535, 'SGW', 'MB-3.255', 'T'),
(59, 1445, 1535, 'SGW', 'MB-S2.455', 'J'),
(60, 1145, 1300, 'SGW', 'FG-B030', 'W,F'),
(61, 1445, 1535, 'SGW', 'H-529', 'F'),
(62, 1145, 1235, 'SGW', 'H-529', 'M'),
(63, 1315, 1430, 'SGW', 'H-403', 'W,F'),
(64, 1445, 1535, 'SGW', 'MB-2.265', 'T'),
(65, 1445, 1535, 'SGW', 'H-615', 'J'),
(66, 1445, 1730, 'SGW', 'H-403', 'W'),
(67, 915, 1005, 'SGW', 'MB-2.265', 'W'),
(68, 915, 1005, 'SGW', 'MB-2.255', 'F'),
(69, 1145, 1300, 'SGW', 'H-401', 'T,J'),
(70, 1315, 1405, 'SGW', 'H-609', 'T'),
(71, 1315, 1405, 'SGW', 'H-427', 'T'),
(72, 1745, 2015, 'SGW', 'H-539', 'F'),
(73, 2030, 2120, 'SGW', 'H-437', 'F'),
(74, 2030, 2120, 'SGW', 'H-529', 'F'),
(75, 1745, 2015, 'SGW', 'H-633', 'T'),
(76, 1745, 2015, 'SGW', 'H-629', 'J'),
(77, 1015, 1130, 'SGW', 'H-459', 'M,W'),
(78, 1745, 2015, 'SGW', 'H-529', 'T'),
(79, 1145, 1300, 'SGW', 'FG-B080', 'M,W'),
(80, 1745, 2015, 'SGW', 'H-523', 'J'),
(81, 1745, 2015, 'SGW', 'H-544', 'F'),
(82, 1745, 2015, 'SGW', 'H-562', 'F'),
(83, 1315, 1430, 'SGW', 'H-427', 'M,W'),
(84, 845, 1000, 'SGW', 'H-401', 'T,J'),
(85, 1015, 1155, 'SGW', 'H-400', 'T'),
(86, 1815, 1955, 'SGW', 'FG-C070', 'J'),
(87, 1015, 1130, 'SGW', 'H-501', 'W,F'),
(88, 1145, 1235, 'SGW', 'H-537', 'F'),
(89, 1245, 1335, 'SGW', 'H-437', 'F'),
(90, 1145, 1300, 'SGW', 'H-423', 'W,F'),
(91, 1545, 1635, 'SGW', 'H-621', 'F'),
(92, 1545, 1635, 'SGW', 'H-529', 'F'),
(93, 1315, 1430, 'SGW', 'MB-S2.115', 'W,F'),
(94, 1445, 1535, 'SGW', 'MB-S2.135', 'F'),
(95, 1445, 1535, 'SGW', 'MB-3.265', 'F'),
(96, 1015, 1130, 'SGW', 'H-509', 'W,F'),
(97, 915, 1005, 'SGW', 'H-615', 'F'),
(98, 915, 1005, 'SGW', 'H-400', 'F'),
(99, 1745, 2015, 'SGW', 'MB-2.265', 'W'),
(100, 2020, 2105, 'SGW', 'MB-1.301', 'W'),
(101, 1315, 1430, 'SGW', 'H-623', 'T,J'),
(102, 1445, 1535, 'SGW', 'H-403', 'T'),
(103, 1315, 1430, 'SGW', 'MB-5.265', 'M,W'),
(104, 1445, 1535, 'SGW', 'MB-S2.105', 'W'),
(105, 1445, 1535, 'SGW', 'MB-3.255', 'M'),
(106, 1745, 2015, 'SGW', 'H-521', 'W'),
(107, 2030, 2210, 'SGW', 'H-632', 'W'),
(108, 2030, 2210, 'SGW', 'H-634', 'W'),
(109, 2030, 2210, 'SGW', 'H-634', 'M'),
(110, 1745, 2015, 'SGW', 'H-521', 'T'),
(111, 2030, 2210, 'SGW', 'H-633', 'T'),
(112, 2030, 2210, 'SGW', 'H-632', 'T'),
(113, 2030, 2210, 'SGW', 'H-634', 'T'),
(114, 1315, 1430, 'SGW', 'H-629', 'M,W'),
(115, 1445, 1635, 'SGW', 'H-625', 'M'),
(116, 1445, 1635, 'SGW', 'H-627', 'W'),
(117, 1745, 2015, 'SGW', 'H-459', 'M'),
(118, 1145, 1335, 'SGW', 'H-609', 'J'),
(119, 1145, 1335, 'SGW', 'H-529', 'T'),
(120, 1015, 1130, 'SGW', 'GN-M100', 'W,F'),
(121, 1145, 1325, 'SGW', 'H-540', 'F'),
(122, 1145, 1325, 'SGW', 'MB-S1.105', 'W'),
(123, 1015, 1130, 'SGW', 'H-423', 'W,F'),
(124, 1015, 1155, 'SGW', 'MB-S2.105', 'M'),
(125, 1145, 1325, 'SGW', 'H-529', 'W'),
(126, 1745, 2015, 'SGW', 'H-507', 'J'),
(127, 2030, 2210, 'SGW', 'H-507', 'J'),
(128, 1745, 1925, 'SGW', 'H-437', 'F'),
(129, 1745, 2015, 'SGW', 'H-631', 'F'),
(130, 1015, 1155, 'SGW', 'H-613', 'W'),
(131, 1145, 1325, 'SGW', 'MB-S2.445', 'M'),
(132, 1745, 2015, 'SGW', 'H-439', 'M'),
(133, 2030, 2120, 'SGW', 'H-632', 'M'),
(134, 2130, 2220, 'SGW', 'H-632', 'M'),
(135, 1145, 1300, 'SGW', 'H-540', 'T,J'),
(136, 1315, 1405, 'SGW', 'H-427', 'T'),
(137, 1315, 1405, 'SGW', 'H-441', 'J'),
(138, 1745, 2015, 'SGW', 'H-557', 'W'),
(139, 2030, 2120, 'SGW', 'H-557', 'W'),
(140, 2030, 2120, 'SGW', 'H-607', 'W'),
(141, 1445, 1600, 'SGW', 'H-629', 'M,W'),
(142, 1615, 1705, 'SGW', 'H-437', 'M'),
(143, 1615, 1705, 'SGW', 'H-540', 'W'),
(144, 1315, 1430, 'SGW', 'H-605', 'M,W'),
(145, 1615, 1705, 'SGW', 'MB-2.265', 'M'),
(146, 1615, 1705, 'SGW', 'MB-2.285', 'W'),
(147, 1315, 1430, 'SGW', 'H-603', 'M,W'),
(148, 1615, 1705, 'SGW', 'H-562', 'W'),
(149, 1615, 1705, 'SGW', 'H-544', 'W'),
(150, 1745, 2015, 'SGW', 'H-605', 'J'),
(151, 2030, 2120, 'SGW', 'H-603', 'J'),
(152, 2030, 2120, 'SGW', 'H-605', 'J'),
(153, 1145, 1300, 'SGW', 'FG-B080', 'T,J'),
(154, 1745, 2015, 'SGW', 'H-625', 'J'),
(155, 1445, 1730, 'SGW', 'MB-2.255', 'J'),
(156, 1145, 1300, 'SGW', 'H-439', 'T,J'),
(157, 1315, 1405, 'SGW', 'H-632', 'T'),
(158, 1315, 1405, 'SGW', 'H-562', 'J'),
(159, 1745, 2015, 'SGW', 'H-621', 'M'),
(160, 1315, 1430, 'SGW', 'H-501', 'M,W'),
(161, 1745, 2015, 'SGW', 'H-439', 'W'),
(162, 1745, 2015, 'SGW', 'H-621', 'W'),
(163, 1445, 1600, 'SGW', 'H-427', 'T,J'),
(164, 1315, 1430, 'SGW', 'H-562', 'M,W'),
(165, 1445, 1600, 'SGW', 'H-459', 'M,W'),
(166, 1615, 1755, 'SGW', 'H-427', 'W'),
(167, 1615, 1755, 'SGW', 'H-403', 'W'),
(168, 845, 1000, 'SGW', 'H-401', 'T,J'),
(169, 1015, 1155, 'SGW', 'H-623', 'T'),
(170, 1015, 1155, 'SGW', 'H-441', 'J'),
(171, 1445, 1600, 'SGW', 'H-509', 'T,J'),
(172, 1615, 1755, 'SGW', 'H-403', 'T'),
(173, 1615, 1755, 'SGW', 'H-401', 'J'),
(174, 1515, 1655, 'SGW', 'H-437', 'F'),
(175, 1615, 1730, 'SGW', 'H-544', 'T,J'),
(176, 1415, 1605, 'SGW', 'H-523', 'F'),
(177, 845, 1000, 'SGW', 'FG-B070', 'W,F'),
(178, 1215, 1305, 'SGW', 'H-627', 'F'),
(179, 1315, 1405, 'SGW', 'MB-2.265', 'F'),
(180, 1315, 1430, 'SGW', 'H-459', 'T,J'),
(181, 1445, 1535, 'SGW', 'H-523', 'J'),
(182, 1445, 1535, 'SGW', 'H-615', 'J'),
(183, 1015, 1130, 'SGW', 'H-633', 'W,F'),
(184, 1145, 1235, 'SGW', 'H-523', 'F'),
(185, 1145, 1235, 'SGW', 'H-441', 'F'),
(186, 1145, 1300, 'SGW', 'FG-B050', 'T,J'),
(187, 1045, 1135, 'SGW', 'FG-B055', 'T'),
(188, 1045, 1135, 'SGW', 'FG-C070', 'J'),
(189, 1045, 1135, 'SGW', 'H-400', 'M'),
(190, 1615, 1755, 'SGW', 'FG-B070', 'M'),
(191, 1815, 1905, 'SGW', 'H-529', 'M'),
(192, 1815, 1905, 'SGW', 'H-400', 'M');

-- --------------------------------------------------------

--
-- Table structure for table `tutorials`
--

DROP TABLE IF EXISTS `tutorials`;
CREATE TABLE IF NOT EXISTS `tutorials` (
  `id` int(11) NOT NULL AUTO_INCREMENT,
  `section` varchar(4) NOT NULL,
  `lecture_id` int(11) NOT NULL,
  `time_location_id` int(11) NOT NULL,
  PRIMARY KEY (`id`)
) ENGINE=InnoDB  DEFAULT CHARSET=latin1 AUTO_INCREMENT=120 ;

--
-- Dumping data for table `tutorials`
--

INSERT INTO `tutorials` (`id`, `section`, `lecture_id`, `time_location_id`) VALUES
(1, 'AB', 3, 1),
(2, 'AB', 3, 1),
(3, 'JB', 4, 7),
(4, 'WB', 5, 6),
(5, 'LB', 6, 5),
(6, 'MB', 7, 4),
(7, 'IB', 8, 3),
(8, 'A', 9, 9),
(9, 'A', 10, 11),
(10, 'B', 10, 12),
(11, 'A', 11, 14),
(12, 'B', 11, 15),
(13, 'A', 12, 17),
(14, 'B', 12, 18),
(15, 'A', 13, 20),
(16, 'B', 13, 21),
(17, 'C', 13, 22),
(18, 'A', 14, 24),
(19, 'B', 14, 25),
(20, 'C', 14, 26),
(21, 'A', 15, 28),
(22, 'B', 15, 29),
(23, 'C', 15, 30),
(24, 'A', 16, 32),
(25, 'B', 16, 33),
(26, 'A', 17, 35),
(27, 'B', 17, 36),
(28, 'A', 18, 38),
(29, 'B', 18, 39),
(30, 'A', 19, 41),
(31, 'A', 20, 43),
(32, 'B', 20, 44),
(33, 'A', 21, 46),
(34, 'B', 21, 47),
(35, 'A', 22, 49),
(36, 'B', 22, 50),
(37, 'A', 23, 52),
(38, 'B', 23, 53),
(39, 'A', 24, 55),
(40, 'B', 24, 56),
(41, 'A', 25, 58),
(42, 'B', 25, 59),
(43, 'A', 26, 61),
(44, 'B', 26, 62),
(45, 'A', 27, 64),
(46, 'B', 27, 65),
(47, 'A', 28, 67),
(48, 'B', 28, 68),
(49, 'A', 29, 70),
(50, 'F', 29, 71),
(51, 'A', 30, 73),
(52, 'B', 30, 74),
(53, 'A', 40, 85),
(54, 'B', 40, 86),
(55, 'A', 41, 88),
(56, 'B', 41, 89),
(57, 'A', 42, 91),
(58, 'B', 42, 92),
(59, 'A', 43, 94),
(60, 'B', 43, 95),
(61, 'A', 44, 97),
(62, 'B', 44, 98),
(63, 'E', 45, 100),
(64, 'A', 46, 102),
(65, 'A', 47, 104),
(66, 'B', 47, 105),
(67, 'A', 48, 107),
(68, 'B', 48, 108),
(69, 'C', 48, 109),
(70, 'A', 49, 111),
(71, 'B', 49, 112),
(72, 'C', 49, 113),
(73, 'A', 50, 115),
(74, 'B', 50, 116),
(75, 'A', 51, 118),
(76, 'B', 51, 119),
(77, 'A', 52, 121),
(78, 'B', 52, 122),
(79, 'A', 53, 124),
(80, 'B', 53, 125),
(81, 'A', 54, 127),
(82, 'B', 54, 128),
(83, 'A', 55, 130),
(84, 'B', 55, 131),
(85, 'A', 56, 133),
(86, 'B', 56, 134),
(87, 'A', 57, 136),
(88, 'B', 57, 137),
(89, 'A', 58, 139),
(90, 'B', 58, 140),
(91, 'I', 59, 142),
(92, 'J', 59, 143),
(93, 'A', 60, 145),
(94, 'B', 60, 146),
(95, 'A', 61, 148),
(96, 'B', 61, 149),
(97, 'A', 62, 151),
(98, 'B', 62, 152),
(99, 'A', 66, 157),
(100, 'B', 66, 158),
(101, 'A', 73, 166),
(102, 'B', 73, 167),
(103, 'A', 74, 169),
(104, 'B', 74, 170),
(105, 'A', 75, 172),
(106, 'B', 75, 173),
(107, 'C', 75, 174),
(108, 'A', 76, 176),
(109, 'A', 77, 178),
(110, 'B', 77, 179),
(111, 'A', 78, 181),
(112, 'B', 78, 182),
(113, 'A', 79, 184),
(114, 'B', 79, 185),
(115, 'A', 80, 187),
(116, 'B', 80, 188),
(117, 'C', 80, 189),
(118, 'A', 81, 191),
(119, 'B', 81, 192);

/*!40101 SET CHARACTER_SET_CLIENT=@OLD_CHARACTER_SET_CLIENT */;
/*!40101 SET CHARACTER_SET_RESULTS=@OLD_CHARACTER_SET_RESULTS */;
/*!40101 SET COLLATION_CONNECTION=@OLD_COLLATION_CONNECTION */;
