-- phpMyAdmin SQL Dump
-- version 3.4.5
-- http://www.phpmyadmin.net
--
-- Host: localhost
-- Generation Time: Apr 04, 2012 at 07:17 PM
-- Server version: 5.5.16
-- PHP Version: 5.3.8

SET SQL_MODE="NO_AUTO_VALUE_ON_ZERO";
SET time_zone = "+00:00";


/*!40101 SET @OLD_CHARACTER_SET_CLIENT=@@CHARACTER_SET_CLIENT */;
/*!40101 SET @OLD_CHARACTER_SET_RESULTS=@@CHARACTER_SET_RESULTS */;
/*!40101 SET @OLD_COLLATION_CONNECTION=@@COLLATION_CONNECTION */;
/*!40101 SET NAMES utf8 */;

--
-- Database: `pasta`
--

-- --------------------------------------------------------

--
-- Table structure for table `completed_courses`
--

DROP TABLE IF EXISTS `completed_courses`;
CREATE TABLE IF NOT EXISTS `completed_courses` (
  `id` int(11) NOT NULL AUTO_INCREMENT,
  `student_id` int(11) NOT NULL,
  `course_id` int(11) NOT NULL,
  PRIMARY KEY (`id`)
) ENGINE=InnoDB  DEFAULT CHARSET=latin1 AUTO_INCREMENT=519 ;

-- --------------------------------------------------------

--
-- Table structure for table `courses`
--

DROP TABLE IF EXISTS `courses`;
CREATE TABLE IF NOT EXISTS `courses` (
  `id` int(11) NOT NULL AUTO_INCREMENT,
  `code` varchar(6) NOT NULL,
  `number` int(11) NOT NULL,
  `credit` float DEFAULT NULL,
  `title` varchar(128) DEFAULT NULL,
  PRIMARY KEY (`id`)
) ENGINE=InnoDB  DEFAULT CHARSET=latin1 AUTO_INCREMENT=916 ;

--
-- Dumping data for table `courses`
--

INSERT INTO `courses` (`id`, `code`, `number`, `credit`, `title`) VALUES
(786, 'COMP', 108, 3, 'COMP INDUS EXPER REF LRNG I'),
(787, 'COMP', 201, 3, 'INTRODUCTION TO COMPUTING'),
(788, 'COMP', 208, 3, 'COMP INDUS EXPER REF LRNG II'),
(789, 'COMP', 218, 3, 'FUNDAMENTALS OF PROGRAMMING'),
(790, 'COMP', 228, 3, 'SYSTEM HARDWARE'),
(791, 'COMP', 232, 3, 'MATH. FOR COMPUTER SCIENCE'),
(792, 'COMP', 233, 3, 'PROB. & STATS. FOR COMP. SC.'),
(793, 'COMP', 248, 3, 'OBJ-ORIENTED PROGRAMMING I'),
(794, 'COMP', 249, 3, 'OBJ-ORIENTED PROGRAMMING II'),
(795, 'COMP', 335, 3, 'INTRO/THEORETICAL COMP SCI'),
(796, 'COMP', 339, 3, 'COMBINATORICS'),
(797, 'COMP', 345, 3, 'ADVANCED PROGRAM DESIGN, C++'),
(798, 'COMP', 346, 4, 'OPERATING SYSTEMS'),
(799, 'COMP', 348, 3, 'PRIN./PROGRAMMING LANGUAGES'),
(800, 'COMP', 352, 3, 'DATA STRUCTURES + ALGORITHMS'),
(801, 'COMP', 353, 4, 'DATABASES'),
(802, 'COMP', 354, 4, 'SOFTWARE ENGINEERING I'),
(803, 'COMP', 361, 3, 'ELEMENTARY NUMERICAL METHODS'),
(804, 'COMP', 371, 4, 'COMPUTER GRAPHICS'),
(805, 'COMP', 376, 4, 'INTRO. TO GAME DEVELOPMENT'),
(806, 'COMP', 445, 4, 'DATA COMM + COMP NETWORKS'),
(807, 'COMP', 472, 4, 'ARTIFICIAL INTELLIGENCE'),
(808, 'COMP', 473, 4, 'PATTERN RECOGNITION'),
(809, 'COMP', 474, 4, 'INTELLIGENT SYSTEMS'),
(810, 'COMP', 478, 4, 'IMAGE PROCESSING'),
(811, 'COMP', 479, 4, 'INFO. RETRIEVAL & WEB SEARCH'),
(812, 'COMP', 490, 3, 'COMPUTER SCIENCE PROJECT I'),
(813, 'COMP', 492, 3, 'COMPUTER SCIENCE PROJECT II'),
(814, 'COMP', 495, 1, 'HONOURS SEMINAR'),
(815, 'SOEN', 287, 3, 'WEB PROGRAMMING'),
(816, 'SOEN', 341, 3, 'SOFTWARE PROCESS'),
(817, 'SOEN', 342, 3, 'SW REQUIREMENTS + SPECS.'),
(818, 'SOEN', 343, 3, 'S.W. ARCHITECURE & DESIGN I'),
(819, 'SOEN', 384, 3, 'MGMT+QUALITY CTRL./SW DEV.'),
(820, 'SOEN', 387, 3, 'WEB-BASED ENTER. APP DESIGN'),
(821, 'SOEN', 422, 4, 'EMBEDDED SYSTEMS/SOFTWARE'),
(822, 'SOEN', 423, 4, 'DISTRIBUTED SYSTEMS'),
(823, 'SOEN', 490, 4, 'CAPSTONE SW ENGR DESIGN PROJ'),
(824, 'BIOL', 226, 3, 'BIODIVERSITY AND ECOLOGY'),
(825, 'CHEM', 217, 3, 'INTRO ANALYTICAL CHEMISTRY I'),
(826, 'CHEM', 221, 3, 'INTRO - ORGANIC CHEMISTRY I'),
(827, 'CHEM', 234, 3, 'PHYS.CHEM I:THERMODYNAMICS'),
(828, 'GEOL', 208, 3, 'THE EARTH, MOON AND PLANETS'),
(829, 'PHYS', 253, 3, 'ELECTRICITY & MAGNETISM I'),
(830, 'PHYS', 334, 3, 'THERMODYNAMICS'),
(831, 'AHSC', 241, 3, 'REC&LEIS IN CONTEMPORARY SOC'),
(832, 'ECON', 201, 3, 'INTRODUCTION-MICROECONOMICS'),
(833, 'ECON', 203, 3, 'INTRODUCTION-MACROECONOMICS'),
(834, 'EDUC', 230, 3, 'INTRO TO PHILOSOPHY OF EDUC'),
(835, 'GEOG', 203, 3, 'CANADIAN ENVIRONM TAL ISSUES'),
(836, 'GEOG', 204, 3, 'GLOBAL ENVIRONMENTAL ISSUES'),
(837, 'GEOG', 220, 3, 'PLACE, SPACE AND IDENTITY'),
(838, 'INST', 250, 3, 'INTRO TO LIB RES PRACTICES'),
(839, 'LING', 222, 3, 'LANG & MIND: CHOMSKYAN PROG'),
(840, 'LING', 300, 3, 'SOCIOLINGUISTICS'),
(841, 'POLI', 202, 3, 'INTRO TO POLITICAL SCIENCE'),
(842, 'POLI', 213, 3, 'CONTEMP ISSUES GLOBAL POLI'),
(843, 'RELI', 215, 3, 'RELIGIONS OF ASIA'),
(844, 'RELI', 216, 3, 'ENCOUNTERING RELIGIONS'),
(845, 'RELI', 310, 3, 'SELF & OTHER:&nbsp;&nbsp; Special Subject: IDENTITY& ETHICALDEVELOPMENT'),
(846, 'SCPA', 215, 3, 'ECON FOR PUB POL&COM DEV'),
(847, 'WSDB', 290, 3, 'INTRO TO HIST.PRSCPCTV IN WS'),
(848, 'WSDB', 291, 3, 'INTRO CNTMPRY PRSCPCTV IN WS'),
(849, 'ARTH', 353, 3, 'TECHNOLOGY & CONTEMP. ART'),
(850, 'ARTH', 354, 3, 'STUDIES/INTERDISC.VISUAL ART'),
(851, 'CLAS', 266, 3, 'INTRO CLASSICAL ARCHAEOLOGY'),
(852, 'COMS', 360, 3, 'MASS COMMUNICATION'),
(853, 'ENGL', 224, 3, 'THE CREATIVE PROCESS'),
(854, 'ENGL', 233, 3, 'CRITICAL READING'),
(855, 'FLIT', 230, 3, 'INTRO CULTURE FRANCOPHONE'),
(856, 'FMST', 214, 3, 'ENGLISH-CANADIAN FILM'),
(857, 'HIST', 201, 3, 'INTRO:EUROPEAN HIST TO 1789'),
(858, 'HIST', 281, 3, 'FILM IN HISTORY'),
(859, 'PHIL', 201, 3, 'PROBLEMS OF PHILOSOPHY'),
(860, 'PHIL', 210, 3, 'CRITICAL THINKING'),
(861, 'PHIL', 232, 3, 'INTRO TO  ETHICS'),
(862, 'PHIL', 233, 3, 'APPLIED ETHICS'),
(863, 'PHIL', 235, 3, 'BIOMEDICAL ETHICS'),
(864, 'PHIL', 275, 3, 'MODERN TO POSTMODERN'),
(865, 'PHIL', 330, 3, 'CONTEMPORARY ETHICAL THEORY'),
(866, 'THEO', 202, 3, 'INTRO. TO BIBLICAL STUDIES'),
(867, 'ADMI', 201, 3, 'INTRO TO ADMINISTRATION'),
(868, 'ADMI', 202, 3, 'PERSPECTIVE ON CANADIAN BUS'),
(869, 'MANA', 300, 3, 'ENTRPSHP:LAUNCH''G YOUR BSNSS'),
(870, 'MARK', 201, 3, 'INTRODUCTION TO MARKETING'),
(871, 'URBS', 230, 3, 'URBAN DEVELOPMENT'),
(872, 'COEN', 317, 4, 'MICROPROCESSOR SYSTEMS'),
(873, 'COEN', 320, 3, 'INTRO TO REAL-TIME SYSTEMS'),
(874, 'MECH', 480, 3, 'FLIGHT CONTROL SYSTEMS'),
(875, 'MECH', 482, 3, 'AVIONIC NAVIGATION SYSTEMS'),
(876, 'ENGR', 411, 1, 'SPECIAL TECHNICAL REPORT'),
(877, 'ENGR', 201, 1, 'PROFESS L. PRACTICE+RESPONS.'),
(878, 'ENGR', 213, 3, 'APP.ORDINARY DIFF.EQUATIONS'),
(879, 'ENGR', 233, 3, 'APPLIED ADVANCED CALCULUS'),
(880, 'ENCS', 282, 3, 'TECH. WRITING + COMMUNIC N.'),
(881, 'ENGR', 202, 1, 'SUSTAIN.DEV.+ENVIRO.STEWART.'),
(882, 'ELEC', 275, 3, 'PRINCIPLES OF ELEC. ENGG.'),
(883, 'ENGR', 371, 3, 'PROBABILITY+STATISTICS/ENGR.'),
(884, 'ENGR', 301, 3, 'ENGR.MGMT.PRINCIP.+ECONOMICS'),
(885, 'ENGR', 391, 3, 'NUMERICAL METHODS IN ENGR'),
(886, 'ENGR', 392, 3, 'IMPACT/TECHNOLOGY ON SOCIETY'),
(887, 'COMP', 326, 3, 'COMPUTER ARCHITECTURE'),
(888, 'COMP', 367, 3, 'TECH./SYMBOLIC COMPUTATIONS'),
(889, 'COMP', 426, 4, 'MULTICORE PROGRAMMING'),
(890, 'COMP', 428, 4, 'PARALLEL PROGRAMMING'),
(891, 'COMP', 442, 4, 'COMPILER DESIGN'),
(892, 'COMP', 465, 3, 'DESIGN+ANALYSIS/ALGORITHMS'),
(893, 'COMP', 476, 4, 'ADVANCED GAME DEVELOPMENT'),
(894, 'COMP', 477, 4, 'ANIMATION FOR COMPUTER GAMES'),
(895, 'SOEN', 228, 4, 'SYSTEM HARDWARE'),
(896, 'SOEN', 331, 3, 'INTRO TO FML MTHDS FOR SOEN'),
(897, 'SOEN', 344, 3, 'S.W. ARCHITECURE & DESIGN II'),
(898, 'SOEN', 345, 3, 'S.W. TESTING, VERIF & QA'),
(899, 'SOEN', 357, 3, 'USER INTERFACE DESIGN'),
(900, 'SOEN', 385, 3, 'CONTROL SYSTEMS+APPLICATIONS'),
(901, 'SOEN', 390, 3, 'SOFTWARE ENGR. TEAM PROJECT'),
(902, 'SOEN', 487, 4, 'WEB SERVICES & APPLICATIONS'),
(903, 'BIOL', 206, 3, 'ELEMENTARY GENETICS'),
(904, 'CHEM', 209, 3, 'DISCOVERING BIOTECHNOLOGY'),
(905, 'PHYS', 252, 3, 'OPTICS'),
(906, 'PHYS', 354, 3, 'ELECTRICITY & MAGNETISM II'),
(907, 'ENCS', 283, 3, 'INN.&CRITICL THKNG SCI&TECH'),
(908, 'GEOG', 210, 3, 'GEOGRAPHY OF GLOBAL CHANGE'),
(909, 'RELI', 214, 3, 'RELIGIONS OF THE WEST'),
(910, 'RELI', 312, 3, 'JUSTICE & SOCIAL CONFLICT'),
(911, 'SOCI', 203, 3, 'INTRODUCTION TO SOCIETY'),
(912, 'FLIT', 240, 3, 'INTRO LITT FRANCOPHONE'),
(913, 'HIST', 202, 3, 'INTRO:EUROPEAN 1789-PRESENT'),
(914, 'HIST', 205, 3, 'CANADA: POST-CONFEDERATION'),
(915, 'THEO', 233, 3, 'RELG. PLURALISM/SECULAR CULT');

-- --------------------------------------------------------

--
-- Table structure for table `labs`
--

DROP TABLE IF EXISTS `labs`;
CREATE TABLE IF NOT EXISTS `labs` (
  `id` int(11) NOT NULL AUTO_INCREMENT,
  `section` varchar(4) NOT NULL,
  `tutorial_id` int(11) NOT NULL,
  `time_location_id` int(11) NOT NULL,
  PRIMARY KEY (`id`)
) ENGINE=InnoDB  DEFAULT CHARSET=latin1 AUTO_INCREMENT=9 ;

-- --------------------------------------------------------

--
-- Table structure for table `lectures`
--

DROP TABLE IF EXISTS `lectures`;
CREATE TABLE IF NOT EXISTS `lectures` (
  `id` int(11) NOT NULL AUTO_INCREMENT,
  `section` varchar(4) NOT NULL,
  `professor` varchar(255) NOT NULL,
  `season` int(11) NOT NULL,
  `course_id` int(11) NOT NULL,
  `time_location_id` int(11) NOT NULL,
  PRIMARY KEY (`id`)
) ENGINE=InnoDB  DEFAULT CHARSET=latin1 AUTO_INCREMENT=1623 ;

--
-- Dumping data for table `lectures`
--

INSERT INTO `lectures` (`id`, `section`, `professor`, `season`, `course_id`, `time_location_id`) VALUES
(1333, 'DD', 'T.B.A.', 2, 787, 2862),
(1334, 'F', 'T.B.A.', 2, 789, 2864),
(1335, 'U', 'T.B.A.', 2, 790, 2867),
(1336, 'Q', 'T.B.A.', 2, 791, 2870),
(1337, 'R', 'T.B.A.', 2, 791, 2874),
(1338, 'DD', 'T.B.A.', 2, 791, 2877),
(1339, 'Q', 'T.B.A.', 2, 792, 2881),
(1340, 'Q', 'T.B.A.', 2, 793, 2884),
(1341, 'R', 'T.B.A.', 2, 793, 2888),
(1342, 'EE', 'T.B.A.', 2, 793, 2892),
(1343, 'D', 'T.B.A.', 2, 794, 2896),
(1344, 'G', 'T.B.A.', 2, 795, 2899),
(1345, 'EE', 'T.B.A.', 2, 795, 2902),
(1346, 'F', 'T.B.A.', 2, 796, 2905),
(1347, 'D', 'T.B.A.', 2, 797, 2907),
(1348, 'N', 'T.B.A.', 2, 797, 2910),
(1349, 'DD', 'T.B.A.', 2, 798, 2913),
(1350, 'UU', 'T.B.A.', 2, 798, 2916),
(1351, 'U', 'T.B.A.', 2, 799, 2919),
(1352, 'DD', 'T.B.A.', 2, 799, 2922),
(1353, 'G', 'T.B.A.', 2, 800, 2925),
(1354, 'H', 'T.B.A.', 2, 800, 2928),
(1355, 'F', 'T.B.A.', 2, 801, 2931),
(1356, 'E', 'T.B.A.', 2, 802, 2934),
(1357, 'DD', 'T.B.A.', 2, 803, 2937),
(1358, 'UU', 'T.B.A.', 2, 804, 2940),
(1359, 'XX', 'T.B.A.', 2, 805, 2941),
(1360, 'D', 'T.B.A.', 2, 806, 2942),
(1361, 'F', 'T.B.A.', 2, 807, 2943),
(1362, 'DD', 'T.B.A.', 2, 808, 2944),
(1363, 'DD', 'T.B.A.', 2, 809, 2945),
(1364, 'DD', 'T.B.A.', 2, 810, 2946),
(1365, 'D', 'T.B.A.', 2, 811, 2947),
(1366, 'C', 'T.B.A.', 2, 812, 2948),
(1367, 'DD', 'T.B.A.', 2, 813, 2949),
(1368, 'C', 'T.B.A.', 2, 814, 2950),
(1369, 'Q', 'T.B.A.', 2, 815, 2951),
(1370, 'H', 'T.B.A.', 2, 816, 2954),
(1371, 'H', 'T.B.A.', 2, 817, 2957),
(1372, 'H', 'T.B.A.', 2, 818, 2960),
(1373, 'F', 'T.B.A.', 2, 819, 2963),
(1374, 'F', 'T.B.A.', 2, 820, 2966),
(1375, 'MM', 'T.B.A.', 2, 821, 2969),
(1376, 'H', 'T.B.A.', 2, 822, 2971),
(1377, 'SS', 'T.B.A.', 2, 823, 2973),
(1378, '01', 'GRANT, JAMES          ', 2, 824, 2974),
(1379, '01', 'T.B.A.', 2, 825, 2975),
(1380, '51', 'T.B.A.', 2, 825, 2976),
(1381, '01', 'T.B.A.', 2, 826, 2977),
(1382, '51', 'T.B.A.', 2, 826, 2978),
(1383, '01', 'LAWRENCE, MARCUS', 2, 827, 2979),
(1384, '51', 'LAMOUREUX, GUILLAUME', 2, 827, 2980),
(1385, 'AA', 'T.B.A.', 2, 828, 2981),
(1386, '01', 'SHIN, JOSEPH          ', 2, 829, 2982),
(1387, '01', 'KALMAN, LASZLO        ', 2, 830, 2983),
(1388, '01', 'T.B.A.', 2, 831, 2984),
(1389, 'A', 'T.B.A.', 2, 832, 2985),
(1390, 'B', 'T.B.A.', 2, 832, 2987),
(1391, 'C', 'T.B.A.', 2, 832, 2989),
(1392, 'D', 'T.B.A.', 2, 832, 2991),
(1393, 'V', 'T.B.A.', 2, 832, 2993),
(1394, 'X', 'T.B.A.', 2, 832, 2995),
(1395, 'Y', 'T.B.A.', 2, 832, 2997),
(1396, 'Z', 'T.B.A.', 2, 832, 2999),
(1397, 'A', 'T.B.A.', 2, 833, 3001),
(1398, 'B', 'T.B.A.', 2, 833, 3003),
(1399, 'W', 'T.B.A.', 2, 833, 3005),
(1400, 'X', 'T.B.A.', 2, 833, 3007),
(1401, 'Y', 'T.B.A.', 2, 833, 3009),
(1402, 'Z', 'T.B.A.', 2, 833, 3011),
(1403, 'BB', 'T.B.A.', 2, 834, 3013),
(1404, 'A', 'T.B.A.', 2, 835, 3014),
(1405, 'AA', 'T.B.A.', 2, 836, 3015),
(1406, 'A', 'GOULD, KEVIN          ', 2, 837, 3016),
(1407, 'AA', 'T.B.A.', 2, 838, 3017),
(1408, 'A', 'ISAC, DANIELA         ', 2, 839, 3018),
(1409, 'AA', 'TEFFETELLER, ANNETTE  ', 2, 840, 3019),
(1410, 'A', 'T.B.A.', 2, 842, 3020),
(1411, 'A', 'T.B.A.', 2, 843, 3021),
(1412, 'A', 'LALONDE, MARC', 2, 845, 3022),
(1413, 'A', 'T.B.A.', 2, 846, 3023),
(1414, 'B', 'MAILLÉ, CHANTAL       ', 2, 847, 3024),
(1415, 'AA', 'T.B.A.', 2, 847, 3025),
(1416, 'A', 'MAHROUSE, GADA        ', 2, 848, 3026),
(1417, 'A', 'T.B.A.', 2, 849, 3027),
(1418, 'A', 'T.B.A.', 2, 850, 3028),
(1419, 'A', 'T.B.A.', 2, 851, 3029),
(1420, '51', 'T.B.A.', 2, 852, 3030),
(1421, 'A', 'T.B.A.', 2, 853, 3031),
(1422, 'B', 'T.B.A.', 2, 853, 3032),
(1423, 'C', 'T.B.A.', 2, 853, 3033),
(1424, 'A', 'T.B.A.', 2, 854, 3034),
(1425, 'A', 'VADEAN, MIRELLA ALINA', 2, 855, 3035),
(1426, 'A', 'T.B.A.', 2, 856, 3036),
(1427, 'X', 'MCCORMICK, TED        ', 2, 857, 3037),
(1428, 'Y', 'MCSHEFFREY, SHANNON   ', 2, 857, 3038),
(1429, 'XX', 'T.B.A.', 2, 857, 3039),
(1430, 'AA', 'BODE, FREDERICK       ', 2, 858, 3040),
(1431, 'A', 'T.B.A.', 2, 859, 3041),
(1432, 'A', 'GILABERT, PABLO       ', 2, 861, 3042),
(1433, 'A', 'T.B.A.', 2, 862, 3043),
(1434, 'A', 'T.B.A.', 2, 864, 3044),
(1435, 'A', 'GILABERT, PABLO       ', 2, 865, 3045),
(1436, 'A', 'T.B.A.', 2, 866, 3046),
(1437, 'A', 'T.B.A.', 2, 867, 3047),
(1438, 'A', 'T.B.A.', 2, 868, 3048),
(1439, 'A', 'T.B.A.', 2, 869, 3049),
(1440, 'A', 'T.B.A.', 2, 870, 3050),
(1441, 'B', 'T.B.A.', 2, 870, 3051),
(1442, 'C', 'T.B.A.', 2, 870, 3052),
(1443, '01', 'T.B.A.', 2, 870, 3053),
(1444, '51', 'T.B.A.', 2, 870, 3054),
(1445, 'AA', 'T.B.A.', 2, 870, 3055),
(1446, 'A', 'TOWNSEND, CRAIG       ', 2, 871, 3056),
(1447, 'U', 'T.B.A.', 2, 872, 3057),
(1448, 'S', 'T.B.A.', 2, 873, 3058),
(1449, 'XX', 'T.B.A.', 2, 874, 3061),
(1450, 'M', 'T.B.A.', 2, 875, 3062),
(1451, 'F', 'T.B.A.', 2, 876, 3063),
(1452, 'G', 'T.B.A.', 2, 877, 3064),
(1453, 'H', 'T.B.A.', 2, 877, 3069),
(1454, 'P', 'T.B.A.', 2, 878, 3074),
(1455, 'R', 'T.B.A.', 2, 878, 3077),
(1456, 'T', 'T.B.A.', 2, 878, 3080),
(1457, 'U', 'T.B.A.', 2, 878, 3083),
(1458, 'V', 'T.B.A.', 2, 878, 3086),
(1459, 'X', 'T.B.A.', 2, 878, 3089),
(1460, 'XX', 'T.B.A.', 2, 878, 3092),
(1461, 'P', 'T.B.A.', 2, 879, 3095),
(1462, 'Q', 'T.B.A.', 2, 879, 3098),
(1463, 'A', 'T.B.A.', 2, 880, 3101),
(1464, 'B', 'T.B.A.', 2, 880, 3105),
(1465, 'BB', 'T.B.A.', 2, 880, 3109),
(1466, 'G', 'T.B.A.', 2, 881, 3113),
(1467, 'H', 'T.B.A.', 2, 881, 3114),
(1468, 'T', 'T.B.A.', 2, 882, 3115),
(1469, 'V', 'T.B.A.', 2, 882, 3118),
(1470, 'R', 'T.B.A.', 2, 883, 3121),
(1471, 'S', 'T.B.A.', 2, 883, 3125),
(1472, 'V', 'T.B.A.', 2, 883, 3129),
(1473, 'FF', 'T.B.A.', 2, 883, 3132),
(1474, 'G', 'T.B.A.', 2, 884, 3136),
(1475, 'H', 'T.B.A.', 2, 884, 3141),
(1476, 'FF', 'T.B.A.', 2, 884, 3146),
(1477, 'II', 'T.B.A.', 2, 884, 3151),
(1478, 'F', 'T.B.A.', 2, 885, 3156),
(1479, 'S', 'T.B.A.', 2, 885, 3159),
(1480, 'D', 'T.B.A.', 2, 886, 3162),
(1481, 'F', 'T.B.A.', 2, 886, 3163),
(1482, 'EE', 'T.B.A.', 2, 886, 3164),
(1483, 'QQ', 'T.B.A.', 4, 787, 3165),
(1484, 'W', 'T.B.A.', 4, 789, 3167),
(1485, 'DD', 'T.B.A.', 4, 790, 3170),
(1486, 'PP', 'T.B.A.', 4, 790, 3174),
(1487, 'S', 'T.B.A.', 4, 791, 3178),
(1488, 'NN', 'T.B.A.', 4, 791, 3181),
(1489, 'N', 'T.B.A.', 4, 792, 3184),
(1490, 'DD', 'T.B.A.', 4, 792, 3187),
(1491, 'U', 'T.B.A.', 4, 793, 3190),
(1492, 'U', 'T.B.A.', 4, 794, 3193),
(1493, 'PP', 'T.B.A.', 4, 794, 3196),
(1494, 'SS', 'T.B.A.', 4, 794, 3199),
(1495, 'DD', 'T.B.A.', 4, 887, 3202),
(1496, 'N', 'T.B.A.', 4, 795, 3205),
(1497, 'S', 'T.B.A.', 4, 797, 3208),
(1498, 'NN', 'T.B.A.', 4, 798, 3211),
(1499, 'E', 'T.B.A.', 4, 799, 3214),
(1500, 'X', 'T.B.A.', 4, 800, 3217),
(1501, 'X', 'T.B.A.', 4, 801, 3220),
(1502, 'PP', 'T.B.A.', 4, 802, 3223),
(1503, 'NN', 'T.B.A.', 4, 803, 3226),
(1504, 'A', 'T.B.A.', 4, 888, 3229),
(1505, 'WW', 'T.B.A.', 4, 804, 3230),
(1506, 'N', 'T.B.A.', 4, 889, 3231),
(1507, 'N', 'T.B.A.', 4, 890, 3232),
(1508, 'NN', 'T.B.A.', 4, 891, 3235),
(1509, 'W', 'T.B.A.', 4, 806, 3236),
(1510, 'N', 'T.B.A.', 4, 892, 3237),
(1511, 'NN', 'T.B.A.', 4, 807, 3240),
(1512, 'UU', 'T.B.A.', 4, 809, 3241),
(1513, 'N', 'T.B.A.', 4, 893, 3242),
(1514, 'N', 'T.B.A.', 4, 894, 3243),
(1515, 'P', 'T.B.A.', 4, 812, 3244),
(1516, 'P', 'T.B.A.', 4, 813, 3245),
(1517, 'P', 'T.B.A.', 4, 814, 3246),
(1518, 'H', 'T.B.A.', 4, 895, 3247),
(1519, 'S', 'T.B.A.', 4, 815, 3250),
(1520, 'U', 'T.B.A.', 4, 815, 3253),
(1521, 'U', 'T.B.A.', 4, 896, 3257),
(1522, 'S', 'T.B.A.', 4, 816, 3259),
(1523, 'S', 'T.B.A.', 4, 897, 3262),
(1524, 'S', 'T.B.A.', 4, 898, 3265),
(1525, 'S', 'T.B.A.', 4, 899, 3268),
(1526, 'S', 'T.B.A.', 4, 900, 3271),
(1527, 'S', 'T.B.A.', 4, 901, 3275),
(1528, 'NN', 'T.B.A.', 4, 902, 3278),
(1529, '01', 'T.B.A.', 4, 903, 3280),
(1530, '02', 'WELADJI, ROBERT       ', 4, 824, 3281),
(1531, 'AA', 'JOYCE, PAUL', 4, 904, 3282),
(1532, '02', 'T.B.A.', 4, 826, 3283),
(1533, '52', 'OH, JUNG', 4, 826, 3284),
(1534, '02', 'LAMOUREUX, GUILLAUME', 4, 827, 3285),
(1535, '01', 'ZAZUBOVITS, VALTER    ', 4, 905, 3286),
(1536, '01', 'SHIN, JOSEPH          ', 4, 906, 3287),
(1537, '02', 'T.B.A.', 4, 831, 3288),
(1538, 'E', 'T.B.A.', 4, 832, 3289),
(1539, 'F', 'T.B.A.', 4, 832, 3291),
(1540, 'W', 'T.B.A.', 4, 832, 3293),
(1541, 'Y', 'T.B.A.', 4, 832, 3295),
(1542, 'Z', 'T.B.A.', 4, 832, 3297),
(1543, 'C', 'T.B.A.', 4, 833, 3299),
(1544, 'D', 'T.B.A.', 4, 833, 3301),
(1545, 'E', 'T.B.A.', 4, 833, 3303),
(1546, 'V', 'T.B.A.', 4, 833, 3305),
(1547, 'W', 'T.B.A.', 4, 833, 3307),
(1548, 'X', 'T.B.A.', 4, 833, 3309),
(1549, 'Y', 'T.B.A.', 4, 833, 3311),
(1550, 'CC', 'T.B.A.', 4, 834, 3313),
(1551, 'WW', 'T.B.A.', 4, 907, 3314),
(1552, 'AA', 'T.B.A.', 4, 836, 3315),
(1553, 'A', 'T.B.A.', 4, 908, 3316),
(1554, 'A', 'NASH, ALAN            ', 4, 837, 3317),
(1555, 'AA', 'T.B.A.', 4, 837, 3318),
(1556, '51', 'T.B.A.', 4, 838, 3319),
(1557, 'B', 'REISS, CHARLES        ', 4, 839, 3320),
(1558, 'A', 'SCALA,FRANCESCA       ', 4, 841, 3321),
(1559, 'A', 'T.B.A.', 4, 909, 3322),
(1560, 'BB', 'T.B.A.', 4, 843, 3323),
(1561, 'A', 'T.B.A.', 4, 910, 3324),
(1562, 'C', 'T.B.A.', 4, 911, 3325),
(1563, 'D', 'T.B.A.', 4, 911, 3326),
(1564, 'BB', 'T.B.A.', 4, 911, 3327),
(1565, 'A', 'T.B.A.', 4, 847, 3328),
(1566, 'B', 'MAILLÉ, CHANTAL       ', 4, 848, 3329),
(1567, 'AA', 'T.B.A.', 4, 848, 3330),
(1568, 'AA', 'T.B.A.', 4, 849, 3331),
(1569, 'AA', 'T.B.A.', 4, 851, 3332),
(1570, '01', 'T.B.A.', 4, 852, 3333),
(1571, 'D', 'T.B.A.', 4, 853, 3334),
(1572, 'AA', 'T.B.A.', 4, 853, 3335),
(1573, 'B', 'T.B.A.', 4, 854, 3336),
(1574, 'A', 'T.B.A.', 4, 912, 3337),
(1575, 'X', 'BERGHOLZ, MAX         ', 4, 913, 3338),
(1576, 'Y', 'ROWLEY, ALISON        ', 4, 913, 3339),
(1577, 'XX', 'T.B.A.', 4, 913, 3340),
(1578, 'A', 'GOSSAGE, PETER        ', 4, 914, 3341),
(1579, 'AA', 'T.B.A.', 4, 914, 3342),
(1580, 'B', 'T.B.A.', 4, 859, 3343),
(1581, 'B', 'T.B.A.', 4, 861, 3344),
(1582, 'A', 'T.B.A.', 4, 866, 3345),
(1583, 'A', 'T.B.A.', 4, 915, 3346),
(1584, 'B', 'T.B.A.', 4, 867, 3347),
(1585, 'AA', 'T.B.A.', 4, 867, 3348),
(1586, 'B', 'T.B.A.', 4, 868, 3349),
(1587, 'B', 'T.B.A.', 4, 869, 3350),
(1588, 'D', 'T.B.A.', 4, 870, 3351),
(1589, 'E', 'T.B.A.', 4, 870, 3352),
(1590, 'F', 'T.B.A.', 4, 870, 3353),
(1591, '02', 'T.B.A.', 4, 870, 3354),
(1592, 'BB', 'T.B.A.', 4, 870, 3355),
(1593, 'A', 'TOWNSEND, CRAIG       ', 4, 871, 3356),
(1594, 'W', 'T.B.A.', 4, 876, 3357),
(1595, 'Q', 'T.B.A.', 4, 877, 3358),
(1596, 'S', 'T.B.A.', 4, 877, 3363),
(1597, 'F', 'T.B.A.', 4, 878, 3368),
(1598, 'G', 'T.B.A.', 4, 878, 3371),
(1599, 'J', 'T.B.A.', 4, 878, 3374),
(1600, 'J', 'T.B.A.', 4, 879, 3377),
(1601, 'R', 'T.B.A.', 4, 879, 3380),
(1602, 'S', 'T.B.A.', 4, 879, 3383),
(1603, 'T', 'T.B.A.', 4, 879, 3386),
(1604, 'U', 'T.B.A.', 4, 879, 3389),
(1605, 'V', 'T.B.A.', 4, 879, 3392),
(1606, 'X', 'T.B.A.', 4, 879, 3395),
(1607, 'Y', 'T.B.A.', 4, 880, 3398),
(1608, 'EE', 'T.B.A.', 4, 880, 3402),
(1609, 'R', 'T.B.A.', 4, 881, 3406),
(1610, 'SS', 'T.B.A.', 4, 881, 3407),
(1611, 'JJ', 'T.B.A.', 4, 882, 3408),
(1612, 'T', 'T.B.A.', 4, 883, 3412),
(1613, 'W', 'T.B.A.', 4, 883, 3416),
(1614, 'UU', 'T.B.A.', 4, 883, 3420),
(1615, 'R', 'T.B.A.', 4, 884, 3424),
(1616, 'SS', 'T.B.A.', 4, 884, 3429),
(1617, 'V', 'T.B.A.', 4, 885, 3434),
(1618, 'X', 'T.B.A.', 4, 885, 3438),
(1619, 'UU', 'T.B.A.', 4, 885, 3442),
(1620, 'P', 'T.B.A.', 4, 886, 3446),
(1621, 'Q', 'T.B.A.', 4, 886, 3447),
(1622, 'RR', 'T.B.A.', 4, 886, 3448);

-- --------------------------------------------------------

--
-- Table structure for table `logins`
--

DROP TABLE IF EXISTS `logins`;
CREATE TABLE IF NOT EXISTS `logins` (
  `id` int(11) unsigned NOT NULL AUTO_INCREMENT,
  `student_id` int(7) unsigned DEFAULT NULL,
  `password` char(40) DEFAULT NULL,
  `first_name` varchar(20) DEFAULT NULL,
  `last_name` varchar(20) DEFAULT NULL,
  `program` enum('soft_eng','mech_eng') DEFAULT 'soft_eng',
  PRIMARY KEY (`id`)
) ENGINE=InnoDB  DEFAULT CHARSET=latin1 AUTO_INCREMENT=12 ;

--
-- Dumping data for table `logins`
--

INSERT INTO `logins` (`id`, `student_id`, `password`, `first_name`, `last_name`, `program`) VALUES
(2, 5682061, '12345678', 'Charles', 'Yang', 'soft_eng'),
(3, 5682062, '7c222fb2927d828af22f592134e8932480637c0d', 'John', 'Doe', 'soft_eng'),
(4, 5682063, '7c222fb2927d828af22f592134e8932480637c0d', 'Charles', 'JuniorI', 'soft_eng'),
(5, 5682067, '7c222fb2927d828af22f592134e8932480637c0d', 'Charles Cho', 'Hello World', 'soft_eng'),
(6, 5682070, '7c222fb2927d828af22f592134e8932480637c0d', 'Charles Cho 54', 'Hello World', 'soft_eng'),
(7, 5682073, '7c222fb2927d828af22f592134e8932480637c0d', 'Jeremy', 'Lin', 'soft_eng'),
(8, 4758383, '7c222fb2927d828af22f592134e8932480637c0d', 'Eric', 'Chan', 'soft_eng'),
(9, 6666666, '7c222fb2927d828af22f592134e8932480637c0d', 'Joh', 'Hdo', 'soft_eng'),
(10, 1111111, '7c222fb2927d828af22f592134e8932480637c0d', 'Fake', 'User', 'soft_eng'),
(11, 4444444, '7c222fb2927d828af22f592134e8932480637c0d', 'Chao ', 'Yang', 'soft_eng');

-- --------------------------------------------------------

--
-- Table structure for table `prerequisites`
--

DROP TABLE IF EXISTS `prerequisites`;
CREATE TABLE IF NOT EXISTS `prerequisites` (
  `id` int(11) NOT NULL AUTO_INCREMENT,
  `course_id` int(11) NOT NULL,
  `required_course_id` int(11) NOT NULL,
  PRIMARY KEY (`id`)
) ENGINE=InnoDB  DEFAULT CHARSET=latin1 AUTO_INCREMENT=1228 ;

--
-- Dumping data for table `prerequisites`
--

INSERT INTO `prerequisites` (`id`, `course_id`, `required_course_id`) VALUES
(1107, 790, 793),
(1108, 792, 791),
(1109, 794, 791),
(1110, 794, 793),
(1111, 795, 791),
(1112, 795, 794),
(1113, 796, 791),
(1114, 797, 800),
(1115, 798, 790),
(1116, 798, 895),
(1117, 798, 800),
(1118, 799, 794),
(1119, 800, 791),
(1120, 800, 794),
(1121, 801, 800),
(1122, 802, 800),
(1123, 802, 880),
(1124, 803, 791),
(1125, 803, 794),
(1126, 804, 797),
(1127, 804, 800),
(1128, 806, 798),
(1129, 807, 800),
(1130, 808, 800),
(1131, 809, 800),
(1132, 810, 800),
(1133, 811, 792),
(1134, 811, 883),
(1135, 812, 880),
(1136, 813, 812),
(1137, 814, 880),
(1138, 815, 793),
(1139, 816, 800),
(1140, 816, 880),
(1141, 817, 816),
(1142, 818, 816),
(1143, 818, 817),
(1144, 819, 880),
(1145, 820, 801),
(1146, 820, 802),
(1147, 820, 816),
(1148, 820, 815),
(1149, 821, 798),
(1150, 822, 798),
(1151, 823, 817),
(1152, 823, 818),
(1153, 823, 897),
(1154, 823, 901),
(1155, 865, 861),
(1156, 872, 790),
(1157, 872, 895),
(1158, 873, 798),
(1159, 874, 900),
(1160, 875, 900),
(1161, 876, 880),
(1162, 882, 878),
(1163, 883, 878),
(1164, 885, 878),
(1165, 885, 793),
(1166, 886, 880),
(1167, 886, 877),
(1168, 790, 793),
(1169, 792, 791),
(1170, 794, 791),
(1171, 794, 793),
(1172, 887, 798),
(1173, 795, 791),
(1174, 795, 794),
(1175, 797, 800),
(1176, 798, 790),
(1177, 798, 895),
(1178, 798, 800),
(1179, 799, 794),
(1180, 800, 791),
(1181, 800, 794),
(1182, 801, 800),
(1183, 802, 800),
(1184, 802, 880),
(1185, 803, 791),
(1186, 803, 794),
(1187, 888, 793),
(1188, 804, 797),
(1189, 804, 800),
(1190, 889, 798),
(1191, 890, 798),
(1192, 891, 795),
(1193, 891, 800),
(1194, 806, 798),
(1195, 892, 795),
(1196, 892, 800),
(1197, 807, 800),
(1198, 809, 800),
(1199, 893, 803),
(1200, 893, 885),
(1201, 894, 803),
(1202, 894, 885),
(1203, 812, 880),
(1204, 813, 812),
(1205, 814, 880),
(1206, 815, 793),
(1207, 896, 791),
(1208, 896, 794),
(1209, 816, 800),
(1210, 816, 880),
(1211, 897, 818),
(1212, 898, 816),
(1213, 898, 818),
(1214, 899, 817),
(1215, 900, 878),
(1216, 900, 879),
(1217, 901, 897),
(1218, 901, 899),
(1219, 902, 820),
(1220, 906, 829),
(1221, 876, 880),
(1222, 882, 878),
(1223, 883, 878),
(1224, 885, 878),
(1225, 885, 793),
(1226, 886, 880),
(1227, 886, 877);

-- --------------------------------------------------------

--
-- Table structure for table `scheduled_courses`
--

DROP TABLE IF EXISTS `scheduled_courses`;
CREATE TABLE IF NOT EXISTS `scheduled_courses` (
  `id` int(11) unsigned NOT NULL AUTO_INCREMENT,
  `schedule_id` int(11) unsigned NOT NULL,
  `course_id` int(11) unsigned NOT NULL,
  `lecture_id` int(11) unsigned NOT NULL,
  `tutorial_id` int(11) unsigned DEFAULT NULL,
  `lab_id` int(11) unsigned DEFAULT NULL,
  PRIMARY KEY (`id`)
) ENGINE=InnoDB  DEFAULT CHARSET=latin1 AUTO_INCREMENT=11 ;

-- --------------------------------------------------------

--
-- Table structure for table `schedules`
--

DROP TABLE IF EXISTS `schedules`;
CREATE TABLE IF NOT EXISTS `schedules` (
  `id` int(11) unsigned NOT NULL AUTO_INCREMENT,
  `student_id` int(11) unsigned NOT NULL,
  `season` int(11) unsigned NOT NULL,
  `year` int(11) unsigned NOT NULL,
  PRIMARY KEY (`id`)
) ENGINE=InnoDB  DEFAULT CHARSET=latin1 AUTO_INCREMENT=11 ;

-- --------------------------------------------------------

--
-- Table structure for table `time_locations`
--

DROP TABLE IF EXISTS `time_locations`;
CREATE TABLE IF NOT EXISTS `time_locations` (
  `id` int(11) NOT NULL AUTO_INCREMENT,
  `start_time` int(11) unsigned DEFAULT NULL,
  `end_time` int(11) unsigned DEFAULT NULL,
  `campus` varchar(6) DEFAULT NULL,
  `room` varchar(10) DEFAULT NULL,
  `day` set('M','T','W','J','F') DEFAULT NULL,
  PRIMARY KEY (`id`)
) ENGINE=InnoDB  DEFAULT CHARSET=latin1 AUTO_INCREMENT=3449 ;

--
-- Dumping data for table `time_locations`
--

INSERT INTO `time_locations` (`id`, `start_time`, `end_time`, `campus`, `room`, `day`) VALUES
(2862, 1745, 2015, 'SGW', 'MB-2.265', 'T'),
(2863, 2030, 2120, 'SGW', 'MB-S2.135', 'T'),
(2864, 1315, 1430, 'SGW', 'MB-S1.115', 'M,W'),
(2865, 1445, 1535, 'SGW', 'MB-S1.255', 'W'),
(2866, 1445, 1535, 'SGW', 'MB-S1.255', 'M'),
(2867, 1315, 1430, 'SGW', 'H-439', 'M,W'),
(2868, 1445, 1625, 'SGW', 'H-632', 'M'),
(2869, 1445, 1625, 'SGW', 'H-609', 'W'),
(2870, 1315, 1430, 'SGW', 'H-557', 'T,J'),
(2871, 1615, 1755, 'SGW', 'H-437', 'T'),
(2872, 1445, 1625, 'SGW', 'H-611', 'J'),
(2873, 2030, 2210, 'SGW', 'H-529', 'W'),
(2874, 1315, 1430, 'SGW', 'H-459', 'T,J'),
(2875, 1615, 1755, 'SGW', 'H-627', 'T'),
(2876, 1445, 1625, 'SGW', 'H-529', 'J'),
(2877, 1745, 2015, 'SGW', 'H-520', 'W'),
(2878, 2030, 2210, 'SGW', 'H-437', 'W'),
(2879, 2030, 2210, 'SGW', 'H-520', 'W'),
(2880, 2030, 2210, 'SGW', 'H-400', 'W'),
(2881, 1315, 1430, 'SGW', 'FG-B070', 'W,F'),
(2882, 1015, 1155, 'SGW', 'H-615', 'T'),
(2883, 1015, 1155, 'SGW', 'H-529', 'T'),
(2884, 1315, 1430, 'SGW', 'FG-B030', 'M,W'),
(2885, 1015, 1155, 'SGW', 'H-607', 'M'),
(2886, 1015, 1155, 'SGW', 'H-631', 'W'),
(2887, 845, 1025, 'SGW', 'H-633', 'F'),
(2888, 845, 1000, 'SGW', 'H-605', 'M,W'),
(2889, 845, 1025, 'SGW', 'H-632', 'F'),
(2890, 1015, 1155, 'SGW', 'H-619', 'M'),
(2891, 1015, 1155, 'SGW', 'H-619', 'W'),
(2892, 1745, 2015, 'SGW', 'H-605', 'F'),
(2893, 2030, 2210, 'SGW', 'H-632', 'F'),
(2894, 2030, 2210, 'SGW', 'H-634', 'F'),
(2895, 1745, 1925, 'SGW', 'H-427', 'M'),
(2896, 1445, 1600, 'SGW', 'MB-3.210', 'M,W'),
(2897, 1245, 1425, 'SGW', 'MB-2.265', 'M'),
(2898, 1615, 1755, 'SGW', 'MB-2.285', 'W'),
(2899, 1145, 1300, 'SGW', 'H-629', 'T,J'),
(2900, 1315, 1405, 'SGW', 'H-523', 'T'),
(2901, 1315, 1405, 'SGW', 'MB-2.285', 'J'),
(2902, 1745, 2015, 'SGW', 'H-629', 'F'),
(2903, 2030, 2120, 'SGW', 'H-537', 'T'),
(2904, 2030, 2120, 'SGW', 'H-403', 'J'),
(2905, 1015, 1130, 'SGW', 'H-540', 'M,W'),
(2906, 1145, 1335, 'SGW', 'H-605', 'M'),
(2907, 1315, 1430, 'SGW', 'H-565', 'M,W'),
(2908, 1315, 1505, 'SGW', 'MB-3.255', 'F'),
(2909, 1445, 1605, 'SGW', 'H-544', 'W'),
(2910, 1615, 1730, 'SGW', 'H-603', 'M,W'),
(2911, 1745, 1935, 'SGW', 'H-621', 'M'),
(2912, 1745, 1935, 'SGW', 'H-627', 'M'),
(2913, 1745, 2015, 'SGW', 'H-439', 'T'),
(2914, 2030, 2120, 'SGW', 'H-632', 'T'),
(2915, 2030, 2120, 'SGW', 'H-634', 'T'),
(2916, 1745, 2015, 'SGW', 'H-613', 'J'),
(2917, 2030, 2120, 'SGW', 'H-564', 'J'),
(2918, 2030, 2120, 'SGW', 'H-603', 'J'),
(2919, 845, 1000, 'SGW', 'H-561', 'M,W'),
(2920, 1015, 1105, 'SGW', 'H-439', 'M'),
(2921, 1015, 1105, 'SGW', 'H-400', 'M'),
(2922, 1745, 2015, 'SGW', 'FG-C080', 'W'),
(2923, 1445, 1535, 'SGW', 'H-603', 'T'),
(2924, 1445, 1535, 'SGW', 'MB-S2.455', 'J'),
(2925, 1145, 1300, 'SGW', 'FG-B030', 'W,F'),
(2926, 1445, 1535, 'SGW', 'H-529', 'F'),
(2927, 1145, 1235, 'SGW', 'H-529', 'M'),
(2928, 1315, 1430, 'SGW', 'H-403', 'W,F'),
(2929, 1445, 1535, 'SGW', 'MB-2.265', 'T'),
(2930, 1445, 1535, 'SGW', 'H-615', 'J'),
(2931, 1445, 1730, 'SGW', 'H-403', 'W'),
(2932, 915, 1005, 'SGW', 'MB-2.265', 'W'),
(2933, 915, 1005, 'SGW', 'MB-2.255', 'F'),
(2934, 1145, 1300, 'SGW', 'H-401', 'T,J'),
(2935, 1315, 1405, 'SGW', 'H-609', 'T'),
(2936, 1315, 1405, 'SGW', 'H-427', 'T'),
(2937, 1745, 2015, 'SGW', 'H-539', 'F'),
(2938, 2030, 2120, 'SGW', 'H-437', 'F'),
(2939, 2030, 2120, 'SGW', 'H-529', 'F'),
(2940, 1745, 2015, 'SGW', 'H-633', 'T'),
(2941, 1745, 2015, 'SGW', 'H-629', 'J'),
(2942, 1015, 1130, 'SGW', 'H-459', 'M,W'),
(2943, 1145, 1300, 'SGW', 'FG-B080', 'M,W'),
(2944, 1745, 2015, 'SGW', 'H-523', 'J'),
(2945, 1745, 2015, 'SGW', 'H-544', 'F'),
(2946, 1745, 2015, 'SGW', 'H-562', 'F'),
(2947, 1315, 1430, 'SGW', 'H-427', 'M,W'),
(2948, 0, 0, 'SGW', '', ''),
(2949, 0, 0, 'SGW', '', ''),
(2950, 0, 0, 'SGW', '', ''),
(2951, 845, 1000, 'SGW', 'H-401', 'T,J'),
(2952, 1015, 1155, 'SGW', 'H-400', 'T'),
(2953, 1815, 1955, 'SGW', 'FG-C070', 'J'),
(2954, 1015, 1130, 'SGW', 'H-501', 'W,F'),
(2955, 1145, 1235, 'SGW', 'H-537', 'F'),
(2956, 1245, 1335, 'SGW', 'H-437', 'F'),
(2957, 1145, 1300, 'SGW', 'H-423', 'W,F'),
(2958, 1545, 1635, 'SGW', 'H-621', 'F'),
(2959, 1545, 1635, 'SGW', 'H-529', 'F'),
(2960, 1315, 1430, 'SGW', 'MB-S2.115', 'W,F'),
(2961, 1445, 1535, 'SGW', 'MB-S2.135', 'F'),
(2962, 1445, 1535, 'SGW', 'MB-3.265', 'F'),
(2963, 1015, 1130, 'SGW', 'H-509', 'W,F'),
(2964, 915, 1005, 'SGW', 'H-615', 'F'),
(2965, 915, 1005, 'SGW', 'H-400', 'F'),
(2966, 1145, 1300, 'SGW', 'H-401', 'M,W'),
(2967, 1145, 1235, 'SGW', 'MB-S2.465', 'F'),
(2968, 1145, 1235, 'SGW', 'H-437', 'F'),
(2969, 1745, 2015, 'SGW', 'MB-2.265', 'W'),
(2970, 2020, 2105, 'SGW', 'MB-1.301', 'W'),
(2971, 1315, 1430, 'SGW', 'H-623', 'T,J'),
(2972, 1445, 1535, 'SGW', 'H-403', 'T'),
(2973, 1825, 2015, 'SGW', '', 'W,F'),
(2974, 1145, 1300, 'LOY', 'SP-S110', 'T,J'),
(2975, 1015, 1130, 'LOY', '', 'W,F'),
(2976, 1800, 2015, 'LOY', 'CC-320', 'W'),
(2977, 1145, 1300, 'LOY', 'HC-112', 'W,F'),
(2978, 1800, 2015, 'LOY', 'CC-321', 'J'),
(2979, 845, 1000, 'LOY', 'CC-111', 'W,F'),
(2980, 1800, 2015, 'LOY', 'CC-314', 'J'),
(2981, 1800, 2015, 'SGW', 'H-937', 'T'),
(2982, 1315, 1430, 'LOY', 'CC-301', 'W,F'),
(2983, 1445, 1600, 'LOY', 'CC-301', 'T,J'),
(2984, 845, 1130, 'LOY', 'VE-226', 'M'),
(2985, 1315, 1430, 'SGW', '', 'M,W'),
(2986, 900, 1000, 'SGW', 'H-535', 'W'),
(2987, 1445, 1600, 'SGW', '', 'M,W'),
(2988, 900, 1000, 'SGW', 'MB-3.270', 'W'),
(2989, 1015, 1130, 'SGW', '', 'M,W'),
(2990, 900, 1000, 'SGW', 'FG-C080', 'W'),
(2991, 1145, 1300, 'SGW', 'MB-1.210', 'M,W'),
(2992, 900, 1000, 'SGW', 'H-415', 'W'),
(2993, 1615, 1730, 'SGW', 'MB-5.215', 'M,W'),
(2994, 1015, 1115, 'SGW', 'FG-C070', 'W'),
(2995, 1445, 1600, 'SGW', 'H-509', 'M,W'),
(2996, 1015, 1115, 'SGW', 'FG-C070', 'W'),
(2997, 1015, 1130, 'SGW', 'MB-S1.235', 'M,W'),
(2998, 900, 1000, 'SGW', 'H-435', 'W'),
(2999, 1315, 1430, 'SGW', 'H-407', 'M,W'),
(3000, 900, 1000, 'SGW', 'H-435', 'W'),
(3001, 1145, 1300, 'SGW', '', 'T,J'),
(3002, 1015, 1115, 'SGW', 'FG-C070', 'J'),
(3003, 845, 1000, 'SGW', 'MB-1.210', 'T,J'),
(3004, 1015, 1115, 'SGW', 'H-535', 'T'),
(3005, 1445, 1600, 'SGW', 'H-937', 'T,J'),
(3006, 1015, 1115, 'SGW', 'H-535', 'J'),
(3007, 1145, 1300, 'SGW', 'H-561', 'T,J'),
(3008, 1015, 1115, 'SGW', 'H-535', 'J'),
(3009, 845, 1000, 'SGW', 'MB-S2.115', 'T,J'),
(3010, 1315, 1415, 'SGW', 'MB-S1.115', 'T'),
(3011, 1015, 1130, 'SGW', '', 'T,J'),
(3012, 1315, 1415, 'SGW', 'MB-S1.115', 'T'),
(3013, 2030, 2245, 'SGW', 'H-411', 'T'),
(3014, 1015, 1130, 'SGW', 'H-937', 'T,J'),
(3015, 1800, 2015, 'SGW', '', 'M'),
(3016, 1315, 1430, 'SGW', 'H-937', 'T,J'),
(3017, 1800, 2015, 'SGW', '', 'W'),
(3018, 1145, 1300, 'SGW', 'H-415', 'T,J'),
(3019, 1800, 2015, 'SGW', 'H-411', 'J'),
(3020, 1445, 1715, 'SGW', 'H-507', 'W'),
(3021, 1145, 1300, 'SGW', '', 'W,F'),
(3022, 1445, 1600, 'SGW', 'H-535', 'T,J'),
(3023, 1445, 1715, 'SGW', 'CI-104', 'M'),
(3024, 1315, 1600, 'SGW', 'H-401', 'T'),
(3025, 1800, 2015, 'SGW', '', 'W'),
(3026, 1315, 1600, 'SGW', 'H-401', 'J'),
(3027, 1300, 1515, 'SGW', 'EV-1.605', 'M'),
(3028, 1015, 1230, 'SGW', 'EV-1.605', 'W'),
(3029, 1445, 1600, 'SGW', 'H-920', 'M,W'),
(3030, 1800, 2045, 'LOY', 'CJ-1.114', 'W'),
(3031, 1615, 1730, 'SGW', 'H-620', 'M,W'),
(3032, 1445, 1600, 'SGW', 'H-561', 'T,J'),
(3033, 1315, 1600, 'SGW', 'FG-B040', 'F'),
(3034, 845, 1000, 'SGW', 'H-565', 'T,J'),
(3035, 845, 1100, 'SGW', 'MB-S2.455', 'T'),
(3036, 1315, 1715, 'SGW', 'VA-114', 'J'),
(3037, 1015, 1130, 'SGW', 'H-415', 'M,W'),
(3038, 1315, 1430, 'SGW', 'H-420', 'T,J'),
(3039, 1800, 2015, 'SGW', 'H-920', 'J'),
(3040, 1800, 2045, 'SGW', 'FG-B060', 'T'),
(3041, 1445, 1600, 'SGW', 'H-507', 'T,J'),
(3042, 1015, 1230, 'SGW', 'H-920', 'M'),
(3043, 845, 1000, 'SGW', 'MB-S1.430', 'T,J'),
(3044, 1015, 1300, 'SGW', 'FG-B040', 'W'),
(3045, 1015, 1300, 'SGW', 'H-403', 'W'),
(3046, 1315, 1430, 'SGW', 'FG-B040', 'M,W'),
(3047, 1445, 1730, 'SGW', 'MB-S2.210', 'M'),
(3048, 1445, 1730, 'SGW', 'MB-5.265', 'T'),
(3049, 1445, 1730, 'SGW', 'MB-3.270', 'M'),
(3050, 1145, 1430, 'SGW', 'MB-3.210', 'M'),
(3051, 1445, 1730, 'SGW', 'MB-3.270', 'T'),
(3052, 845, 1130, 'SGW', 'MB-3.270', 'F'),
(3053, 1445, 1730, 'LOY', 'HB-130', 'J'),
(3054, 1745, 2015, 'LOY', 'SP-S110', 'M'),
(3055, 1745, 2015, 'SGW', 'MB-2.270', 'J'),
(3056, 1615, 1730, 'SGW', 'FG-C080', 'M,W'),
(3057, 1145, 1300, 'SGW', 'H-557', 'T,J'),
(3058, 1615, 1730, 'SGW', 'H-420', 'M,W'),
(3059, 1445, 1535, 'SGW', 'MB-S2.135', 'W'),
(3060, 1015, 1105, 'SGW', 'H-529', 'J'),
(3061, 1745, 2015, 'SGW', 'H-521', 'J'),
(3062, 1445, 1730, 'SGW', 'H-605', 'M'),
(3063, 0, 0, 'SGW', '', ''),
(3064, 1615, 1730, 'SGW', 'H-110', 'T'),
(3065, 845, 935, 'SGW', 'H-403', 'W'),
(3066, 845, 935, 'SGW', 'H-403', 'W'),
(3067, 1615, 1705, 'SGW', 'H-459', 'W,J'),
(3068, 1615, 1705, 'SGW', 'H-459', 'W,J'),
(3069, 1615, 1730, 'SGW', 'H-110', 'J'),
(3070, 1745, 1835, 'SGW', 'H-820', 'W,J'),
(3071, 1745, 1835, 'SGW', 'H-820', 'W,J'),
(3072, 1615, 1705, 'SGW', 'H-423', 'T,W'),
(3073, 845, 935, 'SGW', 'FG-B055', 'M,W'),
(3074, 1145, 1300, 'SGW', 'H-420', 'M,W'),
(3075, 1315, 1455, 'SGW', 'H-523', 'F'),
(3076, 1315, 1455, 'SGW', 'H-537', 'F'),
(3077, 845, 1000, 'SGW', 'H-420', 'W,F'),
(3078, 820, 1000, 'SGW', 'H-537', 'M'),
(3079, 820, 1000, 'SGW', 'H-544', 'M'),
(3080, 1015, 1130, 'SGW', 'H-1070', 'T,J'),
(3081, 1315, 1455, 'SGW', 'H-564', 'M'),
(3082, 1315, 1455, 'SGW', 'H-562', 'M'),
(3083, 1145, 1300, 'SGW', 'H-920', 'W,F'),
(3084, 1415, 1555, 'SGW', 'H-562', 'F'),
(3085, 1415, 1555, 'SGW', 'H-544', 'F'),
(3086, 845, 1000, 'SGW', 'H-520', 'W,F'),
(3087, 1345, 1525, 'SGW', 'H-544', 'J'),
(3088, 1345, 1525, 'SGW', 'H-540', 'J'),
(3089, 1015, 1130, 'SGW', 'H-420', 'T,J'),
(3090, 1315, 1455, 'SGW', 'H-420', 'M'),
(3091, 1315, 1455, 'SGW', 'H-540', 'M'),
(3092, 1745, 2015, 'SGW', 'FG-B040', 'F'),
(3093, 1545, 1725, 'SGW', 'H-537', 'F'),
(3094, 1545, 1725, 'SGW', 'H-540', 'F'),
(3095, 1315, 1430, 'SGW', 'H-520', 'T,J'),
(3096, 1045, 1225, 'SGW', 'H-623', 'M'),
(3097, 1045, 1225, 'SGW', 'H-625', 'M'),
(3098, 1315, 1430, 'SGW', 'H-501', 'T,J'),
(3099, 1045, 1225, 'SGW', 'MB-2.265', 'M'),
(3100, 1045, 1225, 'SGW', 'MB-S2.455', 'M'),
(3101, 1615, 1730, 'SGW', 'H-407', 'M,W'),
(3102, 820, 1000, 'SGW', 'H-400', 'M'),
(3103, 820, 1000, 'SGW', 'H-615', 'M'),
(3104, 820, 1000, 'SGW', 'MB-1.301', 'M'),
(3105, 1445, 1600, 'SGW', 'H-407', 'M,W'),
(3106, 1615, 1755, 'SGW', 'H-529', 'W'),
(3107, 1615, 1755, 'SGW', 'H-615', 'W'),
(3108, 1615, 1755, 'SGW', 'H-400', 'W'),
(3109, 1745, 2015, 'SGW', 'FG-C080', 'T'),
(3110, 1615, 1755, 'SGW', 'H-400', 'F'),
(3111, 1615, 1755, 'SGW', 'H-615', 'F'),
(3112, 1615, 1755, 'SGW', 'H-427', 'F'),
(3113, 1615, 1730, 'SGW', 'FG-B060', 'F'),
(3114, 1615, 1730, 'SGW', 'MB-3.210', 'J'),
(3115, 1145, 1300, 'SGW', 'H-433', 'W,F'),
(3116, 1315, 1455, 'SGW', 'H-625', 'F'),
(3117, 1315, 1455, 'SGW', 'H-634', 'F'),
(3118, 845, 1000, 'SGW', 'H-521', 'T,J'),
(3119, 1445, 1625, 'SGW', 'H-537', 'W'),
(3120, 1445, 1625, 'SGW', 'H-607', 'W'),
(3121, 1315, 1430, 'SGW', 'H-531', 'T,J'),
(3122, 1145, 1235, 'SGW', 'H-540', 'M'),
(3123, 1015, 1105, 'SGW', 'H-544', 'M'),
(3124, 1615, 1705, 'SGW', 'H-564', 'J'),
(3125, 1315, 1430, 'SGW', 'H-531', 'M,W'),
(3126, 1315, 1405, 'SGW', 'H-540', 'T'),
(3127, 1315, 1405, 'SGW', 'H-562', 'J'),
(3128, 1315, 1405, 'SGW', 'H-427', 'J'),
(3129, 845, 1000, 'SGW', 'H-539', 'W,F'),
(3130, 1315, 1405, 'SGW', 'FG-B030', 'J'),
(3131, 1315, 1405, 'SGW', 'MB-S2.210', 'J'),
(3132, 1745, 2015, 'SGW', 'MB-S2.210', 'M'),
(3133, 1745, 1835, 'SGW', 'H-427', 'T'),
(3134, 1745, 1835, 'SGW', 'H-423', 'W'),
(3135, 1845, 1935, 'SGW', '', 'W'),
(3136, 1615, 1730, 'SGW', 'H-553', 'T,J'),
(3137, 1745, 1835, 'SGW', 'EV-1.162', 'T'),
(3138, 1845, 1935, 'SGW', 'EV-1.162', 'T'),
(3139, 1745, 1835, 'SGW', 'EV-3.309', 'T'),
(3140, 1845, 1935, 'SGW', 'EV-1.162', 'J'),
(3141, 1615, 1730, 'SGW', 'H-407', 'T,J'),
(3142, 1745, 1835, 'SGW', 'EV-1.162', 'J'),
(3143, 1945, 2035, 'SGW', 'EV-1.162', 'J'),
(3144, 1945, 2035, 'SGW', 'EV-1.162', 'T'),
(3145, 1945, 2035, 'SGW', 'EV-3.309', 'T'),
(3146, 1745, 2015, 'SGW', 'FG-B060', 'F'),
(3147, 1745, 1835, 'SGW', 'EV-1.162', 'M'),
(3148, 1845, 1935, 'SGW', 'EV-1.162', 'M'),
(3149, 1745, 1835, 'SGW', 'EV-3.309', 'M'),
(3150, 1845, 1935, 'SGW', 'EV-3.309', 'W'),
(3151, 1745, 2015, 'SGW', 'H-507', 'F'),
(3152, 1745, 1835, 'SGW', 'EV-1.162', 'W'),
(3153, 1845, 1935, 'SGW', 'EV-1.162', 'W'),
(3154, 1745, 1835, 'SGW', 'EV-3.309', 'W'),
(3155, 1845, 1935, 'SGW', 'EV-3.309', 'M'),
(3156, 1615, 1730, 'SGW', 'FG-B040', 'T,J'),
(3157, 1415, 1505, 'SGW', 'H-427', 'F'),
(3158, 1615, 1705, 'SGW', 'H-562', 'F'),
(3159, 1615, 1730, 'SGW', 'H-820', 'T,J'),
(3160, 1415, 1505, 'SGW', 'H-564', 'F'),
(3161, 1615, 1705, 'SGW', 'H-623', 'F'),
(3162, 845, 1115, 'SGW', 'FG-B080', 'F'),
(3163, 1615, 1730, 'SGW', 'H-459', 'M,W'),
(3164, 1745, 2015, 'SGW', 'FG-B055', 'J'),
(3165, 2030, 2300, 'SGW', '', 'J'),
(3166, 1315, 1405, 'SGW', 'MB-3.285', 'T'),
(3167, 1315, 1430, 'SGW', 'MB-5.265', 'M,W'),
(3168, 1445, 1535, 'SGW', 'MB-S2.105', 'W'),
(3169, 1445, 1535, 'SGW', 'MB-3.255', 'M'),
(3170, 1745, 2015, 'SGW', 'H-521', 'W'),
(3171, 2030, 2210, 'SGW', 'H-632', 'W'),
(3172, 2030, 2210, 'SGW', 'H-634', 'W'),
(3173, 2030, 2210, 'SGW', 'H-634', 'M'),
(3174, 1745, 2015, 'SGW', 'H-521', 'T'),
(3175, 2030, 2210, 'SGW', 'H-633', 'T'),
(3176, 2030, 2210, 'SGW', 'H-632', 'T'),
(3177, 2030, 2210, 'SGW', 'H-634', 'T'),
(3178, 1315, 1430, 'SGW', 'H-629', 'T,J'),
(3179, 1445, 1625, 'SGW', 'H-523', 'T'),
(3180, 1615, 1755, 'SGW', 'H-529', 'J'),
(3181, 1745, 2015, 'SGW', 'H-561', 'W'),
(3182, 2030, 2210, 'SGW', 'H-562', 'W'),
(3183, 2030, 2210, 'SGW', 'H-564', 'W'),
(3184, 1315, 1430, 'SGW', 'H-629', 'M,W'),
(3185, 1445, 1635, 'SGW', 'H-625', 'M'),
(3186, 1445, 1635, 'SGW', 'H-627', 'W'),
(3187, 1745, 2015, 'SGW', 'H-459', 'M'),
(3188, 1145, 1335, 'SGW', 'H-609', 'J'),
(3189, 1145, 1335, 'SGW', 'H-529', 'T'),
(3190, 1015, 1130, 'SGW', 'GN-M100', 'W,F'),
(3191, 1145, 1325, 'SGW', 'H-540', 'F'),
(3192, 1145, 1325, 'SGW', 'MB-S1.105', 'W'),
(3193, 1015, 1130, 'SGW', 'H-423', 'W,F'),
(3194, 1015, 1155, 'SGW', 'MB-S2.105', 'M'),
(3195, 1145, 1325, 'SGW', 'H-529', 'W'),
(3196, 1745, 2015, 'SGW', 'H-507', 'J'),
(3197, 2030, 2210, 'SGW', 'H-507', 'J'),
(3198, 1745, 1925, 'SGW', 'H-437', 'F'),
(3199, 1745, 2015, 'SGW', 'H-631', 'F'),
(3200, 1015, 1155, 'SGW', 'H-613', 'W'),
(3201, 1145, 1325, 'SGW', 'MB-S2.445', 'M'),
(3202, 1745, 2015, 'SGW', 'H-439', 'M'),
(3203, 2030, 2120, 'SGW', 'H-632', 'M'),
(3204, 2130, 2220, 'SGW', 'H-632', 'M'),
(3205, 1145, 1300, 'SGW', 'H-540', 'T,J'),
(3206, 1315, 1405, 'SGW', 'H-427', 'T'),
(3207, 1315, 1405, 'SGW', 'H-441', 'J'),
(3208, 1445, 1600, 'SGW', 'H-403', 'W,F'),
(3209, 1615, 1805, 'SGW', '', 'W'),
(3210, 1615, 1805, 'SGW', '', 'W'),
(3211, 1745, 2015, 'SGW', 'H-557', 'W'),
(3212, 2030, 2120, 'SGW', 'H-557', 'W'),
(3213, 2030, 2120, 'SGW', 'H-607', 'W'),
(3214, 1445, 1600, 'SGW', 'H-629', 'M,W'),
(3215, 1615, 1705, 'SGW', 'H-437', 'M'),
(3216, 1615, 1705, 'SGW', 'H-540', 'W'),
(3217, 1315, 1430, 'SGW', 'H-605', 'M,W'),
(3218, 1615, 1705, 'SGW', 'MB-2.265', 'M'),
(3219, 1615, 1705, 'SGW', 'MB-2.285', 'W'),
(3220, 1315, 1430, 'SGW', 'H-603', 'M,W'),
(3221, 1615, 1705, 'SGW', 'H-562', 'W'),
(3222, 1615, 1705, 'SGW', 'H-544', 'W'),
(3223, 1745, 2015, 'SGW', 'H-605', 'J'),
(3224, 2030, 2120, 'SGW', 'H-603', 'J'),
(3225, 2030, 2120, 'SGW', 'H-605', 'J'),
(3226, 1745, 2015, 'SGW', 'H-501', 'M'),
(3227, 1745, 1835, 'SGW', '', 'W'),
(3228, 1845, 1935, 'SGW', 'MB-S2.135', 'W'),
(3229, 1145, 1300, 'SGW', 'FG-B080', 'T,J'),
(3230, 1745, 2015, 'SGW', 'H-625', 'J'),
(3231, 1445, 1730, 'SGW', 'MB-2.255', 'J'),
(3232, 1145, 1300, 'SGW', 'H-439', 'T,J'),
(3233, 1315, 1405, 'SGW', 'H-632', 'T'),
(3234, 1315, 1405, 'SGW', 'H-562', 'J'),
(3235, 1745, 2015, 'SGW', 'H-621', 'M'),
(3236, 1315, 1430, 'SGW', 'H-501', 'M,W'),
(3237, 1445, 1600, 'SGW', 'H-564', 'T,J'),
(3238, 2030, 2125, 'SGW', '', 'T'),
(3239, 2030, 2125, 'SGW', 'H-634', 'J'),
(3240, 1745, 2015, 'SGW', 'H-439', 'W'),
(3241, 1745, 2015, 'SGW', 'H-621', 'W'),
(3242, 1445, 1600, 'SGW', 'H-427', 'T,J'),
(3243, 1315, 1430, 'SGW', 'H-562', 'M,W'),
(3244, 0, 0, 'SGW', '', ''),
(3245, 0, 0, 'SGW', '', ''),
(3246, 0, 0, 'SGW', '', ''),
(3247, 1445, 1600, 'SGW', 'H-459', 'M,W'),
(3248, 1615, 1755, 'SGW', 'H-427', 'W'),
(3249, 1615, 1755, 'SGW', 'H-403', 'W'),
(3250, 845, 1000, 'SGW', 'H-401', 'T,J'),
(3251, 1015, 1155, 'SGW', 'H-623', 'T'),
(3252, 1015, 1155, 'SGW', 'H-441', 'J'),
(3253, 1445, 1600, 'SGW', 'H-509', 'T,J'),
(3254, 1615, 1755, 'SGW', 'H-403', 'T'),
(3255, 1615, 1755, 'SGW', 'H-401', 'J'),
(3256, 1515, 1655, 'SGW', 'H-437', 'F'),
(3257, 1615, 1730, 'SGW', 'H-544', 'T,J'),
(3258, 1415, 1605, 'SGW', 'H-523', 'F'),
(3259, 845, 1000, 'SGW', 'FG-B070', 'W,F'),
(3260, 1215, 1305, 'SGW', 'H-627', 'F'),
(3261, 1315, 1405, 'SGW', 'MB-2.265', 'F'),
(3262, 1315, 1430, 'SGW', 'H-459', 'T,J'),
(3263, 1445, 1535, 'SGW', 'H-523', 'J'),
(3264, 1445, 1535, 'SGW', 'H-615', 'J'),
(3265, 1445, 1600, 'SGW', 'MB-3.430', 'M,W'),
(3266, 1615, 1705, 'SGW', '', 'W'),
(3267, 1745, 1835, 'SGW', '', 'W'),
(3268, 1015, 1130, 'SGW', 'H-633', 'W,F'),
(3269, 1145, 1235, 'SGW', 'H-523', 'F'),
(3270, 1145, 1235, 'SGW', 'H-441', 'F'),
(3271, 1145, 1300, 'SGW', 'FG-B050', 'T,J'),
(3272, 1045, 1135, 'SGW', 'FG-B055', 'T'),
(3273, 1045, 1135, 'SGW', 'FG-C070', 'J'),
(3274, 1045, 1135, 'SGW', 'H-400', 'M'),
(3275, 1615, 1755, 'SGW', 'MB-3.430', 'M'),
(3276, 1815, 1905, 'SGW', 'H-529', 'M'),
(3277, 1815, 1905, 'SGW', 'H-400', 'M'),
(3278, 1745, 2015, 'SGW', 'MB-1.301', 'W'),
(3279, 1615, 1705, 'SGW', '', 'W'),
(3280, 1445, 1600, 'LOY', 'HC-112', 'T,J'),
(3281, 845, 1000, 'LOY', 'HB-130', 'T,J'),
(3282, 1800, 2015, 'SGW', 'FG-C070', 'T'),
(3283, 1015, 1130, 'LOY', 'CC-308', 'T,J'),
(3284, 1800, 2015, 'LOY', 'CC-320', 'J'),
(3285, 1015, 1130, 'LOY', 'CC-320', 'W,F'),
(3286, 1015, 1130, 'LOY', 'CJ-1.129', 'T,J'),
(3287, 1145, 1300, 'LOY', 'CJ-1.129', 'W,F'),
(3288, 845, 1130, 'LOY', 'VE-226', 'M'),
(3289, 1145, 1300, 'SGW', 'MB-1.210', 'M,W'),
(3290, 900, 1000, 'SGW', 'H-507', 'W'),
(3291, 1615, 1730, 'SGW', 'MB-1.210', 'M,W'),
(3292, 1315, 1415, 'SGW', 'FG-B060', 'W'),
(3293, 1615, 1730, 'SGW', 'H-521', 'M,W'),
(3294, 900, 1000, 'SGW', 'H-420', 'M'),
(3295, 1315, 1430, 'SGW', 'FG-C080', 'M,W'),
(3296, 900, 1000, 'SGW', 'H-420', 'M'),
(3297, 1015, 1130, 'SGW', 'FG-C070', 'M,W'),
(3298, 1145, 1245, 'SGW', 'MB-2.430', 'M'),
(3299, 1015, 1130, 'SGW', 'MB-1.210', 'T,J'),
(3300, 900, 1000, 'SGW', 'H-407', 'T'),
(3301, 1615, 1730, 'SGW', 'MB-1.210', 'T,J'),
(3302, 1315, 1415, 'SGW', 'H-435', 'T'),
(3303, 1445, 1600, 'SGW', 'H-937', 'T,J'),
(3304, 1315, 1415, 'SGW', 'H-407', 'J'),
(3305, 1445, 1600, 'SGW', 'GN-M100', 'T,J'),
(3306, 1315, 1415, 'SGW', 'H-521', 'T'),
(3307, 1015, 1130, 'SGW', 'H-557', 'T,J'),
(3308, 1145, 1245, 'SGW', 'H-521', 'T'),
(3309, 1315, 1430, 'SGW', '', 'T,J'),
(3310, 1145, 1245, 'SGW', 'H-521', 'T'),
(3311, 1145, 1300, 'SGW', 'H-433', 'T,J'),
(3312, 1315, 1415, 'SGW', 'H-521', 'T'),
(3313, 1800, 2015, 'SGW', '', 'T'),
(3314, 1745, 2015, 'SGW', 'EV-1.162', 'M'),
(3315, 1800, 2015, 'SGW', 'H-937', 'W'),
(3316, 845, 1000, 'SGW', 'H-937', 'T,J'),
(3317, 1145, 1300, 'SGW', 'H-937', 'M,W'),
(3318, 1800, 2015, 'SGW', 'H-937', 'T'),
(3319, 1800, 2015, 'LOY', 'CC-106', 'M'),
(3320, 1315, 1430, 'SGW', 'H-507', 'T,J'),
(3321, 1315, 1545, 'SGW', 'H-920', 'W'),
(3322, 1015, 1130, 'SGW', '', 'W,F'),
(3323, 1800, 2015, 'SGW', '', 'T'),
(3324, 1015, 1130, 'SGW', '', 'W,F'),
(3325, 845, 1130, 'SGW', 'H-553', 'F'),
(3326, 845, 1130, 'SGW', 'H-553', 'W'),
(3327, 1800, 2015, 'SGW', 'H-531', 'T'),
(3328, 1315, 1600, 'SGW', 'H-403', 'J'),
(3329, 1315, 1600, 'SGW', 'H-403', 'T'),
(3330, 1800, 2015, 'SGW', '', 'W'),
(3331, 1800, 2015, 'SGW', 'EV-1.605', 'T'),
(3332, 1800, 2015, 'SGW', 'H-620', 'T'),
(3333, 1615, 1900, 'LOY', 'CJ-1.114', 'M'),
(3334, 1315, 1430, 'SGW', 'H-561', 'T,J'),
(3335, 2030, 2245, 'SGW', 'H-553', 'W'),
(3336, 1615, 1730, 'SGW', 'H-1011', 'W,F'),
(3337, 845, 1130, 'SGW', 'MB-S1.255', 'M'),
(3338, 1315, 1430, 'SGW', 'H-520', 'M,W'),
(3339, 1315, 1430, 'SGW', 'H-820', 'T,J'),
(3340, 1800, 2015, 'SGW', 'H-820', 'J'),
(3341, 845, 1000, 'SGW', 'H-620', 'T,J'),
(3342, 1800, 2015, 'SGW', 'H-820', 'W'),
(3343, 845, 1000, 'SGW', 'FG-B040', 'T,J'),
(3344, 1445, 1700, 'SGW', 'FG-B040', 'T'),
(3345, 845, 1000, 'SGW', 'H-820', 'M,W'),
(3346, 1015, 1130, 'SGW', 'H-540', 'W,F'),
(3347, 1445, 1730, 'SGW', 'MB-3.270', 'J'),
(3348, 1745, 2015, 'SGW', 'MB-3.430', 'J'),
(3349, 1445, 1730, 'SGW', 'MB-2.435', 'M'),
(3350, 1145, 1430, 'SGW', 'MB-S2.210', 'T'),
(3351, 845, 1130, 'SGW', 'MB-S2.330', 'M'),
(3352, 1145, 1430, 'SGW', 'MB-S2.330', 'T'),
(3353, 1145, 1430, 'SGW', 'MB-S2.330', 'F'),
(3354, 1445, 1730, 'LOY', 'HB-130', 'J'),
(3355, 1745, 2015, 'SGW', 'MB-3.210', 'M'),
(3356, 1145, 1300, 'SGW', 'H-435', 'T,J'),
(3357, 0, 0, 'SGW', '', ''),
(3358, 1615, 1730, 'SGW', 'H-110', 'T'),
(3359, 845, 935, 'SGW', 'H-435', 'W'),
(3360, 845, 935, 'SGW', 'H-435', 'W'),
(3361, 1615, 1705, 'SGW', 'H-411', 'W,J'),
(3362, 1615, 1705, 'SGW', 'H-411', 'W,J'),
(3363, 1615, 1730, 'SGW', 'H-110', 'J'),
(3364, 845, 935, 'SGW', 'H-507', 'W,F'),
(3365, 845, 935, 'SGW', 'H-507', 'W,F'),
(3366, 1615, 1705, 'SGW', 'H-411', 'T,W'),
(3367, 1615, 1705, 'SGW', 'H-411', 'T,W'),
(3368, 1445, 1600, 'SGW', 'H-535', 'T,J'),
(3369, 1800, 1940, 'SGW', 'H-520', 'M'),
(3370, 1745, 1925, 'SGW', 'FG-B080', 'F'),
(3371, 1445, 1600, 'SGW', 'FG-C080', 'T,J'),
(3372, 1610, 1750, 'SGW', 'H-603', 'M'),
(3373, 1745, 1925, 'SGW', 'H-627', 'F'),
(3374, 1445, 1600, 'SGW', 'MB-S2.330', 'T,J'),
(3375, 1545, 1725, 'SGW', 'H-625', 'F'),
(3376, 1545, 1725, 'SGW', 'H-623', 'F'),
(3377, 1615, 1730, 'SGW', 'H-1070', 'M,W'),
(3378, 1745, 1925, 'SGW', 'H-609', 'M'),
(3379, 1940, 2120, 'SGW', 'H-609', 'M'),
(3380, 1145, 1300, 'SGW', 'H-1070', 'T,J'),
(3381, 1415, 1555, 'SGW', 'H-621', 'F'),
(3382, 1415, 1555, 'SGW', 'H-564', 'F'),
(3383, 845, 1000, 'SGW', 'H-1070', 'W,F'),
(3384, 820, 1000, 'SGW', 'H-623', 'M'),
(3385, 1315, 1455, 'SGW', 'H-537', 'W'),
(3386, 1015, 1130, 'SGW', 'H-1070', 'W,F'),
(3387, 945, 1125, 'SGW', 'FG-B080', 'J'),
(3388, 945, 1125, 'SGW', 'H-625', 'J'),
(3389, 845, 1000, 'SGW', 'H-1070', 'T,J'),
(3390, 945, 1125, 'SGW', 'H-625', 'M'),
(3391, 1315, 1455, 'SGW', 'H-537', 'M'),
(3392, 845, 1000, 'SGW', 'H-420', 'T,J'),
(3393, 820, 1000, 'SGW', 'H-627', 'M'),
(3394, 820, 1000, 'SGW', 'H-621', 'M'),
(3395, 1015, 1130, 'SGW', 'H-420', 'W,F'),
(3396, 1415, 1555, 'SGW', 'H-540', 'F'),
(3397, 1415, 1555, 'SGW', 'H-537', 'F'),
(3398, 1445, 1600, 'SGW', 'H-507', 'T,J'),
(3399, 1615, 1755, 'SGW', 'H-615', 'F'),
(3400, 1615, 1755, 'SGW', 'H-400', 'T'),
(3401, 1615, 1755, 'SGW', 'MB-2.255', 'M'),
(3402, 1745, 2015, 'SGW', 'FG-B060', 'T'),
(3403, 1615, 1755, 'SGW', 'H-615', 'M'),
(3404, 1615, 1755, 'SGW', 'H-400', 'J'),
(3405, 1615, 1755, 'SGW', 'H-427', 'F'),
(3406, 1615, 1730, 'SGW', 'H-407', 'J'),
(3407, 1745, 1900, 'SGW', 'H-531', 'W'),
(3408, 1745, 2015, 'SGW', 'H-407', 'T'),
(3409, 945, 1125, 'SGW', 'H-634', 'W'),
(3410, 1015, 1155, 'SGW', 'H-625', 'W'),
(3411, 1015, 1155, 'SGW', 'H-623', 'W'),
(3412, 1445, 1600, 'SGW', 'H-411', 'T,J'),
(3413, 1015, 1105, 'SGW', 'H-562', 'F'),
(3414, 1015, 1105, 'SGW', 'H-544', 'F'),
(3415, 1015, 1105, 'SGW', 'MB-1.301', 'F'),
(3416, 1015, 1130, 'SGW', 'FG-B060', 'W,F'),
(3417, 845, 935, 'SGW', 'H-400', 'W'),
(3418, 845, 935, 'SGW', 'H-400', 'F'),
(3419, 845, 935, 'SGW', 'H-615', 'W'),
(3420, 1745, 2015, 'SGW', 'H-411', 'F'),
(3421, 1445, 1535, 'SGW', 'MB-3.255', 'F'),
(3422, 1445, 1535, 'SGW', 'MB-2.265', 'F'),
(3423, 1445, 1535, 'SGW', 'MB-3.265', 'M'),
(3424, 1615, 1730, 'SGW', 'H-553', 'T,J'),
(3425, 1745, 1835, 'SGW', 'EV-1.162', 'T'),
(3426, 1745, 1835, 'SGW', 'EV-3.309', 'T'),
(3427, 1845, 1935, 'SGW', 'EV-1.162', 'J'),
(3428, 1845, 1935, 'SGW', 'EV-3.309', 'J'),
(3429, 1745, 2015, 'SGW', 'FG-B060', 'M'),
(3430, 1745, 1835, 'SGW', 'EV-1.162', 'J'),
(3431, 1745, 1835, 'SGW', 'EV-3.309', 'J'),
(3432, 1845, 1935, 'SGW', 'EV-1.162', 'T'),
(3433, 1845, 1935, 'SGW', 'EV-3.309', 'T'),
(3434, 1315, 1430, 'SGW', 'MB-2.270', 'T,J'),
(3435, 1145, 1235, 'SGW', 'H-625', 'F'),
(3436, 1315, 1405, 'SGW', 'H-623', 'F'),
(3437, 1145, 1235, 'SGW', 'H-623', 'F'),
(3438, 845, 1000, 'SGW', 'FG-B060', 'W,F'),
(3439, 1315, 1405, 'SGW', 'H-621', 'F'),
(3440, 1515, 1605, 'SGW', 'H-627', 'F'),
(3441, 1315, 1405, 'SGW', 'MB-2.255', 'F'),
(3442, 1745, 2015, 'SGW', 'H-407', 'J'),
(3443, 2030, 2120, 'SGW', 'H-615', 'J'),
(3444, 2030, 2120, 'SGW', 'H-400', 'J'),
(3445, 1745, 1835, 'SGW', 'MB-S1.255', 'T'),
(3446, 1145, 1300, 'SGW', 'H-459', 'T,J'),
(3447, 1615, 1730, 'SGW', 'FG-B080', 'M,W'),
(3448, 1745, 2015, 'SGW', 'FG-B080', 'T');

-- --------------------------------------------------------

--
-- Table structure for table `tutorials`
--

DROP TABLE IF EXISTS `tutorials`;
CREATE TABLE IF NOT EXISTS `tutorials` (
  `id` int(11) NOT NULL AUTO_INCREMENT,
  `section` varchar(4) NOT NULL,
  `lecture_id` int(11) NOT NULL,
  `time_location_id` int(11) NOT NULL,
  PRIMARY KEY (`id`)
) ENGINE=InnoDB  DEFAULT CHARSET=latin1 AUTO_INCREMENT=1836 ;

--
-- Dumping data for table `tutorials`
--

INSERT INTO `tutorials` (`id`, `section`, `lecture_id`, `time_location_id`) VALUES
(1539, 'A', 1333, 2863),
(1540, 'A', 1334, 2865),
(1541, 'B', 1334, 2866),
(1542, 'A', 1335, 2868),
(1543, 'B', 1335, 2869),
(1544, 'A', 1336, 2871),
(1545, 'B', 1336, 2872),
(1546, 'C', 1336, 2873),
(1547, 'A', 1337, 2875),
(1548, 'B', 1337, 2876),
(1549, 'A', 1338, 2878),
(1550, 'B', 1338, 2879),
(1551, 'C', 1338, 2880),
(1552, 'A', 1339, 2882),
(1553, 'B', 1339, 2883),
(1554, 'A', 1340, 2885),
(1555, 'B', 1340, 2886),
(1556, 'C', 1340, 2887),
(1557, 'A', 1341, 2889),
(1558, 'B', 1341, 2890),
(1559, 'C', 1341, 2891),
(1560, 'A', 1342, 2893),
(1561, 'B', 1342, 2894),
(1562, 'C', 1342, 2895),
(1563, 'A', 1343, 2897),
(1564, 'B', 1343, 2898),
(1565, 'A', 1344, 2900),
(1566, 'B', 1344, 2901),
(1567, 'A', 1345, 2903),
(1568, 'B', 1345, 2904),
(1569, 'A', 1346, 2906),
(1570, 'A', 1347, 2908),
(1571, 'B', 1347, 2909),
(1572, 'A', 1348, 2911),
(1573, 'B', 1348, 2912),
(1574, 'A', 1349, 2914),
(1575, 'B', 1349, 2915),
(1576, 'A', 1350, 2917),
(1577, 'B', 1350, 2918),
(1578, 'A', 1351, 2920),
(1579, 'B', 1351, 2921),
(1580, 'A', 1352, 2923),
(1581, 'B', 1352, 2924),
(1582, 'A', 1353, 2926),
(1583, 'B', 1353, 2927),
(1584, 'A', 1354, 2929),
(1585, 'B', 1354, 2930),
(1586, 'A', 1355, 2932),
(1587, 'B', 1355, 2933),
(1588, 'A', 1356, 2935),
(1589, 'F', 1356, 2936),
(1590, 'A', 1357, 2938),
(1591, 'B', 1357, 2939),
(1592, 'A', 1369, 2952),
(1593, 'B', 1369, 2953),
(1594, 'A', 1370, 2955),
(1595, 'B', 1370, 2956),
(1596, 'A', 1371, 2958),
(1597, 'B', 1371, 2959),
(1598, 'A', 1372, 2961),
(1599, 'B', 1372, 2962),
(1600, 'A', 1373, 2964),
(1601, 'B', 1373, 2965),
(1602, 'A', 1374, 2967),
(1603, 'B', 1374, 2968),
(1604, 'E', 1375, 2970),
(1605, 'A', 1376, 2972),
(1606, ' ', 1389, 2986),
(1607, ' ', 1390, 2988),
(1608, ' ', 1391, 2990),
(1609, ' ', 1392, 2992),
(1610, ' ', 1393, 2994),
(1611, ' ', 1394, 2996),
(1612, ' ', 1395, 2998),
(1613, ' ', 1396, 3000),
(1614, ' ', 1397, 3002),
(1615, ' ', 1398, 3004),
(1616, ' ', 1399, 3006),
(1617, ' ', 1400, 3008),
(1618, ' ', 1401, 3010),
(1619, ' ', 1402, 3012),
(1620, 'A', 1448, 3059),
(1621, 'B', 1448, 3060),
(1622, 'A', 1452, 3065),
(1623, 'B', 1452, 3066),
(1624, 'C', 1452, 3067),
(1625, 'D', 1452, 3068),
(1626, 'A', 1453, 3070),
(1627, 'B', 1453, 3071),
(1628, 'C', 1453, 3072),
(1629, 'D', 1453, 3073),
(1630, 'A', 1454, 3075),
(1631, 'B', 1454, 3076),
(1632, 'A', 1455, 3078),
(1633, 'B', 1455, 3079),
(1634, 'A', 1456, 3081),
(1635, 'B', 1456, 3082),
(1636, 'A', 1457, 3084),
(1637, 'B', 1457, 3085),
(1638, 'A', 1458, 3087),
(1639, 'B', 1458, 3088),
(1640, 'A', 1459, 3090),
(1641, 'B', 1459, 3091),
(1642, 'E', 1460, 3093),
(1643, 'F', 1460, 3094),
(1644, 'A', 1461, 3096),
(1645, 'B', 1461, 3097),
(1646, 'A', 1462, 3099),
(1647, 'B', 1462, 3100),
(1648, 'L', 1463, 3102),
(1649, 'M', 1463, 3103),
(1650, 'N', 1463, 3104),
(1651, 'A', 1464, 3106),
(1652, 'B', 1464, 3107),
(1653, 'C', 1464, 3108),
(1654, 'N', 1465, 3110),
(1655, 'O', 1465, 3111),
(1656, 'P', 1465, 3112),
(1657, 'A', 1468, 3116),
(1658, 'B', 1468, 3117),
(1659, 'A', 1469, 3119),
(1660, 'B', 1469, 3120),
(1661, 'A', 1470, 3122),
(1662, 'B', 1470, 3123),
(1663, 'C', 1470, 3124),
(1664, 'A', 1471, 3126),
(1665, 'B', 1471, 3127),
(1666, 'C', 1471, 3128),
(1667, 'A', 1472, 3130),
(1668, 'B', 1472, 3131),
(1669, 'A', 1473, 3133),
(1670, 'B', 1473, 3134),
(1671, 'C', 1473, 3135),
(1672, 'A', 1474, 3137),
(1673, 'B', 1474, 3138),
(1674, 'C', 1474, 3139),
(1675, 'D', 1474, 3140),
(1676, 'A', 1475, 3142),
(1677, 'B', 1475, 3143),
(1678, 'C', 1475, 3144),
(1679, 'D', 1475, 3145),
(1680, 'A', 1476, 3147),
(1681, 'B', 1476, 3148),
(1682, 'C', 1476, 3149),
(1683, 'D', 1476, 3150),
(1684, 'A', 1477, 3152),
(1685, 'B', 1477, 3153),
(1686, 'C', 1477, 3154),
(1687, 'D', 1477, 3155),
(1688, 'A', 1478, 3157),
(1689, 'B', 1478, 3158),
(1690, 'A', 1479, 3160),
(1691, 'B', 1479, 3161),
(1692, 'A', 1483, 3166),
(1693, 'A', 1484, 3168),
(1694, 'B', 1484, 3169),
(1695, 'A', 1485, 3171),
(1696, 'B', 1485, 3172),
(1697, 'C', 1485, 3173),
(1698, 'A', 1486, 3175),
(1699, 'B', 1486, 3176),
(1700, 'C', 1486, 3177),
(1701, 'A', 1487, 3179),
(1702, 'B', 1487, 3180),
(1703, 'A', 1488, 3182),
(1704, 'B', 1488, 3183),
(1705, 'A', 1489, 3185),
(1706, 'B', 1489, 3186),
(1707, 'A', 1490, 3188),
(1708, 'B', 1490, 3189),
(1709, 'A', 1491, 3191),
(1710, 'B', 1491, 3192),
(1711, 'A', 1492, 3194),
(1712, 'B', 1492, 3195),
(1713, 'A', 1493, 3197),
(1714, 'B', 1493, 3198),
(1715, 'A', 1494, 3200),
(1716, 'B', 1494, 3201),
(1717, 'A', 1495, 3203),
(1718, 'B', 1495, 3204),
(1719, 'A', 1496, 3206),
(1720, 'B', 1496, 3207),
(1721, 'A', 1497, 3209),
(1722, 'B', 1497, 3210),
(1723, 'A', 1498, 3212),
(1724, 'B', 1498, 3213),
(1725, 'I', 1499, 3215),
(1726, 'J', 1499, 3216),
(1727, 'A', 1500, 3218),
(1728, 'B', 1500, 3219),
(1729, 'A', 1501, 3221),
(1730, 'B', 1501, 3222),
(1731, 'A', 1502, 3224),
(1732, 'B', 1502, 3225),
(1733, 'A', 1503, 3227),
(1734, 'B', 1503, 3228),
(1735, 'A', 1507, 3233),
(1736, 'B', 1507, 3234),
(1737, 'A', 1510, 3238),
(1738, 'B', 1510, 3239),
(1739, 'A', 1518, 3248),
(1740, 'B', 1518, 3249),
(1741, 'A', 1519, 3251),
(1742, 'B', 1519, 3252),
(1743, 'A', 1520, 3254),
(1744, 'B', 1520, 3255),
(1745, 'C', 1520, 3256),
(1746, 'A', 1521, 3258),
(1747, 'A', 1522, 3260),
(1748, 'B', 1522, 3261),
(1749, 'A', 1523, 3263),
(1750, 'B', 1523, 3264),
(1751, 'A', 1524, 3266),
(1752, 'B', 1524, 3267),
(1753, 'A', 1525, 3269),
(1754, 'B', 1525, 3270),
(1755, 'A', 1526, 3272),
(1756, 'B', 1526, 3273),
(1757, 'C', 1526, 3274),
(1758, 'A', 1527, 3276),
(1759, 'B', 1527, 3277),
(1760, 'A', 1528, 3279),
(1761, ' ', 1538, 3290),
(1762, ' ', 1539, 3292),
(1763, ' ', 1540, 3294),
(1764, ' ', 1541, 3296),
(1765, ' ', 1542, 3298),
(1766, ' ', 1543, 3300),
(1767, ' ', 1544, 3302),
(1768, ' ', 1545, 3304),
(1769, ' ', 1546, 3306),
(1770, ' ', 1547, 3308),
(1771, ' ', 1548, 3310),
(1772, ' ', 1549, 3312),
(1773, 'A', 1595, 3359),
(1774, 'B', 1595, 3360),
(1775, 'E', 1595, 3361),
(1776, 'F', 1595, 3362),
(1777, 'A', 1596, 3364),
(1778, 'B', 1596, 3365),
(1779, 'C', 1596, 3366),
(1780, 'D', 1596, 3367),
(1781, 'A', 1597, 3369),
(1782, 'B', 1597, 3370),
(1783, 'A', 1598, 3372),
(1784, 'B', 1598, 3373),
(1785, 'A', 1599, 3375),
(1786, 'B', 1599, 3376),
(1787, 'A', 1600, 3378),
(1788, 'B', 1600, 3379),
(1789, 'A', 1601, 3381),
(1790, 'B', 1601, 3382),
(1791, 'A', 1602, 3384),
(1792, 'B', 1602, 3385),
(1793, 'A', 1603, 3387),
(1794, 'B', 1603, 3388),
(1795, 'A', 1604, 3390),
(1796, 'B', 1604, 3391),
(1797, 'A', 1605, 3393),
(1798, 'B', 1605, 3394),
(1799, 'A', 1606, 3396),
(1800, 'B', 1606, 3397),
(1801, 'A', 1607, 3399),
(1802, 'B', 1607, 3400),
(1803, 'C', 1607, 3401),
(1804, 'N', 1608, 3403),
(1805, 'O', 1608, 3404),
(1806, 'P', 1608, 3405),
(1807, 'A', 1611, 3409),
(1808, 'B', 1611, 3410),
(1809, 'C', 1611, 3411),
(1810, 'A', 1612, 3413),
(1811, 'B', 1612, 3414),
(1812, 'C', 1612, 3415),
(1813, 'A', 1613, 3417),
(1814, 'B', 1613, 3418),
(1815, 'C', 1613, 3419),
(1816, 'A', 1614, 3421),
(1817, 'B', 1614, 3422),
(1818, 'C', 1614, 3423),
(1819, 'A', 1615, 3425),
(1820, 'B', 1615, 3426),
(1821, 'C', 1615, 3427),
(1822, 'D', 1615, 3428),
(1823, 'A', 1616, 3430),
(1824, 'B', 1616, 3431),
(1825, 'C', 1616, 3432),
(1826, 'D', 1616, 3433),
(1827, 'A', 1617, 3435),
(1828, 'B', 1617, 3436),
(1829, 'C', 1617, 3437),
(1830, 'A', 1618, 3439),
(1831, 'B', 1618, 3440),
(1832, 'C', 1618, 3441),
(1833, 'A', 1619, 3443),
(1834, 'B', 1619, 3444),
(1835, 'C', 1619, 3445);

/*!40101 SET CHARACTER_SET_CLIENT=@OLD_CHARACTER_SET_CLIENT */;
/*!40101 SET CHARACTER_SET_RESULTS=@OLD_CHARACTER_SET_RESULTS */;
/*!40101 SET COLLATION_CONNECTION=@OLD_COLLATION_CONNECTION */;
